client_id,client_type,first_name,last_name,date_of_birth,gender,country,region,acquisition_purpose,satisfaction_score,loan_applied,referral_channel,age,is_international,total_invested,avg_unit_price,properties_bought,total_sqft,avg_sqft,avg_price_per_sqft,is_company,is_investment,loan_flag,cluster,segment_name
C0001,Individual,Kareem,Liu,1968-05-11,F,USA,California,Home,4,Yes,Website,56,0,1246764.72,311691.18,4,3935.54,983.885,316.8,0,0,1,1,C4: Luxury / Domestic Investors
C0002,Individual,Trystan,Oconnor,1962-11-26,M,USA,California,Home,1,No,Website,62,0,1841095.93,368219.1860000001,5,5939.71,1187.942,309.96,0,0,0,3,C4: Luxury / Domestic Investors
C0003,Individual,Kale,Gay,1959-04-07,M,USA,California,Home,4,Yes,Agency,65,0,1661457.59,332291.518,5,5290.55,1058.11,314.04,0,0,1,3,C4: Luxury / Domestic Investors
C0004,Individual,Russell,Gross,1959-11-25,M,USA,California,Home,5,No,Website,65,0,1608263.51,268043.91833333333,6,5622.62,937.1033333333334,286.03,0,0,0,3,C4: Luxury / Domestic Investors
C0005,Company,Marleez,Co,1976-02-28,M,USA,California,Investment,5,No,Website,48,0,3653385.38,281029.64461538463,13,12054.85,927.296153846154,303.06,1,1,0,3,C3: Corporate Buyers
C0006,Individual,Yurem,Wright,1957-03-06,M,USA,California,Home,3,Yes,Website,67,0,1514131.06,302826.212,5,4947.95,989.59,306.01,0,0,1,3,C4: Luxury / Domestic Investors
C0007,Individual,Xavier,Faulkner,1947-05-24,M,Canada,Quebec,Investment,5,No,Website,77,1,3251147.83,295558.8936363636,11,10952.63,995.6936363636364,296.84,0,1,0,3,C3: Corporate Buyers
C0008,Individual,Kayden,Olsen,1969-10-17,F,USA,California,Home,5,No,Website,55,0,1476730.41,295346.08200000005,5,5155.53,1031.106,286.44,0,0,0,3,C4: Luxury / Domestic Investors
C0009,Individual,Joaquin,Mullins,1975-10-05,M,USA,California,Investment,5,No,Agency,49,0,1820832.35,364166.47,5,6528.22,1305.644,278.92,0,1,0,3,C4: Luxury / Domestic Investors
C0010,Individual,Nicolas,Navarro,1966-06-17,M,USA,Oregon,Investment,3,No,Agency,58,0,1732434.0,346486.8,5,5701.03,1140.206,303.88,0,1,0,3,C4: Luxury / Domestic Investors
C0011,Individual,Laci,Guerra,1956-06-17,F,USA,California,Home,2,Yes,Website,68,0,1325211.52,265042.304,5,4679.57,935.914,283.19,0,0,1,1,C4: Luxury / Domestic Investors
C0012,Company,Kylax,Co,1975-04-25,M,USA,California,Investment,5,No,Website,49,0,1599526.4,399881.6,4,5269.78,1317.445,303.53,1,1,0,3,C3: Corporate Buyers
C0013,Individual,Harley,Lucero,1962-08-10,M,USA,California,Home,1,Yes,Website,62,0,2142750.89,428550.178,5,7036.88,1407.376,304.5,0,0,1,3,C4: Luxury / Domestic Investors
C0014,Company,Esther,Co,1980-07-10,M,USA,California,Home,3,Yes,Website,44,0,1548140.0699999998,387035.0175,4,5122.17,1280.5425,302.24,1,0,1,3,C3: Corporate Buyers
C0015,Individual,Jaylynn,Hickman,1941-08-19,F,USA,California,Home,5,No,Client,83,0,1585907.37,317181.47400000005,5,5153.82,1030.764,307.71,0,0,0,0,C4: Luxury / Domestic Investors
C0016,Individual,Olivia,Oconnell,1939-09-03,F,USA,California,Investment,5,No,Website,85,0,1010217.73,252554.4325,4,3368.58,842.145,299.89,0,1,0,1,C4: Luxury / Domestic Investors
C0017,Individual,Antonio,Porter,1977-01-08,M,USA,Arizona,Home,3,No,Client,47,0,1778693.75,355738.75,5,5979.07,1195.814,297.49,0,0,0,0,C4: Luxury / Domestic Investors
C0018,Individual,Luke,Lynn,1967-02-07,M,USA,California,Home,2,Yes,Agency,57,0,1061478.67,265369.6675,4,3655.33,913.8325,290.39,0,0,1,1,C4: Luxury / Domestic Investors
C0019,Individual,Anahi,Curry,1957-09-09,M,USA,California,Home,5,Yes,Client,67,0,1773474.26,443368.565,4,5608.17,1402.0425,316.23,0,0,1,0,C4: Luxury / Domestic Investors
C0020,Individual,Camille,Sharp,1967-10-17,F,USA,California,Home,5,No,Website,57,0,1508032.25,377008.0625,4,5228.32,1307.08,288.44,0,0,0,3,C4: Luxury / Domestic Investors
C0021,Individual,Jesus,Obrien,1938-06-09,M,USA,Oregon,Investment,3,No,Website,86,0,1928172.72,321362.12,6,6173.16,1028.86,312.35,0,1,0,3,C4: Luxury / Domestic Investors
C0022,Individual,Araceli,Nelson,1966-09-14,M,Germany,Berlin,Investment,5,No,Agency,58,1,1372403.2,343100.8,4,4989.9400000000005,1247.485,275.03,0,1,0,2,C1: Global Investors
C0023,Individual,Cole,Taylor,1958-12-06,M,USA,California,Home,3,Yes,Website,66,0,1457871.69,291574.338,5,4741.9400000000005,948.388,307.44,0,0,1,3,C4: Luxury / Domestic Investors
C0024,Individual,Alonso,Terrell,1963-11-05,M,USA,California,Investment,4,No,Website,61,0,1884156.9,314026.15,6,6322.41,1053.735,298.01,0,1,0,3,C4: Luxury / Domestic Investors
C0025,Individual,Rodolfo,Gibson,1937-01-20,M,USA,Nevada,Home,2,Yes,Website,87,0,1694448.83,338889.766,5,5602.88,1120.576,302.42,0,0,1,3,C4: Luxury / Domestic Investors
C0026,Individual,Joseph,Reeves,1962-09-23,M,USA,California,Investment,5,No,Website,62,0,2932241.75,293224.175,10,10023.83,1002.383,292.53,0,1,0,3,C3: Corporate Buyers
C0027,Individual,Grant,Weber,1968-09-08,M,USA,California,Home,5,Yes,Website,56,0,1517969.44,303593.888,5,5351.17,1070.234,283.67,0,0,1,3,C4: Luxury / Domestic Investors
C0028,Individual,Ava,Phelps,1958-04-15,F,USA,California,Home,3,No,Client,66,0,1791082.79,358216.558,5,6331.83,1266.366,282.87,0,0,0,0,C4: Luxury / Domestic Investors
C0029,Individual,Kyla,Walker,1976-02-26,F,USA,Colorado,Home,4,Yes,Agency,48,0,1247795.31,311948.8275,4,3972.2,993.05,314.13,0,0,1,1,C4: Luxury / Domestic Investors
C0030,Individual,Alanna,Hess,1952-06-19,F,USA,Nevada,Home,3,No,Website,72,0,1547311.29,386827.8225,4,5117.49,1279.3725,302.36,0,0,0,3,C4: Luxury / Domestic Investors
C0031,Individual,Skylar,Buchanan,1977-12-25,M,USA,Nevada,Home,4,Yes,Website,47,0,1077148.21,215429.642,5,3386.7,677.3399999999999,318.05,0,0,1,1,C4: Luxury / Domestic Investors
C0032,Individual,Rodrigo,Robinson,1966-08-11,M,USA,California,Home,4,No,Website,58,0,1888995.16,377799.032,5,6412.64,1282.528,294.57,0,0,0,3,C4: Luxury / Domestic Investors
C0033,Individual,Lydia,Tate,1968-08-14,F,USA,California,Home,3,Yes,Website,56,0,1404998.67,351249.6675,4,5001.73,1250.4325,280.9,0,0,1,3,C4: Luxury / Domestic Investors
C0034,Individual,Lauryn,Patrick,1969-10-30,F,Belgium,Brussels,Home,2,No,Agency,55,1,1632608.66,326521.73199999996,5,5802.780000000001,1160.556,281.35,0,0,0,2,C1: Global Investors
C0035,Individual,Diego,Mendez,1965-05-12,M,Mexico,Mexico City,Home,3,No,Agency,59,1,1987876.4,397575.28,5,7228.76,1445.752,275.0,0,0,0,3,C1: Global Investors
C0036,Individual,Victor,Jensen,1973-09-01,M,USA,California,Home,4,No,Website,51,0,1173683.53,293420.8825,4,3853.3,963.325,304.59,0,0,0,1,C4: Luxury / Domestic Investors
C0037,Individual,Scarlet,Hendricks,1962-01-20,F,USA,California,Home,5,Yes,Website,62,0,1607228.75,321445.75,5,5091.84,1018.368,315.65,0,0,1,3,C4: Luxury / Domestic Investors
C0038,Individual,Janelle,Espinoza,1974-12-25,F,USA,California,Investment,4,No,Client,50,0,1175129.27,293782.3175,4,4420.49,1105.1225,265.84,0,1,0,0,C4: Luxury / Domestic Investors
C0039,Individual,Aleksandra,Karenina,1967-06-13,F,Russia,Krasnodar Krai,Home,1,No,Agency,57,1,1858527.54,464631.885,4,5462.72,1365.68,340.22,0,0,0,2,C1: Global Investors
C0040,Individual,Conner,Huff,1975-03-22,M,USA,Nevada,Home,5,No,Website,49,0,1854608.29,309101.38166666665,6,6286.8,1047.8,295.0,0,0,0,3,C4: Luxury / Domestic Investors
C0041,Individual,Zain,Horne,1967-04-13,M,USA,Arizona,Home,1,Yes,Website,57,0,1374460.79,274892.158,5,4364.19,872.838,314.94,0,0,1,3,C4: Luxury / Domestic Investors
C0042,Individual,Maia,Chandler,1975-08-12,F,USA,Utah,Home,1,Yes,Website,49,0,1101390.25,275347.5625,4,3655.37,913.8425,301.31,0,0,1,1,C4: Luxury / Domestic Investors
C0043,Individual,Jordyn,Park,1965-04-04,M,USA,Nevada,Investment,3,Yes,Website,59,0,1126492.46,281623.115,4,3934.02,983.505,286.35,0,1,1,1,C4: Luxury / Domestic Investors
C0044,Individual,Diana,Hunt,1931-02-13,F,USA,Arizona,Home,3,No,Website,93,0,1330493.26,332623.315,4,4427.47,1106.8675,300.51,0,0,0,3,C4: Luxury / Domestic Investors
C0045,Individual,Kevin,Mata,1968-10-12,M,USA,Colorado,Investment,2,No,Agency,56,0,1463432.36,292686.47199999995,5,4568.87,913.774,320.31,0,1,0,3,C4: Luxury / Domestic Investors
C0046,Individual,Brisa,Mckee,1964-09-24,F,USA,California,Home,5,No,Client,60,0,2026517.4,253314.675,8,6862.4400000000005,857.8050000000001,295.31,0,0,0,0,C3: Corporate Buyers
C0047,Individual,Mason,Gilbert,1970-07-31,M,USA,Colorado,Home,2,No,Agency,54,0,1438239.28,287647.856,5,4767.84,953.568,301.65,0,0,0,3,C4: Luxury / Domestic Investors
C0048,Individual,Derick,Li,1957-03-20,M,USA,California,Home,3,Yes,Agency,67,0,1338718.0,334679.5,4,4105.280000000001,1026.3200000000002,326.1,0,0,1,1,C4: Luxury / Domestic Investors
C0049,Individual,Jace,Riggs,1971-08-20,F,USA,California,Home,1,No,Website,53,0,1390091.2,347522.8,4,4817.47,1204.3675,288.55,0,0,0,3,C4: Luxury / Domestic Investors
C0050,Individual,Jair,Johns,1940-03-05,M,USA,California,Home,5,No,Website,84,0,2744452.35,304939.15,9,8941.58,993.5088888888888,306.93,0,0,0,3,C3: Corporate Buyers
C0051,Individual,Matilda,Madden,1941-03-03,F,USA,Colorado,Home,3,No,Agency,83,0,1270440.42,317610.105,4,4158.24,1039.56,305.52,0,0,0,1,C4: Luxury / Domestic Investors
C0052,Individual,Myla,Ewing,1967-02-03,F,USA,Oregon,Investment,2,No,Client,57,0,1474211.53,368552.8825,4,4751.7,1187.925,310.25,0,1,0,0,C4: Luxury / Domestic Investors
C0053,Individual,Miguel,Walter,1954-01-07,M,USA,Arizona,Home,4,No,Agency,70,0,1120539.44,280134.86,4,3716.98,929.245,301.47,0,0,0,1,C4: Luxury / Domestic Investors
C0054,Company,Bridger CAL,Co,1967-02-15,M,USA,Nevada,Investment,5,No,Website,57,0,2109277.6,351546.26666666666,6,6693.8,1115.6333333333334,315.11,1,1,0,3,C3: Corporate Buyers
C0055,Individual,Mara,Franco,1973-06-07,F,USA,California,Home,5,Yes,Agency,51,0,1178979.21,294744.8025,4,3959.32,989.83,297.77,0,0,1,1,C4: Luxury / Domestic Investors
C0056,Individual,Erik,Mora,1964-12-07,M,USA,Oregon,Investment,5,No,Agency,60,0,1579301.36,394825.34,4,5422.39,1355.5975,291.26,0,1,0,3,C4: Luxury / Domestic Investors
C0057,Individual,Henry,Kennedy,1933-06-08,M,USA,California,Home,4,Yes,Agency,91,0,2020519.52,404103.904,5,6720.719999999999,1344.1439999999998,300.64,0,0,1,3,C4: Luxury / Domestic Investors
C0058,Company,Kenyon,Co,1969-05-03,F,USA,California,Investment,1,Yes,Website,55,0,1441406.17,288281.234,5,4599.2,919.84,313.4,1,1,1,3,C3: Corporate Buyers
C0059,Individual,Oswaldo,Palmer,1960-06-16,M,USA,California,Home,2,No,Website,64,0,1278854.25,319713.5625,4,4409.76,1102.44,290.01,0,0,0,1,C4: Luxury / Domestic Investors
C0060,Individual,Kassidy,Vega,1972-05-07,F,USA,California,Home,5,No,Website,52,0,1355662.25,338915.5625,4,4477.87,1119.4675,302.75,0,0,0,3,C4: Luxury / Domestic Investors
C0061,Individual,Morgan,Glass,1967-05-12,M,USA,Utah,Home,5,No,Agency,57,0,1306907.58,326726.895,4,4406.48,1101.62,296.59,0,0,0,1,C4: Luxury / Domestic Investors
C0062,Individual,Tyler,Carr,1974-03-27,M,USA,California,Home,5,Yes,Client,50,0,1489333.49,297866.698,5,5299.16,1059.832,281.05,0,0,1,0,C4: Luxury / Domestic Investors
C0063,Individual,Yesenia,Marquez,1942-07-23,F,USA,Arizona,Home,4,No,Website,82,0,1625480.88,325096.176,5,5562.6900000000005,1112.538,292.21,0,0,0,3,C4: Luxury / Domestic Investors
C0064,Individual,Gordon,Brown,1974-02-10,M,UK,Northern Ireland,Investment,4,No,Agency,50,1,1448881.28,362220.32,4,4383.4,1095.85,330.54,0,1,0,2,C1: Global Investors
C0065,Individual,Rodrigo,Ramirez,1972-03-26,M,USA,California,Home,1,No,Agency,52,0,1557125.73,389281.4325,4,5046.11,1261.5275,308.58,0,0,0,3,C4: Luxury / Domestic Investors
C0066,Individual,Melanie,Holland,1974-12-25,F,USA,California,Investment,3,No,Client,50,0,1107164.17,276791.0425,4,3731.02,932.755,296.75,0,1,0,0,C4: Luxury / Domestic Investors
C0067,Individual,Enrique,Cardenas,1977-06-10,M,USA,California,Home,2,No,Website,47,0,1431941.84,286388.368,5,4259.09,851.818,336.21,0,0,0,3,C4: Luxury / Domestic Investors
C0068,Individual,Helen,Williamson,1966-02-26,F,USA,Colorado,Home,5,Yes,Agency,58,0,1572779.33,393194.8325,4,5801.17,1450.2925,271.11,0,0,1,3,C4: Luxury / Domestic Investors
C0069,Individual,Isis,Rios,1970-04-01,M,USA,California,Investment,4,No,Website,54,0,1439142.47,287828.494,5,4787.94,957.588,300.58,0,1,0,3,C4: Luxury / Domestic Investors
C0070,Individual,Kayley,Nielsen,1947-04-27,F,USA,Arizona,Home,4,Yes,Website,77,0,1521570.62,304314.124,5,5196.37,1039.274,292.81,0,0,1,3,C4: Luxury / Domestic Investors
C0071,Individual,Donavan,Flowers,1985-12-27,M,USA,California,Home,1,Yes,Client,39,0,1150384.09,230076.81800000003,5,4166.9,833.3799999999999,276.08,0,0,1,0,C2: First-Time Buyers
C0072,Individual,Augustus,Hinton,1953-02-03,M,USA,Nevada,Investment,2,No,Website,71,0,2246488.58,374414.76333333337,6,6776.95,1129.4916666666666,331.49,0,1,0,3,C4: Luxury / Domestic Investors
C0073,Individual,Alejandra,Greer,1965-01-11,F,Denmark,Capital Region,Investment,1,No,Agency,59,1,1413902.33,353475.5825,4,4776.13,1194.0325,296.04,0,1,0,2,C1: Global Investors
C0074,Individual,Violet,Nixon,1959-01-01,F,USA,Oregon,Investment,5,No,Client,65,0,1709458.65,341891.73,5,5690.22,1138.044,300.42,0,1,0,0,C4: Luxury / Domestic Investors
C0075,Individual,Jaelyn,Berger,1970-05-05,F,USA,California,Home,3,No,Website,54,0,1269395.74,317348.935,4,4193.37,1048.3425,302.71,0,0,0,1,C4: Luxury / Domestic Investors
C0076,Individual,Tristian,Fuller,1956-03-13,M,USA,California,Home,5,No,Agency,68,0,1905852.09,317642.01499999996,6,6403.68,1067.28,297.62,0,0,0,3,C4: Luxury / Domestic Investors
C0077,Individual,Christian,Costa,1980-09-14,M,USA,California,Home,5,No,Website,44,0,1880012.18,376002.436,5,5959.13,1191.826,315.48,0,0,0,3,C4: Luxury / Domestic Investors
C0078,Individual,Nora,Lynch,1948-04-23,F,USA,California,Home,5,No,Website,76,0,1685882.39,421470.5975,4,5662.52,1415.63,297.73,0,0,0,3,C4: Luxury / Domestic Investors
C0079,Individual,Dangelo,Shea,1954-02-27,M,Belgium,Brussels,Investment,4,No,Website,70,1,1456436.3,364109.075,4,4876.27,1219.0675,298.68,0,1,0,2,C1: Global Investors
C0080,Individual,Aiyana,Christensen,1949-01-16,F,USA,California,Investment,3,No,Website,75,0,1427531.56,285506.31200000003,5,4825.12,965.024,295.85,0,1,0,3,C4: Luxury / Domestic Investors
C0081,Individual,Sidney,Cline,1943-07-24,F,USA,California,Home,4,Yes,Website,81,0,1522144.26,380536.065,4,5010.98,1252.745,303.76,0,0,1,3,C4: Luxury / Domestic Investors
C0082,Individual,Kaitlin,Owen,1981-12-26,F,USA,Virginia,Investment,5,No,Client,43,0,1282267.95,256453.59,5,4421.12,884.2239999999999,290.03,0,1,0,0,C4: Luxury / Domestic Investors
C0083,Individual,Issac,Edwards,1938-10-29,M,USA,California,Home,5,No,Website,86,0,1513641.46,252273.57666666663,6,5108.37,851.395,296.31,0,0,0,3,C4: Luxury / Domestic Investors
C0084,Individual,Zaiden,Merritt,1948-02-23,M,USA,Wyoming,Home,3,No,Agency,76,0,1762231.92,352446.38399999996,5,5418.0599999999995,1083.612,325.25,0,0,0,3,C4: Luxury / Domestic Investors
C0085,Individual,Iris,Larsen,1966-09-14,M,USA,California,Home,4,Yes,Agency,58,0,1185505.46,296376.365,4,3945.58,986.395,300.46,0,0,1,1,C4: Luxury / Domestic Investors
C0086,Individual,Grace,Stein,1968-12-20,F,USA,California,Home,3,Yes,Website,56,0,1928188.61,385637.7219999999,5,6773.17,1354.634,284.68,0,0,1,3,C4: Luxury / Domestic Investors
C0087,Individual,Alessandra,Perry,1979-05-15,F,USA,California,Home,4,No,Agency,45,0,1681153.28,420288.32,4,5150.65,1287.6625,326.4,0,0,0,3,C4: Luxury / Domestic Investors
C0088,Individual,Jamal,Mueller,1936-08-13,M,USA,Oregon,Investment,2,No,Website,88,0,1450519.57,241753.2616666667,6,4721.84,786.9733333333334,307.19,0,1,0,3,C4: Luxury / Domestic Investors
C0089,Individual,Irvin,Ellis,1949-11-14,M,USA,California,Home,3,No,Agency,75,0,1041853.81,260463.4525,4,3419.16,854.79,304.71,0,0,0,1,C4: Luxury / Domestic Investors
C0090,Individual,Terry,Forbes,1982-05-27,M,USA,California,Home,5,No,Client,42,0,980850.42,196170.08399999997,5,3518.99,703.798,278.73,0,0,0,0,C4: Luxury / Domestic Investors
C0091,Individual,Jacqueline,Grant,1959-11-13,F,USA,California,Home,4,No,Website,65,0,1356644.74,339161.185,4,4646.71,1161.6775,291.96,0,0,0,3,C4: Luxury / Domestic Investors
C0092,Individual,Brock,Fischer,1971-05-29,M,USA,Kansas,Home,3,No,Website,53,0,2817926.96,352240.87,8,9744.34,1218.0425,289.19,0,0,0,3,C3: Corporate Buyers
C0093,Individual,Curtis,Howard,1962-09-11,M,USA,California,Home,2,No,Agency,62,0,1732558.38,346511.676,5,5982.33,1196.466,289.61,0,0,0,3,C4: Luxury / Domestic Investors
C0094,Individual,Avah,Huang,1948-04-23,F,USA,California,Home,5,No,Website,76,0,1062675.82,212535.164,5,3463.3199999999997,692.664,306.84,0,0,0,1,C4: Luxury / Domestic Investors
C0095,Individual,Frank,Meyer,1964-03-16,M,USA,California,Home,3,Yes,Agency,60,0,1668973.02,278162.17,6,5538.63,923.105,301.33,0,0,1,3,C4: Luxury / Domestic Investors
C0096,Individual,Darien,Dorsey,1985-12-27,M,USA,California,Investment,3,Yes,Website,39,0,1363013.17,340753.2925,4,4454.46,1113.615,305.99,0,1,1,1,C2: First-Time Buyers
C0097,Individual,Franklin,Mack,1943-06-18,M,USA,Virginia,Home,5,Yes,Website,81,0,2189906.04,312843.72000000003,7,7432.06,1061.722857142857,294.66,0,0,1,3,C3: Corporate Buyers
C0098,Individual,Elena,Petrova,1949-06-22,F,Russia,Saint Petersburg,Home,3,Yes,Agency,75,1,1131592.65,282898.1625,4,3927.82,981.955,288.1,0,0,1,2,C1: Global Investors
C0099,Individual,Jack,Hanson,1941-12-01,M,USA,California,Investment,4,No,Website,83,0,2000308.58,333384.76333333337,6,7209.530000000001,1201.5883333333334,277.45,0,1,0,3,C4: Luxury / Domestic Investors
C0100,Individual,Emmett,Estes,1969-06-05,M,USA,California,Home,3,No,Website,55,0,1449544.65,362386.1625,4,4697.76,1174.44,308.56,0,0,0,3,C4: Luxury / Domestic Investors
C0101,Individual,Aniya,Miller,1951-03-02,F,USA,Nevada,Home,3,No,Website,73,0,1125013.8,281253.45,4,3497.38,874.345,321.67,0,0,0,1,C4: Luxury / Domestic Investors
C0102,Individual,Jack,Anderson,1947-02-13,M,USA,California,Investment,5,Yes,Website,77,0,3403263.85,378140.4277777778,9,11006.18,1222.908888888889,309.21,0,1,1,3,C3: Corporate Buyers
C0103,Individual,Kael,Hurley,1973-12-15,M,USA,Colorado,Home,3,No,Website,51,0,1483838.77,296767.754,5,4824.9,964.98,307.54,0,0,0,3,C4: Luxury / Domestic Investors
C0104,Individual,Kamden,Stewart,1978-09-14,M,USA,California,Home,5,No,Website,46,0,1677155.01,335431.002,5,5451.5,1090.3,307.65,0,0,0,3,C4: Luxury / Domestic Investors
C0105,Individual,Aniyah,Ali,1959-11-03,F,USA,California,Investment,2,Yes,Website,65,0,1328084.36,265616.87200000003,5,4254.74,850.948,312.14,0,1,1,1,C4: Luxury / Domestic Investors
C0106,Individual,Simon,Bennett,1953-06-09,M,USA,Colorado,Home,4,No,Website,71,0,957679.27,239419.8175,4,3283.9300000000003,820.9825000000001,291.63,0,0,0,1,C4: Luxury / Domestic Investors
C0107,Individual,Laurel,Benitez,1959-08-06,M,USA,California,Home,4,Yes,Agency,65,0,1715058.23,343011.646,5,5513.3,1102.66,311.08,0,0,1,3,C4: Luxury / Domestic Investors
C0108,Individual,Trey,Strong,1958-12-20,M,USA,California,Home,4,No,Agency,66,0,1998798.72,333133.12,6,6625.0199999999995,1104.1699999999998,301.7,0,0,0,3,C4: Luxury / Domestic Investors
C0109,Individual,Myah,Roman,1933-05-05,F,USA,California,Investment,5,Yes,Agency,91,0,1995551.09,399110.218,5,6429.27,1285.854,310.39,0,1,1,3,C4: Luxury / Domestic Investors
C0110,Individual,Nyla,Blake,1959-06-05,F,USA,California,Investment,5,Yes,Agency,65,0,1205555.46,241111.092,5,4057.01,811.4019999999999,297.15,0,1,1,1,C4: Luxury / Domestic Investors
C0111,Individual,Kole,Shannon,1979-06-27,M,USA,Arizona,Home,2,Yes,Website,45,0,1198421.22,299605.305,4,3586.87,896.7175,334.11,0,0,1,1,C4: Luxury / Domestic Investors
C0112,Individual,Melany,Glover,1960-10-01,F,USA,California,Investment,1,Yes,Agency,64,0,1775142.2,355028.44,5,5579.93,1115.986,318.13,0,1,1,3,C4: Luxury / Domestic Investors
C0113,Individual,Arthur,Bray,1949-07-14,M,USA,Utah,Investment,4,No,Agency,75,0,1414433.46,353608.365,4,4746.86,1186.715,297.97,0,1,0,3,C4: Luxury / Domestic Investors
C0114,Individual,Kamila,Collier,1962-01-21,F,USA,California,Home,1,Yes,Website,62,0,1124004.05,281001.0125,4,3731.78,932.945,301.2,0,0,1,1,C4: Luxury / Domestic Investors
C0115,Individual,Amanda,Simon,1978-12-03,F,USA,California,Home,5,No,Agency,46,0,1757354.59,351470.918,5,5718.46,1143.692,307.31,0,0,0,3,C4: Luxury / Domestic Investors
C0116,Individual,Erika,Steward,1955-08-07,F,USA,California,Investment,4,No,Website,69,0,2484590.08,310573.76,8,8319.14,1039.8925,298.66,0,1,0,3,C3: Corporate Buyers
C0117,Individual,Jakobe,Bailey,1964-10-06,M,UK,Scotland,Investment,4,No,Agency,60,1,2884556.25,360569.53125,8,9086.29,1135.78625,317.46,0,1,0,3,C3: Corporate Buyers
C0118,Individual,Sonia,Choi,1948-11-09,F,USA,Oregon,Investment,5,No,Agency,76,0,1218377.19,304594.2975,4,4036.49,1009.1225,301.84,0,1,0,1,C4: Luxury / Domestic Investors
C0119,Individual,Erika,Gallagher,1942-07-19,F,USA,California,Home,1,Yes,Website,82,0,1603043.92,400760.98,4,5597.26,1399.315,286.4,0,0,1,3,C4: Luxury / Domestic Investors
C0120,Individual,Madeline,Michael,1953-07-30,F,USA,California,Home,4,Yes,Website,71,0,1753587.39,350717.478,5,6219.8,1243.96,281.94,0,0,1,3,C4: Luxury / Domestic Investors
C0121,Individual,Bennett,Chen,1950-07-18,M,USA,Nevada,Home,2,No,Website,74,0,1169150.31,233830.062,5,4033.44,806.688,289.86,0,0,0,1,C4: Luxury / Domestic Investors
C0122,Individual,Belinda,Hogan,1973-08-18,F,USA,California,Home,1,Yes,Agency,51,0,1412560.68,353140.17,4,4343.9,1085.975,325.18,0,0,1,3,C4: Luxury / Domestic Investors
C0123,Individual,Johanna,Fisher,1962-08-25,F,USA,California,Home,4,Yes,Website,62,0,1821348.69,364269.738,5,6153.299999999999,1230.66,296.0,0,0,1,3,C4: Luxury / Domestic Investors
C0124,Individual,Jaylen,Turner,1963-07-15,F,USA,California,Home,4,No,Agency,61,0,1613985.08,322797.016,5,5923.15,1184.63,272.49,0,0,0,3,C4: Luxury / Domestic Investors
C0125,Individual,Michael,Juarez,1976-12-25,M,USA,Colorado,Home,4,Yes,Agency,48,0,1341108.25,335277.0625,4,4594.19,1148.5475,291.91,0,0,1,1,C4: Luxury / Domestic Investors
C0126,Individual,Adriana,Shaffer,1972-07-11,F,USA,California,Investment,2,No,Agency,52,0,1319929.46,263985.892,5,4250.26,850.052,310.55,0,1,0,1,C4: Luxury / Domestic Investors
C0127,Individual,Julio,Leonard,1974-07-18,M,USA,Nevada,Home,2,Yes,Website,50,0,967474.23,241868.5575,4,3060.34,765.085,316.13,0,0,1,1,C4: Luxury / Domestic Investors
C0128,Company,Abdiel,Co,1963-05-22,M,USA,Nevada,Investment,5,Yes,Website,61,0,1639392.9500000002,327878.59,5,5270.17,1054.034,311.07,1,1,1,3,C3: Corporate Buyers
C0129,Individual,Warren,Pugh,1973-07-17,M,USA,Arizona,Investment,5,No,Website,51,0,1748372.75,437093.1875,4,5187.9400000000005,1296.985,337.01,0,1,0,3,C4: Luxury / Domestic Investors
C0130,Individual,Luis,Crane,1959-04-20,M,USA,Nevada,Home,3,Yes,Website,65,0,1488042.88,372010.72,4,4860.14,1215.035,306.17,0,0,1,3,C4: Luxury / Domestic Investors
C0131,Individual,Mohammad,Irwin,1971-12-02,M,USA,California,Home,1,No,Website,53,0,1428058.5499999998,285611.70999999996,5,4643.97,928.794,307.51,0,0,0,3,C4: Luxury / Domestic Investors
C0132,Individual,Davion,Stout,1965-07-20,M,USA,Nevada,Home,1,Yes,Agency,59,0,1203775.04,300943.76,4,4100.71,1025.1775,293.55,0,0,1,1,C4: Luxury / Domestic Investors
C0133,Individual,Logan,Simmons,1946-09-14,M,USA,California,Investment,4,No,Agency,78,0,1449799.93,362449.9825,4,4709.610000000001,1177.4025,307.84,0,1,0,3,C4: Luxury / Domestic Investors
C0134,Individual,Kaylin,Villarreal,1932-06-13,F,Russia,Novosibirsk,Investment,3,No,Website,92,1,1761669.87,352333.974,5,5478.01,1095.602,321.59,0,1,0,2,C1: Global Investors
C0135,Individual,Ruben,Melton,1939-03-05,M,USA,Utah,Investment,2,No,Agency,85,0,1221442.92,305360.73,4,4174.4400000000005,1043.61,292.6,0,1,0,1,C4: Luxury / Domestic Investors
C0136,Individual,Gianni,Fritz,1973-09-15,M,USA,California,Home,3,No,Website,51,0,1892554.72,378510.944,5,6221.37,1244.274,304.2,0,0,0,3,C4: Luxury / Domestic Investors
C0137,Individual,Emilie,Morrison,1957-10-29,F,USA,California,Home,3,Yes,Website,67,0,989750.45,247437.6125,4,3420.2799999999997,855.0699999999999,289.38,0,0,1,1,C4: Luxury / Domestic Investors
C0138,Individual,Crystal,Wyatt,1939-06-30,F,USA,Oregon,Investment,3,Yes,Website,85,0,1367824.55,273564.91000000003,5,4572.06,914.412,299.17,0,1,1,3,C4: Luxury / Domestic Investors
C0139,Individual,Annabel,Robles,1969-10-14,F,USA,California,Home,5,Yes,Website,55,0,1807366.3,361473.26,5,5683.47,1136.694,318.0,0,0,1,3,C4: Luxury / Domestic Investors
C0140,Individual,Rachel,Cross,1952-06-18,F,USA,California,Home,3,No,Website,72,0,1559561.53,311912.306,5,5208.610000000001,1041.7220000000002,299.42,0,0,0,3,C4: Luxury / Domestic Investors
C0141,Individual,Madalyn,Mercer,1986-06-21,F,USA,California,Home,5,No,Website,38,0,1765019.09,353003.818,5,5444.03,1088.806,324.21,0,0,0,3,C4: Luxury / Domestic Investors
C0142,Individual,Michelle,Cameron,1978-06-04,F,USA,Nevada,Home,3,Yes,Website,46,0,1673770.19,334754.038,5,5746.98,1149.396,291.24,0,0,1,3,C4: Luxury / Domestic Investors
C0143,Individual,Ezra,Lozano,1958-02-24,M,USA,California,Home,1,No,Website,66,0,2389960.3,298745.0375,8,8069.06,1008.6325,296.19,0,0,0,3,C3: Corporate Buyers
C0144,Individual,Ramiro,Oneill,1954-09-29,M,USA,California,Home,4,No,Agency,70,0,1897739.74,379547.948,5,6031.77,1206.354,314.62,0,0,0,3,C4: Luxury / Domestic Investors
C0145,Individual,Emely,Watts,1964-11-30,F,USA,California,Home,4,No,Website,60,0,1746571.55,349314.31,5,6486.6,1297.3200000000002,269.26,0,0,0,3,C4: Luxury / Domestic Investors
C0146,Individual,Hazel,Ayers,1963-02-01,M,USA,Colorado,Home,2,No,Website,61,0,1481536.39,370384.0975,4,4970.57,1242.6425,298.06,0,0,0,3,C4: Luxury / Domestic Investors
C0147,Individual,Cedric,Goodwin,1948-02-20,M,USA,Utah,Home,4,No,Client,76,0,1398309.27,279661.854,5,5002.35,1000.47,279.53,0,0,0,0,C4: Luxury / Domestic Investors
C0148,Individual,Dayton,Hatfield,1969-04-19,M,USA,Colorado,Investment,4,Yes,Agency,55,0,1700383.7,425095.925,4,5654.37,1413.5925,300.72,0,1,1,3,C4: Luxury / Domestic Investors
C0149,Individual,Piotr,Aleksandrov,1955-12-02,M,Russia,Krasnodar Krai,Investment,3,No,Agency,69,1,1049009.0,262252.25,4,3625.940000000001,906.485,289.31,0,1,0,2,C1: Global Investors
C0150,Individual,Memphis,Mcconnell,1968-08-25,M,USA,California,Home,2,Yes,Website,56,0,1846066.58,461516.645,4,6003.8,1500.95,307.48,0,0,1,3,C4: Luxury / Domestic Investors
C0151,Individual,Arabella,Ferrell,1976-08-17,F,USA,Oregon,Home,1,No,Agency,48,0,1589086.32,317817.264,5,5617.21,1123.442,282.9,0,0,0,3,C4: Luxury / Domestic Investors
C0152,Individual,Sincere,Hansen,1967-01-19,F,USA,California,Investment,2,Yes,Agency,57,0,2539205.93,362743.7042857143,7,8489.31,1212.7585714285713,299.11,0,1,1,3,C3: Corporate Buyers
C0153,Individual,Lara,Carrillo,1983-02-24,F,USA,California,Home,5,No,Website,41,0,1560375.26,312075.052,5,4720.16,944.032,330.58,0,0,0,3,C4: Luxury / Domestic Investors
C0154,Individual,Valentina,Simpson,1965-01-24,F,USA,California,Home,4,Yes,Agency,59,0,2142457.31,428491.462,5,6952.45,1390.49,308.16,0,0,1,3,C4: Luxury / Domestic Investors
C0155,Company,Kamd,Co,1975-08-18,M,USA,California,Investment,5,No,Agency,49,0,1622885.53,324577.106,5,5486.97,1097.394,295.77,1,1,0,3,C3: Corporate Buyers
C0156,Individual,Case,Sanchez,1966-05-26,F,USA,California,Home,5,No,Website,58,0,1344903.47,336225.8675,4,4408.42,1102.105,305.08,0,0,0,3,C4: Luxury / Domestic Investors
C0157,Individual,Van,Charles,1952-05-15,M,USA,Colorado,Home,2,Yes,Client,72,0,1060400.03,265100.0075,4,3323.07,830.7675,319.1,0,0,1,0,C4: Luxury / Domestic Investors
C0158,Individual,Emmy,Singh,1979-12-03,F,USA,Virginia,Investment,3,Yes,Agency,45,0,1439477.66,359869.415,4,4525.99,1131.4975,318.05,0,1,1,3,C4: Luxury / Domestic Investors
C0159,Individual,Colin,Campos,1942-04-14,M,USA,California,Home,3,No,Website,82,0,1596507.45,399126.8625,4,5346.93,1336.7325,298.58,0,0,0,3,C4: Luxury / Domestic Investors
C0160,Individual,Anya,Stephenson,1959-06-11,F,USA,California,Home,4,No,Website,65,0,1679716.96,335943.392,5,5720.3,1144.06,293.64,0,0,0,3,C4: Luxury / Domestic Investors
C0161,Individual,Parker,Poole,1951-11-10,M,USA,California,Home,5,No,Website,73,0,2534264.26,281584.91777777777,9,8454.73,939.4144444444444,299.75,0,0,0,3,C3: Corporate Buyers
C0162,Individual,Ivan,Bright,1953-09-15,M,USA,California,Home,4,No,Website,71,0,1135363.52,283840.88,4,3932.96,983.24,288.68,0,0,0,1,C4: Luxury / Domestic Investors
C0163,Individual,Larry,Turner,1986-03-24,M,USA,Utah,Investment,5,Yes,Agency,38,0,1506594.21,376648.5525,4,5229.28,1307.32,288.11,0,1,1,3,C2: First-Time Buyers
C0164,Individual,Matthew,Nelson,1986-09-20,M,USA,Arizona,Home,5,No,Website,38,0,1436152.54,359038.135,4,4787.19,1196.7975,300.0,0,0,0,3,C4: Luxury / Domestic Investors
C0165,Individual,Mary,Hall,1956-07-11,F,USA,California,Home,3,Yes,Website,68,0,1276849.33,425616.44333333336,3,4071.58,1357.1933333333334,313.6,0,0,1,3,C4: Luxury / Domestic Investors
C0166,Individual,Carolyn,Weaver,1984-01-24,F,USA,Arizona,Home,4,Yes,Agency,40,0,1273643.37,318410.8425,4,4101.29,1025.3225,310.55,0,0,1,1,C2: First-Time Buyers
C0167,Individual,Grace,Green,1955-02-02,F,UK,Scotland,Home,3,Yes,Website,69,1,2749577.33,392796.7614285714,7,9242.67,1320.3814285714286,297.49,0,0,1,3,C3: Corporate Buyers
C0168,Individual,Pamela,Sanders,1960-06-06,F,USA,Nevada,Home,3,No,Agency,64,0,1491785.87,372946.4675,4,5318.41,1329.6025,280.49,0,0,0,3,C4: Luxury / Domestic Investors
C0169,Individual,Terry,Turner,1990-08-13,M,USA,Ohio,Investment,5,Yes,Agency,34,0,688864.2,229621.4,3,2537.59,845.8633333333333,271.46,0,1,1,1,C2: First-Time Buyers
C0170,Individual,Jacob,Jones,1949-06-13,M,USA,California,Home,5,No,Website,75,0,1161316.17,387105.39,3,4019.24,1339.746666666667,288.94,0,0,0,1,C4: Luxury / Domestic Investors
C0171,Individual,Julie,Sanders,1991-05-05,F,USA,Washington,Investment,5,Yes,Client,33,0,1278753.71,319688.4275,4,4282.88,1070.72,298.57,0,1,1,0,C2: First-Time Buyers
C0172,Individual,Catherine,Carter,1992-09-16,F,USA,Washington,Home,1,Yes,Agency,32,0,1681471.91,420367.9775,4,6291.16,1572.79,267.28,0,0,1,3,C2: First-Time Buyers
C0173,Individual,Amber,Wilson,1976-07-20,F,USA,Arizona,Home,5,Yes,Agency,48,0,2619968.43,327496.05375,8,8596.74,1074.5925,304.76,0,0,1,3,C3: Corporate Buyers
C0174,Individual,Rachel,Harris,1982-07-06,F,USA,California,Investment,3,No,Client,42,0,865359.73,288453.24333333335,3,2609.36,869.7866666666667,331.64,0,1,0,0,C4: Luxury / Domestic Investors
C0175,Individual,Brandon,Alexander,1962-04-05,M,USA,Washington,Home,5,No,Agency,62,0,1606138.12,401534.53,4,5253.52,1313.38,305.73,0,0,0,3,C4: Luxury / Domestic Investors
C0176,Individual,Hannah,Williams,1993-06-27,F,USA,California,Home,2,No,Website,31,0,2681927.91,446987.985,6,9088.8,1514.8,295.08,0,0,0,3,C4: Luxury / Domestic Investors
C0177,Individual,Sarah,Hansen,1951-03-05,F,UK,England,Home,5,Yes,Website,73,1,2269897.21,324271.02999999997,7,8126.66,1160.9514285714286,279.31,0,0,1,3,C3: Corporate Buyers
C0178,Individual,Laura,Chavez,1952-12-23,F,USA,Virginia,Home,4,No,Agency,72,0,2665917.96,380845.42285714287,7,8994.99,1284.9985714285715,296.38,0,0,0,3,C3: Corporate Buyers
C0179,Individual,Ashley,Turner,1986-02-11,F,USA,Oregon,Investment,2,No,Website,38,0,2131372.11,266421.51375,8,7580.360000000001,947.545,281.17,0,1,0,3,C3: Corporate Buyers
C0180,Individual,Jacob,Wilson,1943-01-28,M,USA,California,Home,2,Yes,Agency,81,0,2660292.37,380041.76714285713,7,8746.57,1249.51,304.15,0,0,1,3,C3: Corporate Buyers
C0181,Individual,Lawrence,Peterson,1970-04-26,M,USA,Texas,Home,2,Yes,Website,54,0,2047189.62,292455.66000000003,7,6819.24,974.1771428571428,300.21,0,0,1,3,C3: Corporate Buyers
C0182,Individual,Virginia,Bennett,1971-12-02,F,Germany,North Rhine-Westphalia,Investment,1,Yes,Website,53,1,3082362.35,385295.29375,8,9975.57,1246.94625,308.99,0,1,1,3,C3: Corporate Buyers
C0183,Individual,Nicholas,Green,1988-09-15,M,USA,Nevada,Home,3,No,Website,36,0,1883106.92,269015.27428571426,7,6349.73,907.1042857142857,296.56,0,0,0,3,C3: Corporate Buyers
C0184,Individual,Peter,Pierce,1994-01-21,M,USA,Florida,Home,1,No,Website,30,0,2618938.16,436489.69333333336,6,8890.29,1481.715,294.58,0,0,0,3,C4: Luxury / Domestic Investors
C0185,Individual,Andrea,Nelson,1945-07-02,F,USA,Nevada,Home,4,Yes,Agency,79,0,2491911.81,355987.40142857144,7,7961.06,1137.2942857142857,313.01,0,0,1,3,C3: Corporate Buyers
C0186,Individual,Carol,Green,1982-04-02,F,USA,Virginia,Home,1,No,Website,42,0,2674286.63,334285.82875,8,8802.17,1100.27125,303.82,0,0,0,3,C3: Corporate Buyers
C0187,Individual,Cheryl,Kim,1990-01-17,F,USA,Florida,Home,1,No,Website,34,0,2066651.14,344441.8566666667,6,6812.219999999999,1135.37,303.37,0,0,0,3,C4: Luxury / Domestic Investors
C0188,Individual,Jose,Martin,1940-10-08,M,USA,Oregon,Home,5,Yes,Website,84,0,2891447.6,413063.9428571429,7,8847.74,1263.962857142857,326.8,0,0,1,3,C3: Corporate Buyers
C0189,Individual,Anna,Adams,1958-12-11,F,USA,California,Home,2,No,Agency,66,0,2209659.42,315665.6314285714,7,7172.8,1024.6857142857143,308.06,0,0,0,3,C3: Corporate Buyers
C0190,Individual,Karen,Johnson,1971-10-19,F,USA,California,Home,2,No,Website,53,0,2276701.17,325243.02428571426,7,7344.08,1049.1542857142856,310.0,0,0,0,3,C3: Corporate Buyers
C0191,Individual,Sarah,Turner,1977-05-06,F,USA,Florida,Home,3,No,Agency,47,0,2172926.76,271615.84500000003,8,7310.81,913.85125,297.22,0,0,0,3,C3: Corporate Buyers
C0192,Individual,Margaret,Moore,1984-02-04,F,Belgium,Brussels,Investment,2,Yes,Website,40,1,2900509.0999999996,414358.4428571428,7,9133.05,1304.7214285714288,317.58,0,1,1,3,C3: Corporate Buyers
C0193,Individual,Sharon,Campbell,1968-08-09,F,USA,California,Investment,4,Yes,Website,56,0,1933778.24,276254.03428571427,7,6739.05,962.7214285714286,286.95,0,1,1,3,C3: Corporate Buyers
C0194,Individual,Jonathan,Hall,1953-08-18,M,France,Ile-de-France,Home,5,Yes,Website,71,1,2759372.27,394196.03857142857,7,8661.05,1237.292857142857,318.6,0,0,1,3,C3: Corporate Buyers
C0195,Individual,Sean,Jones,1947-06-19,M,USA,California,Home,2,Yes,Website,77,0,2102233.85,300319.12142857147,7,7204.9,1029.2714285714285,291.78,0,0,1,3,C3: Corporate Buyers
C0196,Individual,Alexander,Adams,1957-04-22,M,USA,Nevada,Investment,5,No,Agency,67,0,2611736.44,435289.4066666667,6,8471.68,1411.9466666666667,308.29,0,1,0,3,C4: Luxury / Domestic Investors
C0197,Individual,Kevin,Wright,1944-07-01,M,USA,Virginia,Home,4,No,Client,80,0,2775768.6,346971.075,8,8662.96,1082.87,320.42,0,0,0,3,C3: Corporate Buyers
C0198,Individual,Michelle,White,1976-01-28,F,USA,California,Home,4,No,Website,48,0,2399689.67,299961.20875,8,7980.38,997.5475,300.7,0,0,0,3,C3: Corporate Buyers
C0199,Individual,Ryan,Brown,1958-04-13,M,USA,California,Home,3,No,Agency,66,0,2582959.87,368994.26714285713,7,8139.17,1162.7385714285715,317.35,0,0,0,3,C3: Corporate Buyers
C0200,Individual,Linda,Harris,1944-05-06,F,USA,California,Home,1,No,Agency,80,0,1071359.39,267839.84750000003,4,3682.83,920.7075,290.91,0,0,0,1,C4: Luxury / Domestic Investors
C0201,Individual,Lauren,Weaver,1968-02-13,F,USA,California,Home,1,No,Agency,56,0,1298787.54,324696.885,4,4589.74,1147.435,282.98,0,0,0,1,C4: Luxury / Domestic Investors
C0202,Individual,Jack,Reyes,1996-11-11,M,Canada,British Columbia,Home,1,No,Website,28,1,1019272.59,339757.53,3,3148.14,1049.38,323.77,0,0,0,2,C1: Global Investors
C0203,Individual,Christine,Brooks,1956-05-18,F,USA,California,Home,4,No,Client,68,0,1242478.83,310619.7075,4,3664.15,916.0375,339.09,0,0,0,0,C4: Luxury / Domestic Investors
C0204,Individual,Joyce,Pierce,1947-01-10,F,USA,California,Home,5,No,Agency,77,0,934432.98,311477.66,3,3128.18,1042.7266666666667,298.71,0,0,0,1,C4: Luxury / Domestic Investors
C0205,Individual,Kelly,Nelson,1968-08-26,F,Mexico,Puebla,Home,1,Yes,Agency,56,1,949224.48,316408.16,3,3218.1800000000003,1072.7266666666667,294.96,0,0,1,2,C1: Global Investors
C0206,Individual,Nancy,Roberts,1957-05-08,F,USA,California,Home,1,Yes,Agency,67,0,853060.9299999999,284353.6433333333,3,2554.28,851.4266666666667,333.97,0,0,1,1,C4: Luxury / Domestic Investors
C0207,Individual,Kyle,Gray,1944-11-19,M,USA,Virginia,Investment,4,No,Website,80,0,889948.76,296649.58666666667,3,3313.5299999999997,1104.51,268.58,0,1,0,1,C4: Luxury / Domestic Investors
C0208,Individual,Mark,James,1986-03-26,M,France,Provence,Home,4,Yes,Agency,38,1,1199654.38,299913.595,4,3989.64,997.41,300.69,0,0,1,2,C1: Global Investors
C0209,Individual,Kyle,Moore,1949-08-22,M,USA,Arizona,Investment,3,No,Agency,75,0,979868.13,244967.0325,4,3176.51,794.1275,308.47,0,1,0,1,C4: Luxury / Domestic Investors
C0210,Individual,Janice,Price,1943-03-24,F,USA,Colorado,Home,2,No,Website,81,0,1346156.55,336539.1375,4,4542.12,1135.53,296.37,0,0,0,3,C4: Luxury / Domestic Investors
C0211,Individual,Amy,Evans,1972-02-23,F,USA,California,Home,3,No,Agency,52,0,1254240.07,313560.0175,4,4213.08,1053.27,297.7,0,0,0,1,C4: Luxury / Domestic Investors
C0212,Individual,Jacob,Wood,1956-03-23,M,USA,California,Home,4,No,Agency,68,0,1068278.76,356092.92,3,3674.04,1224.68,290.76,0,0,0,1,C4: Luxury / Domestic Investors
C0213,Individual,Jason,Gray,1976-10-23,M,USA,Florida,Investment,5,No,Agency,48,0,809691.13,269897.04333333333,3,2691.9300000000003,897.3100000000001,300.78,0,1,0,1,C4: Luxury / Domestic Investors
C0214,Individual,Helen,Wood,1946-07-18,F,Belgium,Brussels,Investment,5,No,Website,78,1,1070534.64,356844.88000000006,3,3538.5699999999997,1179.5233333333333,302.53,0,1,0,2,C1: Global Investors
C0215,Individual,Lauren,Foster,1999-07-11,F,Germany,Hamburg,Investment,4,No,Website,25,1,1032856.46,344285.48666666663,3,3330.81,1110.27,310.09,0,1,0,2,C1: Global Investors
C0216,Individual,Albert,Hansen,1999-07-19,M,USA,Utah,Home,1,No,Website,25,0,1352642.34,338160.58499999996,4,4252.16,1063.04,318.11,0,0,0,1,C4: Luxury / Domestic Investors
C0217,Individual,Deborah,Miller,1984-07-11,F,USA,Colorado,Home,3,No,Website,40,0,1238434.91,309608.7275,4,4076.49,1019.1225,303.8,0,0,0,1,C4: Luxury / Domestic Investors
C0218,Individual,Shirley,Anderson,1970-01-24,F,USA,California,Home,2,No,Website,54,0,836639.27,278879.75666666665,3,2741.01,913.67,305.23,0,0,0,1,C4: Luxury / Domestic Investors
C0219,Individual,William,Turner,1988-01-20,M,USA,California,Home,4,No,Website,36,0,1267653.57,316913.3925,4,4140.77,1035.1925,306.14,0,0,0,1,C4: Luxury / Domestic Investors
C0220,Individual,Walter,Phillips,1951-06-06,M,Canada,Ontario,Investment,1,No,Website,73,1,1060812.68,353604.2266666666,3,3304.65,1101.55,321.01,0,1,0,2,C1: Global Investors
C0221,Company,Atlas,Co,1987-05-14,F,USA,California,Home,5,No,Website,37,0,1377133.6,344283.39999999997,4,4746.09,1186.5225,290.16,1,0,0,3,C3: Corporate Buyers
C0222,Individual,Christopher,Stone,1956-11-08,M,USA,Utah,Investment,3,No,Agency,68,0,1223560.82,407853.6066666667,3,4552.41,1517.47,268.77,0,1,0,1,C4: Luxury / Domestic Investors
C0223,Individual,Patrick,Hansen,1973-11-12,M,USA,Colorado,Investment,3,Yes,Website,51,0,969341.87,242335.4675,4,3350.09,837.5225,289.35,0,1,1,1,C4: Luxury / Domestic Investors
C0224,Individual,Nathan,Richardson,1960-08-23,M,USA,Colorado,Home,5,No,Website,64,0,1189255.63,396418.5433333333,3,3990.65,1330.2166666666667,298.01,0,0,0,1,C4: Luxury / Domestic Investors
C0225,Individual,Evelyn,Reyes,1948-12-19,F,USA,California,Home,1,Yes,Agency,76,0,1120626.94,280156.735,4,3623.01,905.7525,309.31,0,0,1,1,C4: Luxury / Domestic Investors
C0226,Individual,Julia,Jordan,1958-07-11,F,USA,Colorado,Home,2,No,Website,66,0,1571251.03,523750.3433333333,3,4798.03,1599.3433333333332,327.48,0,0,0,3,C4: Luxury / Domestic Investors
C0227,Individual,Rachel,Evans,1944-10-23,F,USA,Arizona,Home,5,Yes,Website,80,0,942245.37,314081.79,3,3313.53,1104.51,284.36,0,0,1,1,C4: Luxury / Domestic Investors
C0228,Individual,Hannah,Owens,1952-04-23,F,USA,Oregon,Investment,4,No,Website,72,0,606605.72,202201.90666666665,3,1831.86,610.62,331.14,0,1,0,1,C4: Luxury / Domestic Investors
C0229,Individual,Jose,Turner,1981-11-19,M,USA,Colorado,Investment,5,No,Website,43,0,892220.13,297406.71,3,2701.38,900.46,330.28,0,1,0,1,C4: Luxury / Domestic Investors
C0230,Company,Forsyte,Co,1977-07-22,M,USA,Nevada,Investment,4,Yes,Website,47,0,1457429.02,364357.255,4,4417.17,1104.2925,329.95,1,1,1,3,C3: Corporate Buyers
C0231,Individual,Ronald,Rogers,1993-12-18,M,Denmark,Central Denmark,Investment,2,Yes,Website,31,1,729893.08,243297.69333333333,3,2548.91,849.6366666666667,286.35,0,1,1,2,C1: Global Investors
C0232,Individual,Megan,Kim,1962-05-04,F,USA,California,Home,3,Yes,Website,62,0,1276710.4900000002,319177.62250000006,4,4146.61,1036.6525,307.89,0,0,1,1,C4: Luxury / Domestic Investors
C0233,Individual,Larry,Garcia,1997-09-10,M,France,Provence,Home,4,Yes,Website,27,1,1105806.54,276451.635,4,3657.25,914.3125,302.36,0,0,1,2,C1: Global Investors
C0234,Individual,Andrea,Hughes,1979-03-02,F,USA,New York,Home,1,Yes,Website,45,0,839967.04,279989.01333333337,3,2919.27,973.09,287.73,0,0,1,1,C4: Luxury / Domestic Investors
C0235,Individual,Kenneth,Allen,1949-10-10,M,USA,California,Home,5,No,Website,75,0,1268586.58,317146.645,4,4368.34,1092.085,290.4,0,0,0,1,C4: Luxury / Domestic Investors
C0236,Individual,Gerald,Howard,1972-08-10,M,Canada,Manitoba,Home,3,No,Agency,52,1,1321475.69,440491.89666666667,3,4348.5,1449.5,303.89,0,0,0,2,C1: Global Investors
C0237,Individual,Jason,Nelson,1984-11-03,M,USA,California,Home,5,Yes,Website,40,0,1392353.31,464117.77,3,4890.41,1630.1366666666663,284.71,0,0,1,3,C2: First-Time Buyers
C0238,Individual,Amber,Patterson,1982-01-08,F,USA,Virginia,Home,4,Yes,Agency,42,0,1125732.72,375244.24,3,3375.51,1125.17,333.5,0,0,1,1,C2: First-Time Buyers
C0239,Individual,Megan,Baker,1973-02-18,F,USA,Oregon,Home,3,Yes,Website,51,0,1352763.67,338190.9175,4,4046.32,1011.58,334.32,0,0,1,3,C4: Luxury / Domestic Investors
C0240,Individual,Amber,Morales,1942-05-15,F,USA,Colorado,Investment,3,No,Website,82,0,935028.28,311676.0933333333,3,3068.01,1022.67,304.77,0,1,0,1,C4: Luxury / Domestic Investors
C0241,Individual,Kelly,Anderson,1962-01-14,F,Mexico,Nuevo Leon,Home,5,Yes,Website,62,1,1025934.71,341978.23666666663,3,3330.81,1110.27,308.01,0,0,1,2,C1: Global Investors
C0242,Individual,Stephen,Peterson,1998-03-16,M,USA,Utah,Home,3,Yes,Agency,26,0,1358315.73,339578.9325,4,4764.41,1191.1025,285.1,0,0,1,1,C2: First-Time Buyers
C0243,Individual,Nancy,Patterson,1978-07-11,F,USA,Utah,Home,2,No,Website,46,0,1382777.89,345694.47250000003,4,5145.09,1286.2725,268.76,0,0,0,3,C4: Luxury / Domestic Investors
C0244,Individual,Joyce,Pierce,1998-08-03,F,USA,California,Home,1,No,Website,26,0,1046652.28,348884.0933333333,3,3285.1000000000004,1095.0333333333335,318.61,0,0,0,1,C4: Luxury / Domestic Investors
C0245,Individual,Sean,Long,1974-01-07,M,USA,Nevada,Investment,4,No,Agency,50,0,1354584.5,451528.1666666667,3,4317.77,1439.256666666667,313.72,0,1,0,3,C4: Luxury / Domestic Investors
C0246,Individual,Stephen,Pierce,1992-05-15,M,France,Normandy,Home,1,Yes,Agency,32,1,1024485.26,341495.08666666667,3,3353.8199999999997,1117.9399999999998,305.47,0,0,1,2,C1: Global Investors
C0247,Individual,Kevin,Morris,1965-01-18,M,USA,California,Home,1,No,Website,59,0,1696540.52,424135.13,4,5835.72,1458.93,290.72,0,0,0,3,C4: Luxury / Domestic Investors
C0248,Individual,Carl,Collins,1968-12-09,M,USA,Florida,Home,4,Yes,Agency,56,0,1035934.63,345311.54333333333,3,3674.04,1224.68,281.96,0,0,1,1,C4: Luxury / Domestic Investors
C0249,Individual,Stephanie,Montgomery,1968-12-05,F,USA,California,Investment,4,No,Agency,56,0,1142995.52,285748.88,4,4109.299999999999,1027.3249999999998,278.15,0,1,0,1,C4: Luxury / Domestic Investors
C0250,Individual,Justin,Stewart,1947-10-19,M,UK,England,Home,2,No,Agency,77,1,982306.66,327435.55333333334,3,3230.07,1076.69,304.11,0,0,0,2,C1: Global Investors
C0251,Individual,Janice,Chavez,1976-08-11,F,USA,Utah,Home,5,No,Website,48,0,463611.95,154537.31666666668,3,1692.03,564.01,274.0,0,0,0,1,C4: Luxury / Domestic Investors
C0252,Individual,Elizabeth,Rogers,1953-08-23,F,USA,Nevada,Investment,2,No,Website,71,0,1082221.48,360740.49333333335,3,3628.92,1209.64,298.22,0,1,0,1,C4: Luxury / Domestic Investors
C0253,Individual,Betty,Hughes,1994-09-15,F,USA,Virginia,Home,4,No,Website,30,0,1239226.11,309806.5275,4,4211.33,1052.8325,294.26,0,0,0,1,C4: Luxury / Domestic Investors
C0254,Individual,Rachel,Freeman,1956-07-21,F,USA,Florida,Home,5,No,Website,68,0,1332152.57,333038.1425,4,4385.49,1096.3725,303.76,0,0,0,3,C4: Luxury / Domestic Investors
C0255,Individual,Sara,Jones,1961-02-08,F,UK,England,Investment,3,Yes,Client,63,1,1689083.06,422270.765,4,5013.23,1253.3075,336.93,0,1,1,0,C1: Global Investors
C0256,Individual,Anthony,Hughes,1990-12-10,M,USA,California,Home,1,Yes,Website,34,0,1150229.15,383409.7166666666,3,3843.95,1281.3166666666666,299.23,0,0,1,1,C2: First-Time Buyers
C0257,Individual,Nicholas,Kim,1974-10-22,M,USA,California,Home,1,No,Website,50,0,1145456.23,381818.74333333335,3,3833.52,1277.84,298.8,0,0,0,1,C4: Luxury / Domestic Investors
C0258,Individual,Carl,Murray,1991-04-15,M,UK,Northern Ireland,Home,4,Yes,Agency,33,1,1001712.37,333904.12333333335,3,3519.55,1173.1833333333334,284.61,0,0,1,2,C1: Global Investors
C0259,Individual,Emma,Chavez,1990-02-15,F,USA,Oregon,Home,4,No,Website,34,0,779396.4099999999,259798.80333333332,3,2528.04,842.68,308.3,0,0,0,1,C4: Luxury / Domestic Investors
C0260,Individual,Rebecca,Wood,1946-08-04,F,USA,Nevada,Investment,3,No,Website,78,0,1057192.79,264298.1975,4,3283.69,820.9225,321.95,0,1,0,1,C4: Luxury / Domestic Investors
C0261,Company,Celera,Co,1985-05-13,F,USA,Florida,Investment,4,Yes,Website,39,0,2094623.1,523655.775,4,6705.53,1676.3825,312.37,1,1,1,3,C3: Corporate Buyers
C0262,Individual,Billy,Bryant,1947-05-25,M,USA,Oregon,Home,2,No,Website,77,0,1233260.4,411086.8,3,4077.72,1359.24,302.44,0,0,0,3,C4: Luxury / Domestic Investors
C0263,Individual,Anthony,Garcia,1981-08-02,M,USA,Nevada,Investment,2,Yes,Website,43,0,969140.41,323046.80333333334,3,3050.29,1016.7633333333332,317.72,0,1,1,1,C2: First-Time Buyers
C0264,Individual,Melissa,Baker,1992-09-12,F,USA,Colorado,Home,2,Yes,Agency,32,0,1127766.02,281941.505,4,3888.98,972.245,289.99,0,0,1,1,C2: First-Time Buyers
C0265,Company,Celera,Co,1967-04-13,M,Belgium,Flanders,Home,1,No,Website,57,1,1708031.99,427007.9975,4,5172.29,1293.0725,330.23,1,0,0,2,C3: Corporate Buyers
C0266,Individual,Aaron,Owens,1977-02-26,M,USA,California,Home,5,Yes,Agency,47,0,931646.38,310548.79333333333,3,3236.3599999999997,1078.7866666666666,287.87,0,0,1,1,C4: Luxury / Domestic Investors
C0267,Individual,Judy,Howard,1948-11-12,F,USA,Utah,Home,4,Yes,Agency,76,0,1314495.01,328623.7525,4,4384.48,1096.12,299.81,0,0,1,1,C4: Luxury / Domestic Investors
C0268,Individual,Danielle,Carter,1959-02-21,F,USA,Georgia,Investment,3,No,Website,65,0,1108939.86,277234.96499999997,4,3601.56,900.39,307.91,0,1,0,1,C4: Luxury / Domestic Investors
C0269,Individual,David,Stewart,1969-02-04,M,USA,New York,Home,2,No,Agency,55,0,1049110.08,349703.36000000004,3,3230.07,1076.69,324.79,0,0,0,1,C4: Luxury / Domestic Investors
C0270,Individual,Megan,Allen,1944-07-21,F,USA,Florida,Home,5,No,Website,80,0,924009.9,308003.3,3,2950.28,983.4266666666668,313.19,0,0,0,1,C4: Luxury / Domestic Investors
C0271,Individual,Laura,Hughes,1972-04-28,F,USA,California,Investment,3,No,Agency,52,0,1295689.37,323922.3425,4,4097.35,1024.3375,316.23,0,1,0,1,C4: Luxury / Domestic Investors
C0272,Individual,Pamela,Green,1993-08-03,F,UK,Scotland,Home,5,Yes,Website,31,1,1439584.37,359896.0925,4,4994.32,1248.58,288.24,0,0,1,2,C1: Global Investors
C0273,Individual,Paul,Morales,1987-02-27,M,Denmark,Zealand,Investment,2,No,Website,37,1,682452.64,227484.21333333335,3,2404.38,801.46,283.84,0,1,0,2,C1: Global Investors
C0274,Individual,Raymond,Young,1950-10-01,M,USA,Florida,Home,2,No,Website,74,0,1343449.34,447816.4466666667,3,4403.67,1467.89,305.07,0,0,0,3,C4: Luxury / Domestic Investors
C0275,Individual,William,Thompson,2000-06-26,M,USA,Oregon,Home,1,Yes,Website,24,0,1237500.3,309375.075,4,4709.35,1177.3375,262.78,0,0,1,1,C2: First-Time Buyers
C0276,Individual,Gloria,Harris,1953-02-16,F,USA,Washington,Home,5,No,Website,71,0,1011195.98,337065.32666666666,3,3494.9300000000003,1164.9766666666667,289.33,0,0,0,1,C4: Luxury / Domestic Investors
C0277,Individual,Jordan,Garcia,1954-11-17,M,USA,Colorado,Investment,1,Yes,Agency,70,0,1123449.53,374483.1766666667,3,3859.28,1286.4266666666667,291.1,0,1,1,1,C4: Luxury / Domestic Investors
C0278,Individual,Margaret,Foster,1955-08-03,F,USA,California,Investment,2,Yes,Website,69,0,1442538.67,480846.2233333333,3,5055.83,1685.2766666666666,285.32,0,1,1,3,C4: Luxury / Domestic Investors
C0279,Individual,Heather,Montgomery,1967-05-15,F,USA,Oregon,Home,1,No,Website,57,0,1012986.25,337662.0833333333,3,3511.06,1170.3533333333332,288.51,0,0,0,1,C4: Luxury / Domestic Investors
C0280,Individual,Nathan,Price,1944-04-14,M,USA,Florida,Home,4,No,Client,80,0,1282020.93,320505.2325,4,4617.01,1154.2525,277.67,0,0,0,0,C4: Luxury / Domestic Investors
C0281,Individual,Katherine,Phillips,1977-03-22,F,USA,California,Home,1,Yes,Agency,47,0,1256275.37,418758.4566666667,3,4165.37,1388.4566666666667,301.6,0,0,1,1,C4: Luxury / Domestic Investors
C0282,Individual,Emily,Owens,1997-10-18,F,USA,California,Investment,1,No,Website,27,0,973863.8,243465.95,4,3435.93,858.9825,283.44,0,1,0,1,C4: Luxury / Domestic Investors
C0283,Individual,Susan,Edwards,1962-05-12,F,USA,Arizona,Home,2,Yes,Agency,62,0,1118599.47,279649.8675,4,3690.16,922.54,303.13,0,0,1,1,C4: Luxury / Domestic Investors
C0284,Individual,Patrick,Owens,1977-02-25,M,USA,Arizona,Home,4,No,Client,47,0,1251975.85,312993.9625,4,3976.29,994.0725,314.86,0,0,0,0,C4: Luxury / Domestic Investors
C0285,Individual,Billy,Parker,1999-03-09,M,France,Ile-de-France,Investment,3,No,Website,25,1,1679056.13,419764.0325,4,5692.69,1423.1725,294.95,0,1,0,2,C1: Global Investors
C0286,Individual,Noah,Brooks,1996-03-24,M,UK,Scotland,Home,1,No,Agency,28,1,859353.0900000001,286451.03,3,2965.81,988.6033333333334,289.75,0,0,0,2,C1: Global Investors
C0287,Individual,Joan,Bell,1990-06-10,F,Australia,New South Wales,Home,5,No,Website,34,1,1171265.03,390421.6766666667,3,3617.89,1205.9633333333334,323.74,0,0,0,2,C1: Global Investors
C0288,Individual,Kevin,Freeman,1997-11-03,M,USA,Colorado,Investment,4,No,Agency,27,0,1364289.23,341072.3075,4,4793.49,1198.3725,284.61,0,1,0,1,C4: Luxury / Domestic Investors
C0289,Individual,Laura,Hayes,1993-06-14,F,USA,California,Investment,5,No,Agency,31,0,1533862.35,383465.5875,4,4801.09,1200.2725,319.48,0,1,0,3,C4: Luxury / Domestic Investors
C0290,Individual,Ryan,Watson,1962-01-01,M,USA,California,Home,2,No,Website,62,0,1215398.18,405132.7266666666,3,4011.52,1337.1733333333334,302.98,0,0,0,1,C4: Luxury / Domestic Investors
C0291,Individual,James,Bryant,1953-07-06,M,USA,Nevada,Home,2,No,Agency,71,0,1322506.76,440835.5866666666,3,4571.08,1523.6933333333334,289.32,0,0,0,3,C4: Luxury / Domestic Investors
C0292,Individual,Karen,Watson,1945-12-02,F,USA,California,Home,1,No,Agency,79,0,1442818.34,360704.585,4,4336.25,1084.0625,332.73,0,0,0,3,C4: Luxury / Domestic Investors
C0293,Individual,Ruth,Collins,1993-07-01,F,USA,California,Investment,4,No,Website,31,0,1580876.65,395219.1625,4,5197.3099999999995,1299.3275,304.17,0,1,0,3,C4: Luxury / Domestic Investors
C0294,Individual,Nicholas,Reyes,1963-07-17,M,USA,Nevada,Home,3,Yes,Website,61,0,1027250.91,256812.7275,4,3300.5299999999997,825.1324999999999,311.24,0,0,1,1,C4: Luxury / Domestic Investors
C0295,Individual,Roger,Harris,1967-09-07,M,Russia,Tatarstan,Home,3,No,Agency,57,1,1350375.73,450125.24333333335,3,4241.6,1413.8666666666668,318.36,0,0,0,2,C1: Global Investors
C0296,Individual,Mark,Young,1984-04-06,M,Canada,Manitoba,Home,1,Yes,Client,40,1,1142875.46,380958.48666666663,3,3714.07,1238.0233333333333,307.72,0,0,1,0,C1: Global Investors
C0297,Individual,Julia,Murray,1972-11-19,F,UK,Wales,Investment,5,No,Agency,52,1,1709184.75,427296.1875,4,5691.97,1422.9925,300.28,0,1,0,2,C1: Global Investors
C0298,Individual,Sarah,Patterson,1972-11-10,F,USA,Oregon,Home,3,No,Website,52,0,1262479.23,315619.8075,4,4278.52,1069.63,295.07,0,0,0,1,C4: Luxury / Domestic Investors
C0299,Individual,Barbara,Davis,1977-05-03,F,UK,Wales,Home,5,No,Agency,47,1,1177661.76,294415.44,4,3795.03,948.7575,310.32,0,0,0,2,C1: Global Investors
C0300,Individual,Zachary,Peterson,1959-04-11,M,Canada,Alberta,Home,5,Yes,Website,65,1,844956.55,281652.18333333335,3,2633.89,877.9633333333333,320.8,0,0,1,2,C1: Global Investors
C0301,Individual,Lisa,Alexander,1959-03-02,F,USA,Virginia,Home,4,No,Agency,65,0,1045776.52,348592.17333333334,3,3859.28,1286.4266666666667,270.98,0,0,0,1,C4: Luxury / Domestic Investors
C0302,Individual,Maria,Edwards,1976-07-25,F,USA,Utah,Investment,1,No,Agency,48,0,1654300.33,413575.0825,4,4956.58,1239.145,333.76,0,1,0,3,C4: Luxury / Domestic Investors
C0303,Individual,Betty,Owens,1957-07-10,F,USA,Virginia,Investment,5,Yes,Website,67,0,1519113.12,379778.28,4,4968.33,1242.0825,305.76,0,1,1,3,C4: Luxury / Domestic Investors
C0304,Individual,Patrick,Morris,1959-12-22,M,USA,California,Investment,1,No,Agency,65,0,1685753.28,421438.32,4,5334.25,1333.5625,316.02,0,1,0,3,C4: Luxury / Domestic Investors
C0305,Individual,Emily,Kim,1995-11-22,F,USA,Arizona,Home,1,No,Website,29,0,1327736.23,442578.74333333335,3,4479.73,1493.243333333333,296.39,0,0,0,3,C4: Luxury / Domestic Investors
C0306,Individual,Samuel,Foster,1988-04-05,M,USA,California,Home,1,No,Client,36,0,1399698.79,349924.6975,4,4302.0199999999995,1075.505,325.36,0,0,0,0,C4: Luxury / Domestic Investors
C0307,Individual,Samuel,Freeman,1992-10-13,M,USA,California,Home,5,Yes,Client,32,0,1490170.38,372542.595,4,4668.42,1167.105,319.2,0,0,1,0,C2: First-Time Buyers
C0308,Individual,Catherine,Roberts,1972-10-10,F,Belgium,Flanders,Investment,4,Yes,Agency,52,1,1176582.54,392194.18,3,4031.45,1343.8166666666666,291.85,0,1,1,2,C1: Global Investors
C0309,Individual,Stephanie,Cox,1957-10-15,F,USA,Washington,Home,4,No,Agency,67,0,1382649.58,460883.19333333336,3,4236.65,1412.2166666666665,326.35,0,0,0,3,C4: Luxury / Domestic Investors
C0310,Individual,Edward,Weaver,1992-05-02,M,UK,Northern Ireland,Home,3,No,Website,32,1,1389329.62,463109.87333333335,3,4695.97,1565.3233333333335,295.86,0,0,0,2,C1: Global Investors
C0311,Individual,Justin,Anderson,1952-03-09,M,USA,Georgia,Home,2,No,Website,72,0,1632999.56,408249.89,4,5251.29,1312.8225,310.97,0,0,0,3,C4: Luxury / Domestic Investors
C0312,Individual,Zachary,Cooper,1941-01-14,M,USA,Nevada,Home,3,Yes,Website,83,0,1105668.66,276417.165,4,3849.28,962.32,287.24,0,0,1,1,C4: Luxury / Domestic Investors
C0313,Company,Stratos,Co,1974-04-12,M,USA,California,Home,1,No,Agency,50,0,1091085.9300000002,363695.31000000006,3,3570.94,1190.3133333333333,305.55,1,0,0,1,C3: Corporate Buyers
C0314,Individual,Andrew,Jones,1982-08-23,M,USA,Washington,Investment,4,No,Agency,42,0,1040795.02,346931.67333333334,3,3415.27,1138.4233333333334,304.75,0,1,0,1,C4: Luxury / Domestic Investors
C0315,Individual,Michael,Phillips,1987-03-18,M,Mexico,Baja California,Investment,5,No,Website,37,1,1178606.56,294651.64,4,3918.71,979.6775,300.76,0,1,0,2,C1: Global Investors
C0316,Individual,Brandon,Martin,1997-04-14,M,UK,Scotland,Investment,4,Yes,Website,27,1,1792447.27,448111.8175,4,5355.599999999999,1338.9,334.69,0,1,1,2,C1: Global Investors
C0317,Individual,Amber,Hansen,1999-11-17,F,USA,California,Investment,2,Yes,Website,25,0,1248444.31,416148.10333333333,3,4353.76,1451.253333333333,286.75,0,1,1,1,C2: First-Time Buyers
C0318,Individual,Amy,Peterson,1974-03-22,F,Germany,Berlin,Home,5,No,Website,50,1,871968.67,290656.2233333333,3,2782.8199999999997,927.6066666666666,313.34,0,0,0,2,C1: Global Investors
C0319,Company,Zynex,Co,1995-11-12,F,USA,Texas,Home,5,Yes,Website,29,0,2061054.65,515263.6625,4,6904.23,1726.0575,298.52,1,0,1,3,C3: Corporate Buyers
C0320,Individual,Tyler,Cox,1984-12-01,M,USA,Texas,Home,3,Yes,Client,40,0,1317732.09,439244.03,3,4397.76,1465.92,299.64,0,0,1,0,C2: First-Time Buyers
C0321,Individual,Jesse,Cook,1992-01-12,M,USA,California,Investment,2,No,Agency,32,0,1701753.71,425438.4275,4,5287.04,1321.76,321.87,0,1,0,3,C4: Luxury / Domestic Investors
C0322,Individual,Deborah,Moore,1996-12-25,F,USA,California,Home,2,Yes,Website,28,0,1347002.93,449000.9766666666,3,4335.88,1445.2933333333333,310.66,0,0,1,3,C2: First-Time Buyers
C0323,Individual,Samantha,Hayes,1975-09-16,F,USA,California,Investment,2,Yes,Website,49,0,1230825.62,410275.2066666667,3,3925.54,1308.513333333333,313.54,0,1,1,1,C4: Luxury / Domestic Investors
C0324,Individual,Raymond,Parker,1993-06-14,M,USA,Washington,Home,4,No,Website,31,0,1147121.25,382373.75,3,3939.48,1313.16,291.19,0,0,0,1,C4: Luxury / Domestic Investors
C0325,Individual,Maria,Flores,1983-02-24,F,USA,California,Home,5,Yes,Agency,41,0,1205175.56,301293.89,4,4120.49,1030.1225,292.48,0,0,1,1,C2: First-Time Buyers
C0326,Individual,Daniel,Reed,1958-05-10,M,USA,Oregon,Investment,4,Yes,Agency,66,0,1321975.5,330493.875,4,4112.51,1028.1275,321.45,0,1,1,1,C4: Luxury / Domestic Investors
C0327,Individual,Elizabeth,Ward,1961-07-09,F,UK,Scotland,Home,1,No,Agency,63,1,1116366.72,279091.68,4,3733.42,933.355,299.02,0,0,0,2,C1: Global Investors
C0328,Individual,William,Young,1946-10-22,M,USA,California,Home,1,Yes,Client,78,0,1356560.31,339140.0775,4,4120.84,1030.21,329.2,0,0,1,0,C4: Luxury / Domestic Investors
C0329,Individual,Diane,Morales,1998-10-05,F,Germany,Hesse,Home,3,No,Agency,26,1,770062.4,256687.46666666667,3,2768.0,922.6666666666666,278.2,0,0,0,2,C1: Global Investors
C0330,Individual,Christian,Richardson,1975-06-21,M,USA,California,Home,1,No,Website,49,0,1331463.63,332865.9075,4,4587.97,1146.9925,290.21,0,0,0,1,C4: Luxury / Domestic Investors
C0331,Individual,Ann,Martin,1984-05-23,F,USA,California,Investment,3,No,Agency,40,0,1546334.4,386583.6,4,5039.8,1259.95,306.82,0,1,0,3,C4: Luxury / Domestic Investors
C0332,Individual,Christopher,Price,1989-12-15,M,USA,Texas,Investment,3,No,Website,35,0,1209987.46,403329.1533333333,3,4306.99,1435.6633333333332,280.94,0,1,0,1,C4: Luxury / Domestic Investors
C0333,Individual,Helen,Hall,1955-12-23,F,UK,Wales,Home,3,No,Website,69,1,1118960.06,372986.6866666667,3,3610.17,1203.39,309.95,0,0,0,2,C1: Global Investors
C0334,Individual,Andrew,Roberts,1950-08-01,M,USA,Arizona,Investment,3,No,Agency,74,0,1445655.93,361413.9825,4,4191.96,1047.99,344.86,0,1,0,3,C4: Luxury / Domestic Investors
C0335,Individual,Charles,Morris,1975-12-24,M,USA,Arizona,Home,4,No,Website,49,0,1478341.12,369585.28,4,4761.63,1190.4075,310.47,0,0,0,3,C4: Luxury / Domestic Investors
C0336,Individual,Karen,Price,1971-11-17,F,USA,California,Investment,5,No,Agency,53,0,1163690.59,387896.8633333333,3,3680.63,1226.8766666666668,316.17,0,1,0,1,C4: Luxury / Domestic Investors
C0337,Individual,Nathan,Alexander,1942-01-27,M,USA,Arizona,Home,3,Yes,Website,82,0,759310.2,253103.4,3,2680.13,893.3766666666667,283.31,0,0,1,1,C4: Luxury / Domestic Investors
C0338,Individual,Patrick,Flores,1943-05-28,M,USA,California,Home,5,Yes,Website,81,0,1488671.13,372167.7825,4,4908.68,1227.17,303.27,0,0,1,3,C4: Luxury / Domestic Investors
C0339,Individual,Keith,King,1963-10-05,M,USA,Utah,Investment,5,No,Agency,61,0,1548824.23,387206.0575,4,4680.54,1170.135,330.91,0,1,0,3,C4: Luxury / Domestic Investors
C0340,Individual,Daniel,Garcia,1940-11-25,M,USA,California,Investment,2,No,Agency,84,0,1047500.42,349166.80666666664,3,3790.73,1263.5766666666666,276.33,0,1,0,1,C4: Luxury / Domestic Investors
C0341,Individual,Carl,Chavez,1982-11-10,M,USA,California,Investment,4,No,Agency,42,0,1679555.42,419888.855,4,5172.29,1293.0725,324.72,0,1,0,3,C4: Luxury / Domestic Investors
C0342,Individual,Kevin,Hughes,1974-08-15,M,USA,California,Investment,2,No,Client,50,0,1290567.39,430189.13000000006,3,3859.29,1286.43,334.41,0,1,0,0,C4: Luxury / Domestic Investors
C0343,Individual,Joyce,Thompson,1952-06-17,F,USA,California,Home,2,No,Website,72,0,1630923.97,407730.9925,4,5498.34,1374.585,296.62,0,0,0,3,C4: Luxury / Domestic Investors
C0344,Individual,Joshua,Jackson,1997-05-13,M,Canada,British Columbia,Home,2,Yes,Website,27,1,1276344.68,319086.17,4,4239.75,1059.9375,301.04,0,0,1,2,C1: Global Investors
C0345,Individual,Stephanie,Hall,1969-09-15,F,USA,New York,Home,4,Yes,Website,55,0,1339687.25,446562.4166666667,3,4531.13,1510.3766666666668,295.66,0,0,1,3,C4: Luxury / Domestic Investors
C0346,Individual,Amy,Nelson,1963-06-02,F,USA,California,Home,5,No,Agency,61,0,1174812.86,391604.2866666666,3,3815.01,1271.67,307.94,0,0,0,1,C4: Luxury / Domestic Investors
C0347,Individual,Mark,Reyes,1992-05-24,M,USA,Washington,Home,3,Yes,Website,32,0,1378006.45,459335.48333333334,3,4414.860000000001,1471.62,312.13,0,0,1,3,C2: First-Time Buyers
C0348,Individual,Jack,Pierce,1982-02-13,M,USA,Colorado,Investment,5,Yes,Agency,42,0,1482633.92,370658.48,4,4986.83,1246.7075,297.31,0,1,1,3,C2: First-Time Buyers
C0349,Individual,Paul,Jackson,1975-06-26,M,USA,Arizona,Home,2,Yes,Agency,49,0,1065745.84,355248.61333333334,3,3373.5,1124.5,315.92,0,0,1,1,C4: Luxury / Domestic Investors
C0350,Individual,Richard,Jones,1992-12-11,M,USA,Arizona,Home,2,No,Agency,32,0,1066408.3,355469.43333333335,3,3618.82,1206.2733333333333,294.68,0,0,0,1,C4: Luxury / Domestic Investors
C0351,Individual,Michelle,Watson,1961-12-27,F,USA,Oregon,Home,5,No,Agency,63,0,1551113.76,387778.44,4,5040.25,1260.0625,307.75,0,0,0,3,C4: Luxury / Domestic Investors
C0352,Individual,Judith,Williams,1977-06-22,F,USA,Nevada,Investment,3,No,Agency,47,0,1339830.04,446610.01333333337,3,4343.46,1447.82,308.47,0,1,0,3,C4: Luxury / Domestic Investors
C0353,Individual,Anna,Murray,1964-04-24,F,USA,Arizona,Home,2,No,Agency,60,0,889855.16,296618.38666666666,3,2942.6099999999997,980.87,302.4,0,0,0,1,C4: Luxury / Domestic Investors
C0354,Individual,Kimberly,Turner,1998-10-23,F,USA,California,Home,4,No,Website,26,0,962196.6,320732.2,3,3177.45,1059.15,302.82,0,0,0,1,C4: Luxury / Domestic Investors
C0355,Individual,Henry,Alexander,1951-10-16,M,Mexico,Baja California,Investment,1,No,Website,73,1,1029593.97,343197.99,3,3820.35,1273.45,269.5,0,1,0,2,C1: Global Investors
C0356,Individual,Andrea,Kim,1976-06-06,F,USA,Georgia,Home,3,No,Website,48,0,964351.9,241087.975,4,3264.64,816.16,295.39,0,0,0,1,C4: Luxury / Domestic Investors
C0357,Individual,Danielle,Griffin,1988-04-09,F,USA,California,Home,3,No,Website,36,0,970629.22,323543.0733333333,3,3178.04,1059.3466666666666,305.42,0,0,0,1,C4: Luxury / Domestic Investors
C0358,Individual,Katherine,Griffin,1978-09-26,F,Australia,New South Wales,Home,3,Yes,Agency,46,1,1150919.74,383639.9133333334,3,3721.82,1240.6066666666666,309.24,0,0,1,2,C1: Global Investors
C0359,Individual,Julie,Cooper,1951-03-10,F,USA,California,Investment,1,No,Agency,73,0,1098189.89,366063.2966666667,3,3925.54,1308.513333333333,279.76,0,1,0,1,C4: Luxury / Domestic Investors
C0360,Individual,Laura,Baker,1948-09-09,F,USA,Utah,Home,2,Yes,Agency,76,0,1978026.48,494506.62,4,6705.53,1676.3825,294.98,0,0,1,3,C4: Luxury / Domestic Investors
C0361,Individual,Nicholas,Miller,1958-09-08,M,UK,England,Home,1,Yes,Website,66,1,1468372.25,367093.0625,4,4890.389999999999,1222.5975,300.26,0,0,1,2,C1: Global Investors
C0362,Individual,Betty,Moore,2000-09-06,F,USA,Utah,Home,4,No,Website,24,0,1129669.4,376556.4666666666,3,3487.85,1162.6166666666666,323.89,0,0,0,1,C4: Luxury / Domestic Investors
C0363,Individual,Christine,Edwards,1959-01-25,F,USA,Utah,Investment,2,No,Client,65,0,1232301.44,308075.36,4,3718.79,929.6975,331.37,0,1,0,0,C4: Luxury / Domestic Investors
C0364,Individual,George,Gray,1944-03-02,M,USA,Texas,Home,2,No,Website,80,0,1492505.18,373126.295,4,5047.12,1261.78,295.71,0,0,0,3,C4: Luxury / Domestic Investors
C0365,Individual,Brandon,Morales,1962-02-11,M,USA,Colorado,Investment,5,No,Agency,62,0,951259.9,317086.63333333336,3,3494.9300000000003,1164.9766666666667,272.18,0,1,0,1,C4: Luxury / Domestic Investors
C0366,Individual,Keith,Long,1983-04-26,M,USA,California,Home,4,No,Website,41,0,1420135.32,473378.44,3,4356.79,1452.263333333333,325.96,0,0,0,3,C4: Luxury / Domestic Investors
C0367,Individual,Samuel,Collins,1964-11-25,M,USA,California,Investment,4,No,Agency,60,0,1662617.88,415654.47,4,5076.26,1269.065,327.53,0,1,0,3,C4: Luxury / Domestic Investors
C0368,Individual,Betty,Scott,1992-08-11,F,USA,California,Home,4,Yes,Agency,32,0,1494552.45,373638.1125,4,4544.86,1136.215,328.84,0,0,1,3,C2: First-Time Buyers
C0369,Individual,Helen,Murray,1954-10-01,F,USA,Utah,Home,2,Yes,Agency,70,0,1586439.08,396609.77,4,5334.25,1333.5625,297.41,0,0,1,3,C4: Luxury / Domestic Investors
C0370,Individual,Michelle,Brooks,1957-09-23,F,Russia,Krasnodar Krai,Home,1,No,Website,67,1,1613633.39,403408.3475,4,5339.51,1334.8775,302.21,0,0,0,2,C1: Global Investors
C0371,Individual,Ryan,Moore,1970-03-15,M,Belgium,Wallonia,Investment,3,No,Agency,54,1,827208.61,275736.2033333333,3,2528.04,842.68,327.21,0,1,0,2,C1: Global Investors
C0372,Individual,Teresa,Nelson,1952-04-22,F,Belgium,Flanders,Investment,1,No,Agency,72,1,1280128.06,426709.35333333333,3,4085.23,1361.743333333333,313.36,0,1,0,2,C1: Global Investors
C0373,Individual,Karen,Morales,1993-01-27,F,USA,Georgia,Home,2,No,Agency,31,0,1047277.18,349092.3933333333,3,3481.54,1160.513333333333,300.81,0,0,0,1,C4: Luxury / Domestic Investors
C0374,Individual,Madison,Hughes,1993-11-07,F,Australia,New South Wales,Investment,4,Yes,Agency,31,1,916825.86,229206.465,4,2940.44,735.11,311.8,0,1,1,2,C1: Global Investors
C0375,Individual,Kyle,Thompson,1968-07-15,M,USA,California,Investment,4,No,Website,56,0,1178580.64,392860.2133333334,3,3674.04,1224.68,320.79,0,1,0,1,C4: Luxury / Domestic Investors
C0376,Individual,Shirley,Smith,1953-04-19,F,USA,California,Home,3,No,Website,71,0,1182808.29,394269.43,3,4085.23,1361.743333333333,289.53,0,0,0,1,C4: Luxury / Domestic Investors
C0377,Individual,Charles,Patterson,1998-05-14,M,USA,Washington,Home,4,No,Website,26,0,822780.32,274260.10666666663,3,2712.1400000000003,904.0466666666669,303.37,0,0,0,1,C4: Luxury / Domestic Investors
C0378,Individual,Heather,Anderson,1957-11-28,F,USA,California,Investment,3,Yes,Website,67,0,812387.51,270795.83666666667,3,2950.28,983.4266666666668,275.36,0,1,1,1,C4: Luxury / Domestic Investors
C0379,Company,Optima,Co,1977-04-22,M,USA,California,Investment,2,Yes,Client,47,0,1254919.36,313729.83999999997,4,4462.02,1115.505,281.24,1,1,1,0,C3: Corporate Buyers
C0380,Individual,Evelyn,Chavez,1973-09-13,F,USA,California,Home,3,Yes,Website,51,0,939708.87,313236.29,3,3526.3500000000004,1175.45,266.48,0,0,1,1,C4: Luxury / Domestic Investors
C0381,Individual,David,Gray,1961-01-08,M,USA,California,Home,5,Yes,Agency,63,0,878913.19,292971.0633333333,3,3564.7,1188.2333333333331,246.56,0,0,1,1,C4: Luxury / Domestic Investors
C0382,Individual,Nicholas,Garcia,1975-08-08,M,USA,California,Investment,1,Yes,Agency,49,0,980139.25,326713.0833333333,3,2942.6099999999997,980.87,333.08,0,1,1,1,C4: Luxury / Domestic Investors
C0383,Company,Novex,Co,1985-11-09,F,Mexico,Mexico City,Investment,3,No,Agency,39,1,968070.64,242017.66,4,3238.63,809.6575,298.91,1,1,0,2,C3: Corporate Buyers
C0384,Individual,Amy,Stewart,1944-03-22,F,USA,California,Home,3,Yes,Website,80,0,1010761.74,336920.58,3,3148.14,1049.38,321.07,0,0,1,1,C4: Luxury / Domestic Investors
C0385,Individual,Douglas,Owens,1969-01-12,M,UK,Northern Ireland,Investment,4,No,Website,55,1,1289646.41,429882.1366666667,3,3831.82,1277.2733333333333,336.56,0,1,0,2,C1: Global Investors
C0386,Individual,Carol,Stewart,1976-03-25,F,USA,Colorado,Home,2,No,Client,48,0,1633972.21,544657.4033333333,3,4335.24,1445.08,376.9,0,0,0,0,C4: Luxury / Domestic Investors
C0387,Individual,Jessica,Owens,1974-07-18,F,USA,California,Home,2,Yes,Website,50,0,1992983.55,498245.8875,4,6221.1900000000005,1555.2975,320.35,0,0,1,3,C4: Luxury / Domestic Investors
C0388,Individual,Zachary,Cox,1995-09-24,M,USA,California,Home,4,No,Agency,29,0,961894.92,320631.64,3,2927.83,975.9433333333332,328.54,0,0,0,1,C4: Luxury / Domestic Investors
C0389,Individual,Ronald,Stone,1954-11-18,M,USA,Colorado,Home,3,No,Website,70,0,1261549.09,315387.27249999996,4,4476.360000000001,1119.09,281.82,0,0,0,1,C4: Luxury / Domestic Investors
C0390,Individual,Steven,Griffin,1942-04-23,M,Canada,Quebec,Investment,2,No,Website,82,1,1678762.0699999998,419690.5175,4,5181.0599999999995,1295.265,324.02,0,1,0,2,C1: Global Investors
C0391,Individual,Heather,Long,1966-11-12,F,USA,California,Home,5,No,Agency,58,0,1035012.91,345004.3033333333,3,3193.25,1064.4166666666667,324.13,0,0,0,1,C4: Luxury / Domestic Investors
C0392,Individual,Katherine,Adams,1977-06-14,F,USA,Arizona,Home,2,Yes,Website,47,0,1015830.03,253957.5075,4,3690.64,922.66,275.24,0,0,1,1,C4: Luxury / Domestic Investors
C0393,Individual,Nicole,Allen,1988-06-08,F,USA,Arizona,Home,4,No,Agency,36,0,1616556.78,404139.195,4,5192.58,1298.145,311.32,0,0,0,3,C4: Luxury / Domestic Investors
C0394,Individual,Shirley,Foster,1954-11-24,F,USA,Colorado,Home,3,Yes,Website,70,0,1258840.0,314710.0,4,4167.21,1041.8025,302.08,0,0,1,1,C4: Luxury / Domestic Investors
C0395,Individual,Deborah,Chavez,1959-01-17,F,USA,Florida,Home,1,No,Website,65,0,1153134.48,384378.16,3,3910.42,1303.4733333333334,294.89,0,0,0,1,C4: Luxury / Domestic Investors
C0396,Individual,Charles,Allen,2000-04-17,M,USA,Nevada,Home,5,No,Agency,24,0,1181447.25,295361.8125,4,3585.01,896.2524999999999,329.55,0,0,0,1,C4: Luxury / Domestic Investors
C0397,Individual,Hannah,Williams,2000-09-18,F,USA,California,Home,5,No,Website,24,0,793543.27,264514.42333333334,3,2586.33,862.11,306.82,0,0,0,1,C4: Luxury / Domestic Investors
C0398,Individual,Jennifer,Alexander,1948-12-22,F,USA,Texas,Home,1,Yes,Agency,76,0,1186693.85,296673.4625,4,3743.06,935.765,317.04,0,0,1,1,C4: Luxury / Domestic Investors
C0399,Individual,Albert,Kim,1984-06-09,M,USA,California,Home,4,No,Agency,40,0,1229057.49,307264.3725,4,4372.2,1093.05,281.11,0,0,0,1,C4: Luxury / Domestic Investors
C0400,Individual,Brandon,Anderson,1959-11-25,M,USA,California,Home,4,No,Agency,65,0,1360152.99,340038.2475,4,4956.58,1239.145,274.41,0,0,0,3,C4: Luxury / Domestic Investors
C0401,Individual,Brian,Anderson,1969-07-21,M,USA,Arizona,Home,5,Yes,Website,55,0,1020913.07,255228.2675,4,3412.28,853.07,299.19,0,0,1,1,C4: Luxury / Domestic Investors
C0402,Individual,Brenda,Garcia,1941-02-22,F,USA,Georgia,Home,5,No,Website,83,0,1054166.95,351388.98333333334,3,3308.59,1102.8633333333337,318.62,0,0,0,1,C4: Luxury / Domestic Investors
C0403,Individual,Jennifer,Adams,1963-03-25,F,Australia,New South Wales,Home,1,No,Website,61,1,878792.98,292930.99333333335,3,3182.92,1060.9733333333334,276.1,0,0,0,2,C1: Global Investors
C0404,Individual,Sara,Cook,1976-12-05,F,France,Normandy,Investment,1,No,Client,48,1,731788.96,243929.65333333332,3,2259.94,753.3133333333334,323.81,0,1,0,0,C1: Global Investors
C0405,Company,Horizon,Co,1969-12-25,M,USA,Colorado,Home,1,No,Agency,55,0,1310963.25,327740.8125,4,4561.52,1140.38,287.4,1,0,0,1,C3: Corporate Buyers
C0406,Individual,Christine,Brown,1960-05-26,F,USA,Colorado,Home,3,No,Website,64,0,1317165.12,329291.28,4,4360.77,1090.1925,302.05,0,0,0,3,C4: Luxury / Domestic Investors
C0407,Individual,Lisa,Freeman,1982-04-23,F,USA,California,Home,2,No,Client,42,0,1254494.91,313623.7275,4,4183.21,1045.8025,299.89,0,0,0,0,C4: Luxury / Domestic Investors
C0408,Individual,Tyler,Rogers,1977-02-03,M,USA,California,Home,3,No,Website,47,0,1320497.01,440165.67,3,4239.18,1413.0600000000002,311.5,0,0,0,3,C4: Luxury / Domestic Investors
C0409,Individual,Timothy,Reyes,1972-09-18,M,USA,Nevada,Home,1,Yes,Website,52,0,1816669.2,454167.3,4,5797.51,1449.3775,313.35,0,0,1,3,C4: Luxury / Domestic Investors
C0410,Individual,Diane,Johnson,1982-07-13,F,Russia,Saint Petersburg,Home,5,Yes,Agency,42,1,1021706.02,340568.67333333334,3,3567.5699999999997,1189.1899999999998,286.39,0,0,1,2,C1: Global Investors
C0411,Individual,Amanda,Moore,1983-05-09,F,USA,California,Home,2,No,Website,41,0,896987.21,298995.73666666663,3,2651.24,883.7466666666668,338.33,0,0,0,1,C4: Luxury / Domestic Investors
C0412,Individual,Karen,Richardson,1984-04-24,F,UK,Scotland,Home,5,No,Website,40,1,1100376.25,366792.0833333333,3,3782.51,1260.8366666666668,290.91,0,0,0,2,C1: Global Investors
C0413,Individual,Brandon,Smith,1940-07-11,M,Canada,British Columbia,Home,3,No,Website,84,1,1769126.22,442281.555,4,5725.83,1431.4575,308.97,0,0,0,2,C1: Global Investors
C0414,Individual,Brandon,Reed,1962-12-07,M,USA,California,Home,4,No,Website,62,0,1412148.94,353037.235,4,4578.96,1144.74,308.4,0,0,0,3,C4: Luxury / Domestic Investors
C0415,Individual,Grace,Turner,1980-07-09,F,USA,Nevada,Home,5,Yes,Agency,44,0,1305928.35,326482.08749999997,4,4372.2,1093.05,298.69,0,0,1,1,C2: First-Time Buyers
C0416,Company,Bravada,Co,1981-07-28,M,Germany,North Rhine-Westphalia,Investment,5,Yes,Client,43,1,1059532.51,353177.50333333336,3,3782.51,1260.8366666666668,280.11,1,1,1,0,C3: Corporate Buyers
C0417,Individual,Peter,Collins,1947-12-03,M,USA,Utah,Home,2,No,Website,77,0,1354773.96,451591.32,3,4415.7,1471.9,306.81,0,0,0,3,C4: Luxury / Domestic Investors
C0418,Individual,Douglas,Howard,1996-08-20,M,USA,Arizona,Home,5,No,Agency,28,0,1629486.83,407371.7075,4,5107.29,1276.8225,319.05,0,0,0,3,C4: Luxury / Domestic Investors
C0419,Individual,Jack,Hansen,1962-11-03,M,USA,Washington,Home,3,Yes,Agency,62,0,1174012.19,293503.0475,4,3961.79,990.4475,296.33,0,0,1,1,C4: Luxury / Domestic Investors
C0420,Individual,Debra,Reyes,1994-01-04,F,USA,California,Home,5,No,Agency,30,0,1260096.16,420032.0533333334,3,3990.65,1330.2166666666667,315.76,0,0,0,1,C4: Luxury / Domestic Investors
C0421,Individual,Zachary,Cox,1975-08-25,M,Germany,Hesse,Investment,5,Yes,Website,49,1,1495763.37,373940.8425,4,4815.62,1203.905,310.61,0,1,1,2,C1: Global Investors
C0422,Company,Telnox,Co,1973-11-13,F,USA,California,Home,1,Yes,Client,51,0,1653171.62,413292.905,4,5714.299999999999,1428.5749999999998,289.3,1,0,1,0,C3: Corporate Buyers
C0423,Individual,Rachel,Sanders,1950-04-17,F,USA,California,Home,1,No,Client,74,0,1068716.19,356238.73,3,3585.59,1195.1966666666667,298.06,0,0,0,0,C4: Luxury / Domestic Investors
C0424,Individual,Sarah,Stewart,1998-12-04,F,USA,Florida,Home,1,No,Website,26,0,1034036.3,344678.76666666666,3,3323.43,1107.81,311.14,0,0,0,1,C4: Luxury / Domestic Investors
C0425,Individual,Gerald,Wright,1965-03-11,M,USA,Nevada,Home,2,No,Agency,59,0,1256932.48,418977.49333333335,3,4356.79,1452.263333333333,288.5,0,0,0,1,C4: Luxury / Domestic Investors
C0426,Individual,Julie,Brown,1953-10-07,F,USA,Oregon,Home,4,Yes,Client,71,0,890250.61,296750.2033333333,3,2622.57,874.19,339.46,0,0,1,0,C4: Luxury / Domestic Investors
C0427,Individual,Sarah,Peterson,1994-09-06,F,USA,California,Home,4,Yes,Website,30,0,1457016.31,364254.0775,4,4866.38,1216.595,299.4,0,0,1,3,C2: First-Time Buyers
C0428,Individual,Gloria,Rogers,1962-07-20,F,USA,Oregon,Home,3,No,Agency,62,0,984451.32,246112.83,4,3353.17,838.2925,293.59,0,0,0,1,C4: Luxury / Domestic Investors
C0429,Individual,Danielle,Stone,1995-11-05,F,USA,California,Home,3,Yes,Website,29,0,1503904.16,375976.04,4,5498.34,1374.585,273.52,0,0,1,3,C2: First-Time Buyers
C0430,Individual,Roger,Wood,1974-10-05,M,USA,Nevada,Home,2,No,Agency,50,0,931141.96,310380.6533333333,3,3099.31,1033.1033333333332,300.44,0,0,0,1,C4: Luxury / Domestic Investors
C0431,Individual,Austin,King,1969-05-05,M,USA,California,Home,5,Yes,Website,55,0,1544751.33,386187.8325,4,4986.47,1246.6175,309.79,0,0,1,3,C4: Luxury / Domestic Investors
C0432,Company,Grandis,Co,1995-02-17,M,USA,California,Home,5,No,Agency,29,0,1277850.15,319462.5375,4,4100.599999999999,1025.15,311.63,1,0,0,1,C3: Corporate Buyers
C0433,Individual,Ruth,Hughes,1969-03-03,F,USA,California,Investment,2,Yes,Website,55,0,1937061.37,484265.3425,4,6365.889999999999,1591.4725,304.29,0,1,1,3,C4: Luxury / Domestic Investors
C0434,Individual,Amanda,Sanders,1964-12-25,F,Russia,Tatarstan,Home,5,No,Website,60,1,1364889.24,454963.08,3,4336.67,1445.5566666666666,314.73,0,0,0,2,C1: Global Investors
C0435,Individual,Sara,Richardson,1966-01-25,F,Australia,New South Wales,Home,5,Yes,Website,58,1,908970.34,302990.11333333334,3,3231.9700000000003,1077.3233333333335,281.24,0,0,1,2,C1: Global Investors
C0436,Individual,Brandon,Jones,1972-05-12,M,USA,Colorado,Home,2,Yes,Client,52,0,1327594.64,331898.66,4,4257.05,1064.2625,311.86,0,0,1,0,C4: Luxury / Domestic Investors
C0437,Individual,Danielle,James,1990-10-05,F,USA,Texas,Home,1,No,Website,34,0,657032.8200000001,219010.94000000003,3,2404.38,801.46,273.26,0,0,0,1,C4: Luxury / Domestic Investors
C0438,Individual,Gregory,Collins,1982-10-09,M,USA,Georgia,Investment,1,Yes,Client,42,0,1458641.1,364660.275,4,5047.12,1261.78,289.0,0,1,1,0,C2: First-Time Buyers
C0439,Individual,Larry,Thompson,1956-03-08,M,USA,Virginia,Home,2,No,Agency,68,0,1273328.62,424442.87333333335,3,4268.91,1422.97,298.28,0,0,0,1,C4: Luxury / Domestic Investors
C0440,Individual,Lawrence,Parker,1960-07-13,M,USA,California,Investment,1,No,Agency,64,0,703498.83,234499.61,3,2537.59,845.8633333333333,277.23,0,1,0,1,C4: Luxury / Domestic Investors
C0441,Individual,Joan,Foster,1980-10-01,F,Russia,Krasnodar Krai,Investment,1,No,Agency,44,1,1525849.55,381462.3875,4,4957.0599999999995,1239.265,307.81,0,1,0,2,C1: Global Investors
C0442,Individual,Sarah,Hansen,1975-04-14,F,USA,Colorado,Home,3,Yes,Website,49,0,1707466.97,426866.7425,4,5958.92,1489.73,286.54,0,0,1,3,C4: Luxury / Domestic Investors
C0443,Individual,Noah,Foster,1950-06-22,M,Denmark,Capital Region,Home,1,Yes,Agency,74,1,1355839.1,451946.3666666667,3,4583.59,1527.8633333333337,295.8,0,0,1,2,C1: Global Investors
C0444,Individual,Jennifer,Martin,1941-03-15,F,USA,California,Home,2,No,Website,83,0,1054514.54,263628.635,4,3775.88,943.97,279.28,0,0,0,1,C4: Luxury / Domestic Investors
C0445,Individual,Michelle,Evans,1995-11-12,F,USA,California,Home,2,Yes,Website,29,0,1425691.63,356422.9075,4,4407.95,1101.9875,323.44,0,0,1,3,C2: First-Time Buyers
C0446,Individual,Douglas,Thomas,1955-02-01,M,USA,Colorado,Home,2,No,Website,69,0,1024655.04,341551.68,3,3776.07,1258.6899999999998,271.35,0,0,0,1,C4: Luxury / Domestic Investors
C0447,Individual,Patricia,Johnson,1956-06-27,F,USA,New York,Home,2,No,Website,68,0,1543592.15,514530.7166666666,3,5041.58,1680.5266666666666,306.17,0,0,0,3,C4: Luxury / Domestic Investors
C0448,Individual,Mark,White,1980-06-10,M,USA,Nevada,Investment,2,No,Agency,44,0,942066.48,314022.16,3,3150.24,1050.08,299.05,0,1,0,1,C4: Luxury / Domestic Investors
C0449,Individual,Jordan,King,1972-06-24,M,USA,Oregon,Investment,2,No,Agency,52,0,1418922.44,472974.14666666667,3,4512.84,1504.28,314.42,0,1,0,3,C4: Luxury / Domestic Investors
C0450,Individual,Matthew,Jackson,1992-02-19,M,Mexico,Nuevo Leon,Home,3,No,Website,32,1,1555297.37,388824.3425,4,5034.33,1258.5825,308.94,0,0,0,2,C1: Global Investors
C0451,Individual,Larry,Anderson,1985-09-20,M,Canada,Alberta,Investment,5,Yes,Client,39,1,1665967.41,416491.8525,4,5358.78,1339.695,310.89,0,1,1,0,C1: Global Investors
C0452,Individual,Brandon,Adams,1967-10-17,M,USA,Washington,Home,3,No,Website,57,0,1398358.69,349589.6725,4,4344.91,1086.2275,321.84,0,0,0,3,C4: Luxury / Domestic Investors
C0453,Individual,Carl,Wood,1993-04-16,M,UK,Scotland,Investment,1,No,Website,31,1,1321010.76,330252.69,4,4413.21,1103.3025,299.33,0,1,0,2,C1: Global Investors
C0454,Company,Altira,Co,1961-04-01,F,USA,Nevada,Investment,4,No,Agency,63,0,980683.73,326894.57666666666,3,3217.45,1072.4833333333331,304.8,1,1,0,1,C3: Corporate Buyers
C0455,Individual,Karen,Williams,1963-02-01,F,USA,California,Home,1,No,Agency,61,0,1125726.62,281431.655,4,3353.17,838.2925,335.72,0,0,0,1,C4: Luxury / Domestic Investors
C0456,Individual,Virginia,Brooks,1995-11-18,F,USA,Oregon,Home,3,Yes,Website,29,0,1349210.55,449736.85,3,4346.46,1448.82,310.42,0,0,1,3,C2: First-Time Buyers
C0457,Individual,Kenneth,Hansen,1980-07-19,M,UK,Wales,Investment,1,No,Agency,44,1,1399940.21,466646.73666666663,3,4373.5,1457.8333333333333,320.1,0,1,0,2,C1: Global Investors
C0458,Individual,Thomas,Turner,1995-07-04,M,USA,Oregon,Investment,1,No,Agency,29,0,1382881.81,345720.4525,4,4493.27,1123.3175,307.77,0,1,0,1,C4: Luxury / Domestic Investors
C0459,Individual,Steven,Johnson,1955-03-23,M,USA,California,Home,3,No,Agency,69,0,821716.14,273905.38,3,2836.95,945.65,289.65,0,0,0,1,C4: Luxury / Domestic Investors
C0460,Individual,Amanda,Cox,1992-12-25,F,USA,Virginia,Home,1,No,Website,32,0,1061349.03,353783.01,3,3236.3599999999997,1078.7866666666666,327.95,0,0,0,1,C4: Luxury / Domestic Investors
C0461,Individual,Jonathan,Peterson,1960-02-16,M,USA,Arizona,Home,1,No,Agency,64,0,986630.39,328876.7966666667,3,3472.41,1157.47,284.13,0,0,0,1,C4: Luxury / Domestic Investors
C0462,Individual,Eric,White,1943-10-22,M,Australia,Victoria,Home,2,No,Agency,81,1,1606667.68,401666.92,4,5264.15,1316.0375,305.21,0,0,0,2,C1: Global Investors
C0463,Individual,Nicholas,Garcia,1970-06-13,M,USA,California,Home,5,No,Client,54,0,1235094.73,308773.6825,4,3957.84,989.46,312.06,0,0,0,0,C4: Luxury / Domestic Investors
C0464,Individual,Gregory,Turner,1974-12-11,M,USA,Florida,Home,5,No,Website,50,0,1455550.0,363887.5,4,5107.29,1276.8225,284.99,0,0,0,3,C4: Luxury / Domestic Investors
C0465,Individual,George,Carter,1949-09-02,M,USA,California,Home,3,No,Website,75,0,707799.9199999999,235933.30666666664,3,2517.4300000000003,839.1433333333334,281.16,0,0,0,1,C4: Luxury / Domestic Investors
C0466,Individual,Patricia,Cox,1988-05-19,F,USA,Virginia,Investment,2,No,Website,36,0,1228651.21,307162.8025,4,4120.84,1030.21,298.16,0,1,0,1,C4: Luxury / Domestic Investors
C0467,Individual,Rebecca,Chavez,1952-04-05,F,USA,Ohio,Home,1,Yes,Agency,72,0,976066.93,325355.64333333337,3,3467.09,1155.6966666666667,281.52,0,0,1,1,C4: Luxury / Domestic Investors
C0468,Individual,Raymond,Smith,1952-11-13,M,Mexico,Jalisco,Investment,3,Yes,Website,72,1,1267396.7999999998,422465.5999999999,3,4158.96,1386.32,304.74,0,1,1,2,C1: Global Investors
C0469,Individual,Adam,Foster,1997-03-23,M,USA,California,Home,2,No,Website,27,0,1518476.47,379619.1175,4,5061.53,1265.3825,300.0,0,0,0,3,C4: Luxury / Domestic Investors
C0470,Individual,Joan,Anderson,1963-02-17,F,USA,Oregon,Home,1,No,Agency,61,0,862552.54,287517.51333333337,3,2651.24,883.7466666666666,325.34,0,0,0,1,C4: Luxury / Domestic Investors
C0471,Individual,Gary,Collins,1984-06-26,M,USA,Utah,Investment,3,No,Agency,40,0,1084997.39,361665.79666666663,3,3628.92,1209.64,298.99,0,1,0,1,C4: Luxury / Domestic Investors
C0472,Individual,Edward,Moore,1951-10-04,M,USA,California,Home,4,No,Website,73,0,1277486.37,425828.79,3,4182.63,1394.21,305.43,0,0,0,3,C4: Luxury / Domestic Investors
C0473,Individual,Sharon,Price,1981-08-09,F,USA,California,Home,3,No,Agency,43,0,1304527.66,326131.91500000004,4,4170.9,1042.725,312.77,0,0,0,1,C4: Luxury / Domestic Investors
C0474,Individual,Gregory,Young,1995-12-08,M,USA,Nevada,Home,1,No,Website,29,0,962015.29,240503.8225,4,3296.81,824.2025,291.8,0,0,0,1,C4: Luxury / Domestic Investors
C0475,Individual,William,Brooks,1946-08-18,M,Belgium,Wallonia,Investment,2,Yes,Agency,78,1,1234470.16,411490.0533333333,3,4114.84,1371.6133333333337,300.0,0,1,1,2,C1: Global Investors
C0476,Individual,Steven,Johnson,1997-04-05,M,USA,Florida,Home,3,No,Agency,27,0,1485303.01,371325.7525,4,5197.47,1299.3675,285.77,0,0,0,3,C4: Luxury / Domestic Investors
C0477,Individual,Jesse,Stone,1984-02-01,M,USA,California,Investment,4,Yes,Website,40,0,1535114.88,511704.96,3,4356.79,1452.263333333333,352.35,0,1,1,3,C2: First-Time Buyers
C0478,Individual,Ashley,Garcia,1940-08-02,F,USA,Ohio,Investment,4,No,Website,84,0,774892.79,258297.59666666668,3,2992.24,997.4133333333332,258.97,0,1,0,1,C4: Luxury / Domestic Investors
C0479,Individual,Virginia,Wright,1978-04-06,F,USA,California,Home,2,Yes,Agency,46,0,1172782.93,293195.7325,4,3826.69,956.6725,306.47,0,0,1,1,C4: Luxury / Domestic Investors
C0480,Individual,Scott,Bryant,1974-09-16,M,USA,California,Home,4,Yes,Website,50,0,1033261.03,258315.2575,4,3308.8,827.2,312.28,0,0,1,1,C4: Luxury / Domestic Investors
C0481,Individual,Sean,Williams,1976-12-12,M,USA,Arizona,Home,3,No,Agency,48,0,1365460.24,341365.06,4,4163.5599999999995,1040.89,327.95,0,0,0,1,C4: Luxury / Domestic Investors
C0482,Individual,Deborah,Brown,1980-10-08,F,USA,New York,Investment,3,Yes,Agency,44,0,1006132.77,335377.59,3,3466.39,1155.4633333333334,290.25,0,1,1,1,C2: First-Time Buyers
C0483,Individual,Kevin,Jackson,1985-11-08,M,USA,Arizona,Investment,1,No,Website,39,0,881113.79,293704.5966666667,3,2804.62,934.8733333333332,314.17,0,1,0,1,C4: Luxury / Domestic Investors
C0484,Individual,Janet,Wright,1989-04-19,F,USA,Texas,Investment,3,No,Website,35,0,1313240.67,328310.1675,4,4456.42,1114.105,294.69,0,1,0,1,C4: Luxury / Domestic Investors
C0485,Individual,Julia,Morales,1991-10-07,F,USA,Arizona,Home,2,No,Website,33,0,1000841.18,333613.7266666666,3,3434.41,1144.8033333333333,291.42,0,0,0,1,C4: Luxury / Domestic Investors
C0486,Individual,Billy,Carter,1999-09-16,M,USA,California,Investment,2,Yes,Website,25,0,1090587.66,363529.22,3,3526.3500000000004,1175.45,309.27,0,1,1,1,C2: First-Time Buyers
C0487,Individual,Jessica,Williams,1991-10-23,F,USA,Washington,Home,5,No,Website,33,0,1576272.71,394068.1775,4,5180.39,1295.0975,304.28,0,0,0,3,C4: Luxury / Domestic Investors
C0488,Individual,Megan,Jackson,1979-05-11,F,USA,California,Investment,4,No,Agency,45,0,1218265.36,304566.33999999997,4,3963.95,990.9875,307.34,0,1,0,1,C4: Luxury / Domestic Investors
C0489,Individual,Austin,Jordan,1950-06-08,M,Germany,Berlin,Investment,2,No,Website,74,1,1025274.77,341758.25666666665,3,3308.59,1102.8633333333337,309.88,0,1,0,2,C1: Global Investors
C0490,Individual,Emily,Wright,1954-01-23,F,USA,Nevada,Investment,5,Yes,Website,70,0,1292367.93,430789.31,3,3721.82,1240.6066666666666,347.24,0,1,1,3,C4: Luxury / Domestic Investors
C0491,Individual,Noah,White,1941-08-05,M,USA,Washington,Home,2,No,Website,83,0,1106379.8,368793.26666666666,3,3505.15,1168.3833333333334,315.64,0,0,0,1,C4: Luxury / Domestic Investors
C0492,Individual,Raymond,Price,2000-05-07,M,USA,Utah,Home,3,Yes,Website,24,0,1300917.1,325229.275,4,4034.65,1008.6625,322.44,0,0,1,1,C2: First-Time Buyers
C0493,Individual,Tyler,Hughes,1954-07-06,M,USA,Colorado,Home,3,No,Website,70,0,1312198.98,328049.745,4,4564.9,1141.225,287.45,0,0,0,3,C4: Luxury / Domestic Investors
C0494,Individual,Grace,Carter,1990-08-03,F,USA,California,Home,3,Yes,Website,34,0,1052676.65,263169.1625,4,3644.17,911.0425,288.87,0,0,1,1,C2: First-Time Buyers
C0495,Individual,Jerry,Hall,1954-02-18,M,USA,California,Investment,5,No,Client,70,0,1246742.44,311685.61,4,3939.81,984.9525,316.45,0,1,0,0,C4: Luxury / Domestic Investors
C0496,Individual,Billy,Reyes,1990-01-04,M,USA,California,Home,4,No,Agency,34,0,1120376.44,280094.11,4,3790.99,947.7475,295.54,0,0,0,1,C4: Luxury / Domestic Investors
C0497,Individual,Emma,Stewart,1985-02-02,F,USA,Arizona,Investment,4,Yes,Website,39,0,1330684.99,443561.6633333334,3,4314.88,1438.2933333333333,308.39,0,1,1,3,C2: First-Time Buyers
C0498,Individual,Nancy,Collins,1948-11-21,F,Canada,Alberta,Home,2,Yes,Website,76,1,1007455.29,335818.43,3,3775.2,1258.4,266.86,0,0,1,2,C1: Global Investors
C0499,Individual,Lisa,Patterson,1946-02-10,F,USA,Colorado,Home,3,Yes,Agency,78,0,897769.81,299256.60333333333,3,2591.29,863.7633333333333,346.46,0,0,1,1,C4: Luxury / Domestic Investors
C0500,Individual,Dennis,Howard,1977-03-15,M,USA,California,Home,4,Yes,Website,47,0,1294944.52,431648.17333333334,3,4314.88,1438.2933333333333,300.11,0,0,1,3,C4: Luxury / Domestic Investors
C0501,Individual,Kenneth,Jackson,1995-11-12,M,USA,Nevada,Investment,5,Yes,Agency,29,0,1741166.27,435291.5675,4,5817.4,1454.35,299.3,0,1,1,3,C2: First-Time Buyers
C0502,Individual,Madison,Gray,1966-11-28,F,USA,Arizona,Home,4,No,Website,58,0,1537989.75,384497.4375,4,5297.54,1324.385,290.32,0,0,0,3,C4: Luxury / Domestic Investors
C0503,Individual,Keith,Peterson,1943-09-26,M,USA,Utah,Investment,2,Yes,Client,81,0,1432167.34,358041.835,4,4542.12,1135.53,315.31,0,1,1,0,C4: Luxury / Domestic Investors
C0504,Individual,Jeffrey,Green,1992-01-14,M,USA,Utah,Home,2,No,Website,32,0,1367188.58,341797.145,4,4434.43,1108.6075,308.31,0,0,0,3,C4: Luxury / Domestic Investors
C0505,Individual,Katherine,Wilson,1995-07-18,F,USA,Arizona,Home,3,No,Agency,29,0,1043535.21,347845.07,3,3375.51,1125.17,309.15,0,0,0,1,C4: Luxury / Domestic Investors
C0506,Individual,Albert,Stone,1967-07-04,M,USA,California,Home,5,No,Agency,57,0,1122203.03,374067.6766666667,3,3802.22,1267.4066666666668,295.14,0,0,0,1,C4: Luxury / Domestic Investors
C0507,Individual,Mark,Morales,1951-02-26,M,USA,New York,Home,3,No,Website,73,0,1062656.61,354218.86999999994,3,3664.15,1221.3833333333334,290.01,0,0,0,1,C4: Luxury / Domestic Investors
C0508,Individual,Grace,Weaver,1970-01-06,F,USA,Nevada,Home,5,No,Agency,54,0,833710.06,277903.35333333333,3,2701.85,900.6166666666667,308.57,0,0,0,1,C4: Luxury / Domestic Investors
C0509,Individual,Aaron,Cook,1956-04-02,M,Belgium,Wallonia,Home,3,No,Website,68,1,1687930.25,421982.5625,4,5333.110000000001,1333.2775,316.5,0,0,0,2,C1: Global Investors
C0510,Individual,Samantha,Evans,1947-08-28,F,France,Brittany,Investment,1,Yes,Website,77,1,1094232.67,364744.2233333333,3,3731.47,1243.8233333333333,293.24,0,1,1,2,C1: Global Investors
C0511,Individual,Christine,Parker,1954-07-20,F,UK,England,Home,2,No,Website,70,1,1090537.6,363512.5333333334,3,3538.5699999999997,1179.5233333333333,308.19,0,0,0,2,C1: Global Investors
C0512,Individual,Hannah,Flores,1945-06-27,F,USA,Arizona,Home,1,No,Client,79,0,1448158.14,482719.38000000006,3,4963.42,1654.4733333333334,291.77,0,0,0,0,C4: Luxury / Domestic Investors
C0513,Individual,Christian,Morales,1999-03-07,M,USA,Florida,Home,2,Yes,Agency,25,0,974596.63,324865.54333333333,3,3148.54,1049.513333333333,309.54,0,0,1,1,C2: First-Time Buyers
C0514,Individual,Rebecca,Evans,1977-08-17,F,USA,Oregon,Home,1,Yes,Website,47,0,1528027.54,382006.885,4,5264.15,1316.0375,290.27,0,0,1,3,C4: Luxury / Domestic Investors
C0515,Individual,Melissa,Patterson,1963-09-12,F,USA,California,Home,1,Yes,Website,61,0,1561824.93,390456.2325,4,5371.17,1342.7925,290.78,0,0,1,3,C4: Luxury / Domestic Investors
C0516,Individual,Lawrence,Nelson,1946-04-21,M,USA,Utah,Home,3,No,Website,78,0,1437837.49,359459.3725,4,4787.5599999999995,1196.89,300.33,0,0,0,3,C4: Luxury / Domestic Investors
C0517,Individual,Harold,Thompson,1959-03-20,M,USA,California,Home,5,No,Client,65,0,1115807.0,278951.75,4,3757.95,939.4875,296.92,0,0,0,0,C4: Luxury / Domestic Investors
C0518,Company,Lumina,Co,1962-05-22,F,USA,New York,Home,3,No,Website,62,0,1633111.65,408277.9125,4,4787.889999999999,1196.9725,341.09,1,0,0,3,C3: Corporate Buyers
C0519,Individual,Madison,Freeman,1975-10-04,F,USA,Arizona,Investment,3,No,Agency,49,0,981719.26,327239.75333333336,3,3326.99,1108.996666666667,295.08,0,1,0,1,C4: Luxury / Domestic Investors
C0520,Individual,Helen,White,1970-02-11,F,USA,Oregon,Home,3,Yes,Agency,54,0,1033523.16,344507.72000000003,3,3326.99,1108.996666666667,310.65,0,0,1,1,C4: Luxury / Domestic Investors
C0521,Individual,Stephanie,Allen,1967-04-02,F,Canada,British Columbia,Home,3,No,Website,57,1,1074306.5,268576.625,4,3490.7200000000003,872.6800000000001,307.76,0,0,0,2,C1: Global Investors
C0522,Individual,Nicole,Campbell,1942-07-13,F,USA,Virginia,Home,5,No,Agency,82,0,993023.13,331007.71,3,3721.82,1240.6066666666666,266.81,0,0,0,1,C4: Luxury / Domestic Investors
C0523,Individual,Cynthia,Hansen,1960-08-22,F,USA,Colorado,Home,2,No,Agency,64,0,928962.95,309654.31666666665,3,3175.99,1058.6633333333332,292.5,0,0,0,1,C4: Luxury / Domestic Investors
C0524,Individual,Harold,Thompson,1953-05-24,M,USA,Washington,Home,3,No,Website,71,0,801104.6900000001,267034.89666666667,3,2691.9300000000003,897.3100000000001,297.59,0,0,0,1,C4: Luxury / Domestic Investors
C0525,Individual,Frank,Gray,1950-06-12,M,USA,Arizona,Home,4,Yes,Agency,74,0,1629457.52,407364.38,4,5197.3099999999995,1299.3275,313.52,0,0,1,3,C4: Luxury / Domestic Investors
C0526,Individual,Harold,Green,1968-02-28,M,Germany,Bavaria,Home,5,No,Website,56,1,1301139.77,433713.25666666665,3,4776.37,1592.1233333333332,272.41,0,0,0,2,C1: Global Investors
C0527,Individual,Andrew,Baker,1979-07-19,M,USA,California,Home,2,No,Website,45,0,1138099.7,379366.56666666665,3,3898.61,1299.5366666666666,291.92,0,0,0,1,C4: Luxury / Domestic Investors
C0528,Individual,Benjamin,Davis,2000-08-09,M,USA,Washington,Investment,2,No,Client,24,0,1118472.87,372824.29,3,3618.82,1206.2733333333333,309.07,0,1,0,0,C4: Luxury / Domestic Investors
C0529,Individual,Paul,Jordan,1973-11-14,M,USA,Nevada,Home,4,Yes,Website,51,0,1268138.95,317034.7375,4,4392.67,1098.1675,288.69,0,0,1,1,C4: Luxury / Domestic Investors
C0530,Individual,Patricia,Reed,1952-09-07,F,USA,Utah,Home,2,Yes,Agency,72,0,1559124.69,389781.1725,4,4986.83,1246.7075,312.65,0,0,1,3,C4: Luxury / Domestic Investors
C0531,Individual,Emily,White,1976-09-19,F,USA,California,Home,1,No,Website,48,0,1911300.78,477825.19499999995,4,6042.6,1510.65,316.3,0,0,0,3,C4: Luxury / Domestic Investors
C0532,Individual,Lauren,Moore,1979-08-12,F,Belgium,Flanders,Home,2,No,Website,45,1,1075202.77,268800.6925,4,3963.95,990.9875,271.25,0,0,0,2,C1: Global Investors
C0533,Individual,Jeffrey,Williams,1963-09-06,M,USA,Nevada,Investment,1,No,Agency,61,0,990028.19,247507.0475,4,3149.84,787.46,314.31,0,1,0,1,C4: Luxury / Domestic Investors
C0534,Individual,Bryan,Miller,1958-02-21,M,USA,California,Investment,1,No,Agency,66,0,1133195.2,377731.73333333334,3,4114.84,1371.6133333333337,275.39,0,1,0,1,C4: Luxury / Domestic Investors
C0535,Individual,Judith,Allen,1987-12-22,F,UK,Wales,Home,3,No,Agency,37,1,1299053.94,433017.98,3,4158.96,1386.32,312.35,0,0,0,2,C1: Global Investors
C0536,Individual,Brittany,Weaver,1956-03-14,F,USA,Arizona,Investment,5,Yes,Website,68,0,983106.84,327702.28,3,3313.53,1104.51,296.69,0,1,1,1,C4: Luxury / Domestic Investors
C0537,Individual,Carl,Baker,1962-04-25,M,USA,Florida,Home,2,No,Client,62,0,1490327.5,372581.875,4,4956.58,1239.145,300.68,0,0,0,0,C4: Luxury / Domestic Investors
C0538,Individual,Richard,Pierce,1969-04-23,M,USA,California,Home,1,Yes,Agency,55,0,1206897.7000000002,301724.42500000005,4,4413.29,1103.3225,273.47,0,0,1,1,C4: Luxury / Domestic Investors
C0539,Individual,Lawrence,Bryant,1991-02-25,M,USA,California,Investment,1,Yes,Agency,33,0,1645321.2,411330.3,4,5355.599999999999,1338.9,307.22,0,1,1,3,C2: First-Time Buyers
C0540,Individual,Anna,Long,1997-02-27,F,USA,New York,Home,3,No,Agency,27,0,494173.31,164724.43666666668,3,1731.73,577.2433333333333,285.36,0,0,0,1,C4: Luxury / Domestic Investors
C0541,Individual,Anthony,Garcia,2000-03-22,M,UK,Northern Ireland,Home,3,No,Agency,24,1,1721673.54,430418.385,4,5186.25,1296.5625,331.97,0,0,0,2,C1: Global Investors
C0542,Company,Lumina,Co,1985-09-26,M,Mexico,Mexico City,Home,3,No,Website,39,1,1195819.4,298954.85,4,4097.35,1024.3375,291.85,1,0,0,2,C3: Corporate Buyers
C0543,Individual,Joan,Parker,1947-07-23,F,USA,Texas,Home,2,Yes,Website,77,0,753145.67,251048.55666666667,3,2588.6099999999997,862.8699999999999,290.95,0,0,1,1,C4: Luxury / Domestic Investors
C0544,Individual,Kevin,White,1974-10-16,M,USA,Utah,Home,2,No,Website,50,0,1636756.28,409189.07,4,5305.01,1326.2525,308.53,0,0,0,3,C4: Luxury / Domestic Investors
C0545,Individual,Paul,Griffin,1942-08-04,M,USA,Colorado,Home,1,Yes,Agency,82,0,1260126.39,420042.12999999995,3,4356.79,1452.263333333333,289.23,0,0,1,1,C4: Luxury / Domestic Investors
C0546,Individual,Samuel,Flores,1967-12-23,M,Canada,Manitoba,Home,4,No,Client,57,1,795528.06,265176.02,3,2797.11,932.37,284.41,0,0,0,0,C1: Global Investors
C0547,Individual,Diane,Allen,1947-09-20,F,USA,California,Investment,2,No,Agency,77,0,1178457.95,294614.4875,4,4113.29,1028.3225,286.5,0,1,0,1,C4: Luxury / Domestic Investors
C0548,Individual,Christopher,Foster,1980-04-11,M,USA,California,Home,2,No,Agency,44,0,1047476.93,349158.9766666666,3,3559.31,1186.4366666666667,294.29,0,0,0,1,C4: Luxury / Domestic Investors
C0549,Individual,Daniel,Sanders,1972-10-15,M,USA,Florida,Home,4,No,Website,52,0,941219.76,313739.92,3,3248.25,1082.75,289.76,0,0,0,1,C4: Luxury / Domestic Investors
C0550,Company,Vertex,Co,1967-04-09,F,USA,Nevada,Home,1,No,Agency,57,0,1414568.09,353642.0225,4,4494.469999999999,1123.6174999999998,314.74,1,0,0,3,C3: Corporate Buyers
C0551,Individual,Billy,Freeman,1960-05-17,M,USA,California,Investment,4,No,Website,64,0,1007397.56,335799.1866666667,3,3331.87,1110.6233333333332,302.35,0,1,0,1,C4: Luxury / Domestic Investors
C0552,Individual,Kyle,Cook,1965-10-20,M,USA,Virginia,Investment,3,No,Agency,59,0,1141476.56,380492.1866666667,3,3588.52,1196.1733333333334,318.09,0,1,0,1,C4: Luxury / Domestic Investors
C0553,Individual,James,Bell,1978-11-26,M,USA,Arizona,Home,3,No,Website,46,0,821534.9400000001,273844.98000000004,3,2691.9300000000003,897.3100000000001,305.18,0,0,0,1,C4: Luxury / Domestic Investors
C0554,Individual,Carl,Moore,1948-12-24,M,Australia,Victoria,Home,1,Yes,Agency,76,1,1643592.85,410898.2125,4,5181.0599999999995,1295.265,317.23,0,0,1,2,C1: Global Investors
C0555,Individual,Aaron,Nelson,1971-04-23,M,USA,California,Investment,4,Yes,Agency,53,0,1064533.27,354844.42333333334,3,3487.85,1162.6166666666666,305.21,0,1,1,1,C4: Luxury / Domestic Investors
C0556,Individual,Zachary,Sanders,1958-10-17,M,USA,Colorado,Home,5,No,Website,66,0,1335478.18,445159.3933333333,3,4580.87,1526.9566666666667,291.53,0,0,0,3,C4: Luxury / Domestic Investors
C0557,Individual,Judy,Griffin,1941-09-25,F,USA,Utah,Investment,2,No,Website,83,0,733161.98,244387.32666666663,3,2373.1200000000003,791.0400000000001,308.94,0,1,0,1,C4: Luxury / Domestic Investors
C0558,Individual,Cheryl,Wood,1974-10-23,F,Denmark,North Denmark,Home,3,No,Website,50,1,1033995.96,344665.32,3,3277.62,1092.54,315.47,0,0,0,2,C1: Global Investors
C0559,Company,Corvus,Co,1969-08-18,M,USA,California,Home,5,No,Client,55,0,1004028.87,251007.2175,4,3147.48,786.87,318.99,1,0,0,0,C3: Corporate Buyers
C0560,Individual,Janice,Nelson,1988-04-20,F,Australia,South Australia,Home,3,No,Website,36,1,1433718.12,477906.04,3,4502.16,1500.72,318.45,0,0,0,2,C1: Global Investors
C0561,Company,Bravada,Co,1962-11-20,F,USA,Arizona,Investment,3,No,Website,62,0,1589252.43,397313.1075,4,5192.58,1298.145,306.06,1,1,0,3,C3: Corporate Buyers
C0562,Individual,Judy,Peterson,1940-11-23,F,USA,Utah,Investment,5,Yes,Website,84,0,1423675.7200000002,355918.93000000005,4,4616.42,1154.105,308.39,0,1,1,3,C4: Luxury / Domestic Investors
C0563,Individual,William,Howard,1991-01-22,M,USA,California,Home,2,Yes,Agency,33,0,1012807.93,253201.9825,4,3371.0,842.75,300.45,0,0,1,1,C2: First-Time Buyers
C0564,Individual,Scott,Adams,1952-09-02,M,USA,Texas,Home,1,No,Agency,72,0,1135017.6,378339.2,3,3750.92,1250.3066666666666,302.6,0,0,0,1,C4: Luxury / Domestic Investors
C0565,Individual,Austin,Wood,1985-09-26,M,France,Brittany,Home,1,No,Website,39,1,1043494.32,347831.44,3,3501.83,1167.2766666666666,297.99,0,0,0,2,C1: Global Investors
C0566,Individual,Janice,Miller,2000-12-09,F,USA,Oregon,Investment,4,Yes,Agency,24,0,1167701.9,291925.475,4,3861.18,965.295,302.42,0,1,1,1,C2: First-Time Buyers
C0567,Individual,Megan,Chavez,1953-10-07,F,Russia,Saint Petersburg,Investment,2,Yes,Agency,71,1,1869286.1,467321.525,4,6185.55,1546.3875,302.2,0,1,1,2,C1: Global Investors
C0568,Individual,Timothy,Wright,1953-09-04,M,USA,California,Home,3,No,Website,71,0,944335.88,314778.62666666665,3,3047.8199999999997,1015.94,309.84,0,0,0,1,C4: Luxury / Domestic Investors
C0569,Individual,Mary,Cook,1971-12-05,F,USA,California,Home,5,Yes,Client,53,0,1384749.3,461583.1,3,4381.48,1460.493333333333,316.05,0,0,1,0,C4: Luxury / Domestic Investors
C0570,Individual,Hannah,Peterson,1965-06-03,F,France,Occitanie,Home,5,Yes,Website,59,1,1527210.47,381802.6175,4,5243.29,1310.8225,291.27,0,0,1,2,C1: Global Investors
C0571,Individual,Adam,Chavez,1966-07-03,M,USA,California,Home,3,No,Website,58,0,1549969.49,387492.3725,4,5835.72,1458.93,265.6,0,0,0,3,C4: Luxury / Domestic Investors
C0572,Individual,Ann,Johnson,1993-11-12,F,USA,California,Investment,5,No,Website,31,0,1519677.44,379919.36,4,4915.33,1228.8325,309.17,0,1,0,3,C4: Luxury / Domestic Investors
C0573,Company,Altira,Co,1977-04-24,M,USA,Georgia,Home,4,Yes,Agency,47,0,785842.76,261947.58666666667,3,2549.24,849.7466666666668,308.27,1,0,1,1,C3: Corporate Buyers
C0574,Individual,Gerald,Cox,1968-09-15,M,USA,California,Home,2,No,Agency,56,0,1261906.32,315476.58,4,4208.99,1052.2475,299.81,0,0,0,1,C4: Luxury / Domestic Investors
C0575,Individual,Brian,Hansen,1966-01-21,M,USA,California,Investment,2,No,Website,58,0,1018391.27,339463.75666666665,3,3323.43,1107.81,306.43,0,1,0,1,C4: Luxury / Domestic Investors
C0576,Individual,Terry,Reyes,1959-02-24,M,Germany,Hamburg,Home,1,No,Client,65,1,1047406.79,349135.5966666667,3,3248.69,1082.8966666666668,322.41,0,0,0,0,C1: Global Investors
C0577,Individual,Christopher,Miller,1989-05-18,M,USA,Arizona,Home,3,No,Website,35,0,693899.0099999999,231299.66999999995,3,2638.0299999999997,879.3433333333332,263.04,0,0,0,1,C4: Luxury / Domestic Investors
C0578,Individual,Lauren,Rogers,1999-07-22,F,USA,Arizona,Home,5,Yes,Client,25,0,707276.53,235758.84333333335,3,2699.27,899.7566666666667,262.03,0,0,1,0,C2: First-Time Buyers
C0579,Individual,Christopher,Ward,1941-09-04,M,USA,Texas,Investment,3,No,Website,83,0,1198428.64,399476.2133333334,3,3898.61,1299.5366666666666,307.4,0,1,0,1,C4: Luxury / Domestic Investors
C0580,Individual,Heather,Watson,1948-11-01,F,USA,California,Home,2,Yes,Client,76,0,2158954.7800000003,539738.6950000001,4,6904.23,1726.0575,312.7,0,0,1,0,C4: Luxury / Domestic Investors
C0581,Individual,Kimberly,Stewart,1957-12-21,F,USA,California,Investment,5,Yes,Website,67,0,1029755.56,257438.89,4,3204.26,801.065,321.37,0,1,1,1,C4: Luxury / Domestic Investors
C0582,Individual,Teresa,Pierce,1940-02-10,F,USA,Washington,Investment,3,Yes,Website,84,0,708559.1499999999,236186.3833333333,3,2373.1200000000003,791.0400000000001,298.58,0,1,1,1,C4: Luxury / Domestic Investors
C0583,Individual,Kevin,Scott,1986-10-27,M,USA,California,Home,2,No,Agency,38,0,1237228.18,309307.045,4,3986.81,996.7025,310.33,0,0,0,1,C4: Luxury / Domestic Investors
C0584,Individual,Janice,Taylor,1982-11-03,F,USA,California,Home,5,No,Website,42,0,1135691.62,378563.87333333335,3,4052.92,1350.9733333333334,280.22,0,0,0,1,C4: Luxury / Domestic Investors
C0585,Individual,Anthony,Edwards,1961-02-07,M,USA,Colorado,Home,3,No,Agency,63,0,1003690.18,250922.545,4,3545.71,886.4275,283.07,0,0,0,1,C4: Luxury / Domestic Investors
C0586,Individual,Noah,Morales,1977-06-14,M,USA,California,Home,2,Yes,Client,47,0,1226524.31,408841.4366666667,3,3859.28,1286.4266666666667,317.81,0,0,1,0,C4: Luxury / Domestic Investors
C0587,Individual,Pamela,Richardson,1992-11-24,F,USA,New York,Home,4,No,Website,32,0,1093439.84,273359.95999999996,4,3647.14,911.785,299.81,0,0,0,1,C4: Luxury / Domestic Investors
C0588,Individual,Janice,White,1989-11-20,F,USA,Florida,Home,2,No,Website,35,0,1495976.14,373994.035,4,5085.38,1271.345,294.17,0,0,0,3,C4: Luxury / Domestic Investors
C0589,Individual,Christopher,Williams,1946-09-21,M,USA,Texas,Investment,5,No,Client,78,0,1982246.22,495561.555,4,6797.47,1699.3675,291.62,0,1,0,0,C4: Luxury / Domestic Investors
C0590,Individual,Arthur,Campbell,1966-09-16,M,UK,Scotland,Investment,2,No,Website,58,1,1105388.89,276347.22250000003,4,3743.06,935.765,295.32,0,1,0,2,C1: Global Investors
C0591,Individual,Dorothy,Long,1968-09-03,F,USA,Nevada,Home,1,No,Website,56,0,1336217.65,445405.8833333333,3,4381.48,1460.493333333333,304.97,0,0,0,3,C4: Luxury / Domestic Investors
C0592,Individual,Roger,Moore,1972-03-06,M,USA,Arizona,Investment,2,No,Client,52,0,787516.58,262505.5266666667,3,2554.28,851.4266666666667,308.31,0,1,0,0,C4: Luxury / Domestic Investors
C0593,Individual,Elizabeth,Carter,1952-08-08,F,USA,California,Home,2,Yes,Agency,72,0,2012063.38,503015.845,4,6300.43,1575.1075,319.35,0,0,1,3,C4: Luxury / Domestic Investors
C0594,Individual,Diane,Patterson,1942-08-02,F,USA,Utah,Home,1,No,Agency,82,0,1137572.87,379190.9566666667,3,3665.03,1221.6766666666665,310.39,0,0,0,1,C4: Luxury / Domestic Investors
C0595,Individual,Anna,Murray,1966-10-06,F,USA,Utah,Home,3,No,Agency,58,0,914304.97,304768.3233333333,3,2803.3,934.4333333333334,326.15,0,0,0,1,C4: Luxury / Domestic Investors
C0596,Individual,Gerald,Phillips,1976-04-17,M,USA,Nevada,Home,4,No,Agency,48,0,1094771.49,273692.8725,4,4095.87,1023.9675,267.29,0,0,0,1,C4: Luxury / Domestic Investors
C0597,Individual,Peter,King,1986-02-17,M,UK,Northern Ireland,Home,2,Yes,Website,38,1,976844.17,325614.7233333333,3,3100.86,1033.62,315.02,0,0,1,2,C1: Global Investors
C0598,Individual,Jacob,Gray,1949-06-24,M,USA,Colorado,Investment,4,No,Website,75,0,1398930.7000000002,349732.67500000005,4,4542.12,1135.53,307.99,0,1,0,3,C4: Luxury / Domestic Investors
C0599,Individual,Jennifer,Turner,1998-03-19,F,Canada,Alberta,Home,2,No,Agency,26,1,1162815.78,387605.26,3,4062.26,1354.0866666666668,286.25,0,0,0,2,C1: Global Investors
C0600,Individual,Thomas,King,1984-03-17,M,USA,Oregon,Investment,1,No,Client,40,0,917709.61,305903.2033333333,3,3128.13,1042.71,293.37,0,1,0,0,C4: Luxury / Domestic Investors
C0601,Individual,Lisa,Nelson,1972-10-16,F,USA,California,Home,4,No,Website,52,0,1700411.72,425102.93,4,5229.2,1307.3,325.18,0,0,0,3,C4: Luxury / Domestic Investors
C0602,Individual,Albert,Hayes,1984-03-24,M,Germany,Bavaria,Home,4,No,Agency,40,1,905508.82,226377.205,4,2993.32,748.33,302.51,0,0,0,2,C1: Global Investors
C0603,Individual,Diane,Thompson,1994-01-07,F,USA,New York,Home,4,Yes,Agency,30,0,1218095.3,304523.825,4,4111.24,1027.81,296.28,0,0,1,1,C2: First-Time Buyers
C0604,Individual,Danielle,Montgomery,1998-09-17,F,Belgium,Wallonia,Home,1,No,Agency,26,1,791133.03,263711.01,3,2757.14,919.0466666666666,286.94,0,0,0,2,C1: Global Investors
C0605,Individual,Nathan,Flores,1974-06-28,M,USA,Utah,Home,4,Yes,Agency,50,0,1407314.33,351828.5825,4,5068.28,1267.07,277.67,0,0,1,3,C4: Luxury / Domestic Investors
C0606,Individual,Carolyn,Stone,1949-12-25,F,France,Ile-de-France,Investment,1,No,Website,75,1,1070969.53,356989.8433333333,3,3438.79,1146.263333333333,311.44,0,1,0,2,C1: Global Investors
C0607,Individual,Daniel,Edwards,1962-09-14,M,USA,California,Home,1,No,Agency,62,0,1125230.12,375076.7066666666,3,4114.84,1371.6133333333337,273.46,0,0,0,1,C4: Luxury / Domestic Investors
C0608,Individual,Jerry,Adams,1956-06-14,M,USA,California,Home,4,No,Agency,68,0,1201411.56,300352.89,4,4074.09,1018.5225,294.89,0,0,0,1,C4: Luxury / Domestic Investors
C0609,Individual,Julia,Richardson,1961-05-22,F,USA,Washington,Home,4,No,Agency,63,0,1307567.64,326891.91,4,5020.530000000001,1255.1325000000002,260.44,0,0,0,1,C4: Luxury / Domestic Investors
C0610,Individual,Ann,Owens,1970-05-10,F,USA,California,Investment,4,No,Website,54,0,1178597.68,392865.8933333333,3,4019.19,1339.73,293.24,0,1,0,1,C4: Luxury / Domestic Investors
C0611,Individual,Jacob,Price,1950-12-06,M,USA,California,Home,4,No,Agency,74,0,1142671.94,285667.985,4,3989.66,997.415,286.41,0,0,0,1,C4: Luxury / Domestic Investors
C0612,Individual,Kevin,Wood,1960-01-26,M,USA,Florida,Home,4,No,Agency,64,0,1671846.3,417961.575,4,5556.6,1389.15,300.88,0,0,0,3,C4: Luxury / Domestic Investors
C0613,Individual,Cynthia,Cox,1995-10-02,F,Australia,Victoria,Home,4,No,Agency,29,1,1186019.52,395339.84,3,4099.6900000000005,1366.5633333333335,289.29,0,0,0,2,C1: Global Investors
C0614,Individual,George,Bryant,1972-01-07,M,UK,Wales,Home,3,Yes,Website,52,1,1025958.38,256489.595,4,3435.93,858.9825,298.6,0,0,1,2,C1: Global Investors
C0615,Individual,Jordan,King,1957-01-12,M,USA,Utah,Home,2,Yes,Website,67,0,919002.01,229750.5025,4,2993.32,748.33,307.02,0,0,1,1,C4: Luxury / Domestic Investors
C0616,Individual,Julie,Brooks,1963-04-17,F,USA,Virginia,Investment,1,Yes,Agency,61,0,1013364.3,337788.10000000003,3,3223.87,1074.6233333333332,314.33,0,1,1,1,C4: Luxury / Domestic Investors
C0617,Individual,Carolyn,Evans,1986-10-07,F,USA,Ohio,Home,5,Yes,Website,38,0,766861.21,255620.40333333332,3,2548.91,849.6366666666667,300.86,0,0,1,1,C2: First-Time Buyers
C0618,Individual,Austin,Taylor,1968-05-11,M,USA,Texas,Home,3,No,Agency,56,0,982803.0,327601.0,3,3339.87,1113.29,294.26,0,0,0,1,C4: Luxury / Domestic Investors
C0619,Individual,Heather,Morales,1970-04-25,F,USA,Washington,Home,4,No,Website,54,0,1411977.41,470659.13666666666,3,4415.7,1471.9,319.76,0,0,0,3,C4: Luxury / Domestic Investors
C0620,Individual,Sarah,Howard,1960-04-22,F,France,Brittany,Home,3,No,Website,64,1,1532429.29,510809.76333333337,3,4512.84,1504.28,339.57,0,0,0,2,C1: Global Investors
C0621,Individual,Jonathan,Turner,1982-02-13,M,Germany,Bavaria,Investment,3,Yes,Agency,42,1,791609.11,263869.7033333333,3,2609.36,869.7866666666667,303.37,0,1,1,2,C1: Global Investors
C0622,Individual,Katherine,Ward,1987-10-09,F,USA,Washington,Investment,2,No,Client,37,0,869334.73,289778.24333333335,3,2942.6099999999997,980.87,295.43,0,1,0,0,C4: Luxury / Domestic Investors
C0623,Individual,Jonathan,Adams,1986-04-27,M,USA,Florida,Investment,3,Yes,Client,38,0,1410333.45,352583.3625,4,4584.08,1146.02,307.66,0,1,1,0,C2: First-Time Buyers
C0624,Individual,Carl,Jordan,2000-09-02,M,USA,Nevada,Investment,3,No,Agency,24,0,1215611.54,405203.8466666667,3,4241.6,1413.8666666666668,286.59,0,1,0,1,C4: Luxury / Domestic Investors
C0625,Individual,Deborah,Hayes,1983-07-08,F,Belgium,Flanders,Investment,2,Yes,Agency,41,1,1000166.88,250041.72,4,3404.09,851.0225,293.81,0,1,1,2,C1: Global Investors
C0626,Individual,Sara,Jones,1968-06-13,F,Germany,Hamburg,Investment,2,No,Website,56,1,1061694.13,353898.0433333334,3,3733.67,1244.5566666666666,284.36,0,1,0,2,C1: Global Investors
C0627,Individual,Katherine,Johnson,2000-11-07,F,USA,Arizona,Home,3,No,Agency,24,0,1870806.42,467701.605,4,6904.23,1726.0575,270.97,0,0,0,3,C4: Luxury / Domestic Investors
C0628,Individual,Arthur,Campbell,1985-05-16,M,Canada,British Columbia,Home,3,Yes,Agency,39,1,1623109.63,405777.4075,4,5001.56,1250.39,324.52,0,0,1,2,C1: Global Investors
C0629,Individual,Maria,Richardson,1946-07-09,F,USA,California,Investment,2,No,Agency,78,0,961721.77,320573.92333333334,3,3387.5299999999997,1129.1766666666665,283.9,0,1,0,1,C4: Luxury / Domestic Investors
C0630,Individual,Stephen,Roberts,1965-07-28,M,USA,California,Home,2,No,Website,59,0,1308077.61,327019.40249999997,4,4302.0199999999995,1075.505,304.06,0,0,0,1,C4: Luxury / Domestic Investors
C0631,Individual,Dorothy,Flores,1966-12-11,F,USA,California,Home,5,No,Website,58,0,1534891.22,383722.805,4,4910.58,1227.645,312.57,0,0,0,3,C4: Luxury / Domestic Investors
C0632,Individual,Thomas,Nelson,1948-05-16,M,UK,Northern Ireland,Home,4,No,Website,76,1,1146845.98,286711.495,4,3790.99,947.7475,302.52,0,0,0,2,C1: Global Investors
C0633,Individual,Ann,Owens,1941-05-12,F,USA,Nevada,Home,3,No,Agency,83,0,1207516.26,301879.065,4,3714.98,928.745,325.04,0,0,0,1,C4: Luxury / Domestic Investors
C0634,Individual,Justin,Ward,1980-11-17,M,USA,Washington,Investment,4,Yes,Website,44,0,1181693.63,393897.87666666665,3,4179.32,1393.1066666666666,282.75,0,1,1,1,C2: First-Time Buyers
C0635,Individual,Kimberly,King,1960-06-14,F,UK,Scotland,Investment,5,No,Website,64,1,1375700.03,458566.6766666667,3,4381.48,1460.493333333333,313.98,0,1,0,2,C1: Global Investors
C0636,Individual,Kathleen,Rogers,1980-11-10,F,France,Brittany,Home,5,No,Website,44,1,981810.08,245452.52,4,3309.4300000000003,827.3575000000001,296.67,0,0,0,2,C1: Global Investors
C0637,Individual,Catherine,Stone,1967-08-14,F,USA,California,Home,2,No,Website,57,0,1602478.07,400619.5175,4,5186.25,1296.5625,308.99,0,0,0,3,C4: Luxury / Domestic Investors
C0638,Individual,Jason,King,1975-02-04,M,USA,Ohio,Home,5,Yes,Website,49,0,1347045.42,336761.355,4,4817.99,1204.4975,279.59,0,0,1,3,C4: Luxury / Domestic Investors
C0639,Individual,Mark,Campbell,1961-03-03,M,UK,Scotland,Home,3,Yes,Website,63,1,861670.72,287223.5733333333,3,3024.3900000000003,1008.13,284.91,0,0,1,2,C1: Global Investors
C0640,Individual,Emily,Thompson,1967-03-01,F,USA,Utah,Home,3,No,Agency,57,0,772950.1699999999,257650.05666666664,3,2746.91,915.6366666666668,281.39,0,0,0,1,C4: Luxury / Domestic Investors
C0641,Company,Zynex,Co,1994-02-26,M,USA,Arizona,Home,2,No,Agency,30,0,1217213.26,405737.75333333336,3,3721.82,1240.6066666666666,327.05,1,0,0,1,C3: Corporate Buyers
C0642,Individual,Julia,Reyes,1967-11-21,F,USA,California,Home,4,No,Website,57,0,1027140.61,342380.2033333333,3,3484.63,1161.5433333333333,294.76,0,0,0,1,C4: Luxury / Domestic Investors
C0643,Individual,Samantha,Richardson,1974-05-05,F,USA,California,Home,5,No,Website,50,0,928645.01,309548.33666666667,3,3049.51,1016.5033333333334,304.52,0,0,0,1,C4: Luxury / Domestic Investors
C0644,Individual,Teresa,Johnson,1956-08-25,F,USA,California,Home,4,Yes,Agency,68,0,1549624.23,516541.41,3,4890.41,1630.1366666666663,316.87,0,0,1,3,C4: Luxury / Domestic Investors
C0645,Individual,Arthur,Cox,1988-07-18,M,USA,Nevada,Home,2,No,Client,36,0,731453.53,243817.84333333335,3,2586.33,862.11,282.82,0,0,0,0,C4: Luxury / Domestic Investors
C0646,Individual,Cynthia,Campbell,1995-07-21,F,USA,Arizona,Investment,5,No,Agency,29,0,1325311.83,441770.61,3,4392.05,1464.0166666666669,301.75,0,1,0,3,C4: Luxury / Domestic Investors
C0647,Individual,Victoria,Green,1946-02-06,F,USA,California,Home,4,No,Agency,78,0,2115520.42,528880.105,4,6705.53,1676.3825,315.49,0,0,0,3,C4: Luxury / Domestic Investors
C0648,Individual,Stephanie,Reed,1999-03-02,F,USA,California,Home,1,Yes,Website,25,0,1142985.38,285746.345,4,3938.59,984.6475,290.2,0,0,1,1,C2: First-Time Buyers
C0649,Individual,Patricia,Mitchell,1995-03-01,F,USA,California,Home,4,No,Agency,29,0,1401448.51,350362.1275,4,4546.77,1136.6925,308.23,0,0,0,3,C4: Luxury / Domestic Investors
C0650,Company,Polaris,Co,1976-02-19,M,France,Occitanie,Home,3,Yes,Client,48,1,799742.26,266580.75333333336,3,2797.11,932.37,285.92,1,0,1,0,C3: Corporate Buyers
C0651,Company,Horizon,Co,1993-01-14,M,USA,Washington,Home,1,No,Agency,31,0,1077094.73,269273.6825,4,3795.03,948.7575,283.82,1,0,0,1,C3: Corporate Buyers
C0652,Individual,Heather,Johnson,1993-12-08,F,USA,Washington,Home,2,No,Website,31,0,904157.22,301385.74,3,2956.63,985.5433333333334,305.81,0,0,0,1,C4: Luxury / Domestic Investors
C0653,Individual,Gerald,Adams,1970-07-22,M,USA,Ohio,Home,2,No,Client,54,0,1215543.15,303885.7875,4,4213.08,1053.27,288.52,0,0,0,0,C4: Luxury / Domestic Investors
C0654,Individual,Eric,Griffin,1960-05-07,M,USA,New York,Home,2,Yes,Website,64,0,865293.89,288431.2966666667,3,3047.8199999999997,1015.94,283.91,0,0,1,1,C4: Luxury / Domestic Investors
C0655,Individual,Patricia,King,1950-05-19,F,USA,Nevada,Home,1,Yes,Agency,74,0,1071763.22,357254.4066666667,3,3415.27,1138.4233333333334,313.82,0,0,1,1,C4: Luxury / Domestic Investors
C0656,Individual,Amber,Allen,1977-02-08,F,USA,Colorado,Home,5,No,Client,47,0,1288383.38,322095.845,4,4761.63,1190.4075,270.58,0,0,0,0,C4: Luxury / Domestic Investors
C0657,Individual,Alexander,Allen,1956-09-26,M,USA,California,Home,2,No,Agency,68,0,1258111.3199999998,419370.43999999994,3,4014.44,1338.1466666666668,313.4,0,0,0,1,C4: Luxury / Domestic Investors
C0658,Individual,Kelly,Green,1999-12-13,F,USA,Virginia,Home,3,Yes,Agency,25,0,1122021.28,374007.0933333333,3,3815.01,1271.67,294.11,0,0,1,1,C2: First-Time Buyers
C0659,Individual,Sara,Foster,1988-10-06,F,USA,California,Home,4,Yes,Agency,36,0,1000550.86,250137.715,4,3330.46,832.615,300.42,0,0,1,1,C2: First-Time Buyers
C0660,Individual,Charles,Kim,1991-08-10,M,USA,Arizona,Home,4,Yes,Client,33,0,1148308.35,382769.45,3,4011.16,1337.0533333333333,286.28,0,0,1,0,C2: First-Time Buyers
C0661,Individual,Deborah,Williams,1961-06-25,F,Canada,Manitoba,Home,3,No,Website,63,1,1627713.0499999998,406928.2624999999,4,5197.3099999999995,1299.3275,313.18,0,0,0,2,C1: Global Investors
C0662,Individual,Stephanie,Kim,1957-08-25,F,USA,California,Investment,3,No,Website,67,0,1520239.97,380059.9925,4,4700.94,1175.235,323.39,0,1,0,3,C4: Luxury / Domestic Investors
C0663,Individual,Anthony,Flores,1958-02-02,M,USA,California,Home,2,Yes,Agency,66,0,1544313.34,386078.335,4,4939.23,1234.8075,312.66,0,0,1,3,C4: Luxury / Domestic Investors
C0664,Individual,Lawrence,Wood,1958-08-17,M,Canada,Alberta,Investment,5,Yes,Website,66,1,1063024.57,265756.1425,4,3589.88,897.47,296.12,0,1,1,2,C1: Global Investors
C0665,Individual,Robert,Adams,1959-08-27,M,USA,Colorado,Investment,1,No,Agency,65,0,704886.02,234962.00666666668,3,2297.04,765.68,306.87,0,1,0,1,C4: Luxury / Domestic Investors
C0666,Individual,Maria,Davis,1948-10-09,F,USA,California,Investment,1,No,Website,76,0,1532074.27,383018.5675,4,5085.38,1271.345,301.27,0,1,0,3,C4: Luxury / Domestic Investors
C0667,Individual,Anthony,Mitchell,1966-07-07,M,USA,Arizona,Investment,2,No,Agency,58,0,1486560.06,371640.015,4,5181.0599999999995,1295.265,286.92,0,1,0,3,C4: Luxury / Domestic Investors
C0668,Individual,Margaret,Peterson,1978-11-15,F,France,Ile-de-France,Investment,4,Yes,Website,46,1,987175.01,246793.7525,4,3296.81,824.2025,299.43,0,1,1,2,C1: Global Investors
C0669,Individual,Cheryl,Bell,1958-03-18,F,Canada,British Columbia,Home,3,No,Agency,66,1,1366533.49,455511.1633333334,3,4798.03,1599.3433333333332,284.81,0,0,0,2,C1: Global Investors
C0670,Company,Altira,Co,1976-06-18,M,USA,Nevada,Investment,4,No,Website,48,0,1631973.5499999998,543991.1833333332,3,5401.35,1800.45,302.14,1,1,0,3,C3: Corporate Buyers
C0671,Individual,Jerry,Pierce,1941-12-09,M,USA,Colorado,Home,4,Yes,Client,83,0,759678.12,253226.04,3,2548.91,849.6366666666667,298.04,0,0,1,0,C4: Luxury / Domestic Investors
C0672,Individual,Amber,Williams,1967-03-10,F,USA,California,Home,2,No,Website,57,0,1301968.05,433989.35,3,4356.79,1452.263333333333,298.84,0,0,0,3,C4: Luxury / Domestic Investors
C0673,Individual,Janice,Hayes,1965-10-19,F,USA,California,Home,4,No,Website,59,0,870503.9000000001,290167.96666666673,3,3038.88,1012.96,286.46,0,0,0,1,C4: Luxury / Domestic Investors
C0674,Individual,Judy,Turner,1986-05-26,F,USA,California,Investment,4,No,Website,38,0,1733438.52,433359.63,4,5463.780000000001,1365.9450000000002,317.26,0,1,0,3,C4: Luxury / Domestic Investors
C0675,Individual,Andrea,Wright,1969-12-23,F,USA,Texas,Home,5,No,Website,55,0,1117159.17,372386.39,3,3339.87,1113.29,334.49,0,0,0,1,C4: Luxury / Domestic Investors
C0676,Individual,Lisa,Davis,1942-06-12,F,USA,Nevada,Home,2,No,Agency,82,0,1022396.03,340798.6766666667,3,2967.17,989.0566666666668,344.57,0,0,0,1,C4: Luxury / Domestic Investors
C0677,Individual,Jerry,Miller,1981-09-02,M,USA,Arizona,Investment,2,No,Agency,43,0,1217015.11,304253.77749999997,4,4097.35,1024.3375,297.02,0,1,0,1,C4: Luxury / Domestic Investors
C0678,Individual,Joseph,Watson,1972-10-19,M,USA,California,Home,4,Yes,Website,52,0,904050.87,301350.29,3,2691.9300000000003,897.3100000000001,335.84,0,0,1,1,C4: Luxury / Domestic Investors
C0679,Individual,Lisa,Patterson,1964-12-02,F,USA,Nevada,Home,1,No,Agency,60,0,1945371.68,486342.92,4,6904.23,1726.0575,281.77,0,0,0,3,C4: Luxury / Domestic Investors
C0680,Individual,Andrew,Griffin,1965-04-16,M,USA,Utah,Investment,2,No,Agency,59,0,1533727.71,383431.9275,4,5333.11,1333.2775,287.59,0,1,0,3,C4: Luxury / Domestic Investors
C0681,Company,Helios,Co,1977-04-25,F,USA,California,Home,3,No,Agency,47,0,736696.97,184174.2425,4,2635.45,658.8625,279.53,1,0,0,1,C3: Corporate Buyers
C0682,Individual,Donald,Bennett,1973-06-12,M,USA,California,Home,5,No,Website,51,0,1436006.22,359001.555,4,4858.25,1214.5625,295.58,0,0,0,3,C4: Luxury / Domestic Investors
C0683,Individual,Patrick,Jordan,1948-08-20,M,USA,Colorado,Home,2,Yes,Agency,76,0,1216565.53,405521.8433333333,3,4389.66,1463.22,277.14,0,0,1,1,C4: Luxury / Domestic Investors
C0684,Individual,Donald,Miller,1985-10-05,M,USA,California,Home,1,No,Agency,39,0,1402625.45,350656.3625,4,4482.48,1120.62,312.91,0,0,0,3,C4: Luxury / Domestic Investors
C0685,Individual,Sharon,Hansen,1987-04-18,F,USA,Washington,Home,5,No,Agency,37,0,1129835.06,376611.6866666667,3,3685.51,1228.503333333333,306.56,0,0,0,1,C4: Luxury / Domestic Investors
C0686,Individual,Michael,Howard,1963-11-17,M,USA,California,Home,1,Yes,Website,61,0,1250166.33,416722.11,3,4109.1900000000005,1369.7300000000002,304.24,0,0,1,1,C4: Luxury / Domestic Investors
C0687,Individual,Susan,Long,1959-01-03,F,USA,Utah,Home,3,Yes,Website,65,0,1532604.0,383151.0,4,4842.950000000001,1210.7375000000002,316.46,0,0,1,3,C4: Luxury / Domestic Investors
C0688,Individual,Kathleen,Howard,1968-12-04,F,USA,Colorado,Investment,5,Yes,Website,56,0,1093762.42,273440.605,4,3474.29,868.5725,314.82,0,1,1,1,C4: Luxury / Domestic Investors
C0689,Individual,Ann,Williams,1998-04-17,F,USA,California,Home,4,No,Website,26,0,1051259.37,350419.79000000004,3,3558.1499999999996,1186.05,295.45,0,0,0,1,C4: Luxury / Domestic Investors
C0690,Individual,Janet,Stewart,1985-09-09,F,USA,Oregon,Home,4,Yes,Agency,39,0,1402023.24,350505.81,4,4601.31,1150.3275,304.7,0,0,1,3,C2: First-Time Buyers
C0691,Individual,Kenneth,Bell,1943-07-22,M,USA,California,Investment,4,No,Agency,81,0,948552.89,237138.2225,4,3264.64,816.16,290.55,0,1,0,1,C4: Luxury / Domestic Investors
C0692,Individual,Adam,Roberts,1964-03-14,M,USA,Georgia,Investment,3,No,Agency,60,0,1206585.87,301646.4675,4,4046.35,1011.5875,298.19,0,1,0,1,C4: Luxury / Domestic Investors
C0693,Individual,Jesse,Chavez,1957-04-28,M,USA,California,Investment,5,Yes,Agency,67,0,1831502.92,457875.73,4,5994.73,1498.6825,305.52,0,1,1,3,C4: Luxury / Domestic Investors
C0694,Company,Sterling,Co,1989-07-13,M,UK,Scotland,Investment,2,No,Website,35,1,1287767.07,321941.7675,4,4252.16,1063.04,302.85,1,1,0,2,C3: Corporate Buyers
C0695,Individual,Timothy,Rogers,1947-03-24,M,USA,Washington,Home,4,No,Website,77,0,870451.65,290150.55,3,2804.62,934.8733333333332,310.36,0,0,0,1,C4: Luxury / Domestic Investors
C0696,Individual,Carol,Green,1994-03-06,F,USA,Washington,Investment,5,Yes,Agency,30,0,1417025.49,354256.3725,4,4986.47,1246.6175,284.17,0,1,1,3,C2: First-Time Buyers
C0697,Individual,Bryan,Mitchell,1986-11-01,M,USA,California,Investment,4,Yes,Agency,38,0,1203571.2,300892.8,4,4146.61,1036.6525,290.25,0,1,1,1,C2: First-Time Buyers
C0698,Individual,Maria,Scott,1946-07-16,F,USA,California,Home,2,Yes,Website,78,0,1560635.51,390158.8775,4,5147.83,1286.9575,303.16,0,0,1,3,C4: Luxury / Domestic Investors
C0699,Individual,Stephen,Bennett,1986-12-22,M,USA,Washington,Home,1,Yes,Agency,38,0,1292445.15,430815.05,3,4071.58,1357.1933333333334,317.43,0,0,1,1,C2: First-Time Buyers
C0700,Individual,Christine,Sanders,1944-04-14,F,USA,Washington,Home,5,No,Website,80,0,724453.7,241484.56666666665,3,2554.28,851.4266666666667,283.62,0,0,0,1,C4: Luxury / Domestic Investors
C0701,Individual,Danielle,Peterson,1962-09-17,F,UK,England,Investment,1,No,Website,62,1,1318537.76,329634.44,4,4202.29,1050.5725,313.77,0,1,0,2,C1: Global Investors
C0702,Individual,Nicholas,Flores,1966-07-24,M,USA,Arizona,Home,5,No,Agency,58,0,1215022.0,405007.3333333333,3,3911.33,1303.7766666666666,310.64,0,0,0,1,C4: Luxury / Domestic Investors
C0703,Company,Elara,Co,1984-05-15,M,USA,Colorado,Home,3,No,Website,40,0,938073.57,312691.19,3,3071.6400000000003,1023.88,305.4,1,0,0,1,C3: Corporate Buyers
C0704,Individual,Nicole,Jordan,1942-01-23,F,USA,Georgia,Home,4,No,Agency,82,0,1130778.86,376926.2866666667,3,3584.7799999999997,1194.9266666666665,315.44,0,0,0,1,C4: Luxury / Domestic Investors
C0705,Individual,Timothy,Murray,1940-12-18,M,USA,Nevada,Home,3,No,Website,84,0,1643383.67,547794.5566666666,3,5041.58,1680.5266666666666,325.97,0,0,0,3,C4: Luxury / Domestic Investors
C0706,Individual,Kyle,Thomas,1984-06-23,M,UK,England,Investment,2,No,Client,40,1,1034954.84,344984.94666666666,3,3487.85,1162.6166666666666,296.73,0,1,0,0,C1: Global Investors
C0707,Individual,Zachary,Richardson,1995-09-23,M,USA,Virginia,Home,5,Yes,Website,29,0,1171255.22,292813.805,4,3827.74,956.935,305.99,0,0,1,1,C2: First-Time Buyers
C0708,Individual,Brian,Cook,1964-11-28,M,USA,California,Home,2,No,Client,60,0,1539340.87,513113.6233333333,3,4571.08,1523.6933333333334,336.76,0,0,0,0,C4: Luxury / Domestic Investors
C0709,Individual,Samantha,Price,1982-11-06,F,USA,Georgia,Home,2,Yes,Agency,42,0,1233960.52,308490.13,4,4036.92,1009.23,305.67,0,0,1,1,C2: First-Time Buyers
C0710,Individual,Kyle,Bryant,1946-08-18,M,USA,Oregon,Home,2,Yes,Agency,78,0,1158001.36,289500.33999999997,4,3757.43,939.3575,308.19,0,0,1,1,C4: Luxury / Domestic Investors
C0711,Individual,Victoria,Hughes,1995-10-20,F,USA,California,Investment,3,No,Agency,29,0,1045658.54,261414.635,4,3623.01,905.7525,288.62,0,1,0,1,C4: Luxury / Domestic Investors
C0712,Individual,Joseph,Scott,1991-01-21,M,USA,California,Home,1,No,Agency,33,0,701688.31,233896.10333333336,3,2528.04,842.68,277.56,0,0,0,1,C4: Luxury / Domestic Investors
C0713,Individual,Debra,Thomas,1997-02-14,F,USA,California,Investment,3,No,Agency,27,0,946537.74,315512.58,3,3375.51,1125.17,280.41,0,1,0,1,C4: Luxury / Domestic Investors
C0714,Individual,Kyle,Murray,1977-01-03,M,Russia,Saint Petersburg,Home,3,No,Website,47,1,1520218.18,506739.3933333333,3,5041.58,1680.5266666666666,301.54,0,0,0,2,C1: Global Investors
C0715,Individual,Janice,Wilson,1982-08-05,F,USA,Utah,Home,3,No,Website,42,0,1151372.75,383790.9166666667,3,4022.3,1340.7666666666669,286.25,0,0,0,1,C4: Luxury / Domestic Investors
C0716,Individual,Jordan,Davis,1994-10-24,M,UK,Northern Ireland,Home,1,No,Client,30,1,1173245.74,391081.9133333334,3,4002.3,1334.1,293.14,0,0,0,0,C1: Global Investors
C0717,Individual,Virginia,Weaver,1946-06-09,F,USA,Arizona,Investment,3,Yes,Agency,78,0,1000529.67,333509.88999999996,3,3469.69,1156.5633333333333,288.36,0,1,1,1,C4: Luxury / Domestic Investors
C0718,Individual,Martha,Scott,1944-10-08,F,France,Ile-de-France,Home,2,Yes,Website,80,1,900157.9099999999,300052.63666666666,3,3371.41,1123.8033333333333,267.0,0,0,1,2,C1: Global Investors
C0719,Individual,Jason,Jordan,1974-07-02,M,USA,California,Investment,2,Yes,Agency,50,0,912916.77,304305.59,3,3071.6400000000003,1023.88,297.21,0,1,1,1,C4: Luxury / Domestic Investors
C0720,Individual,Shirley,Wilson,1981-05-17,F,USA,California,Investment,1,Yes,Agency,43,0,844316.69,211079.1725,4,2713.49,678.3725,311.16,0,1,1,1,C2: First-Time Buyers
C0721,Individual,Julia,Jordan,1999-03-07,F,USA,Florida,Home,4,No,Website,25,0,1167212.02,291803.005,4,3757.95,939.4875,310.6,0,0,0,1,C4: Luxury / Domestic Investors
C0722,Individual,Carol,Sanders,1943-09-11,F,USA,Texas,Home,1,No,Website,81,0,936104.05,312034.68333333335,3,3100.45,1033.4833333333331,301.93,0,0,0,1,C4: Luxury / Domestic Investors
C0723,Individual,Ann,Hansen,1999-04-19,F,Germany,North Rhine-Westphalia,Home,3,Yes,Website,25,1,1554043.79,518014.5966666667,3,5015.3,1671.7666666666669,309.86,0,0,1,2,C1: Global Investors
C0724,Individual,Samuel,Howard,1960-09-27,M,USA,Arizona,Investment,4,Yes,Agency,64,0,1564795.28,391198.82,4,5020.530000000001,1255.1325000000002,311.68,0,1,1,3,C4: Luxury / Domestic Investors
C0725,Individual,Katherine,Jones,1983-07-03,F,USA,New York,Home,3,No,Website,41,0,1557779.53,519259.8433333333,3,5201.04,1733.68,299.51,0,0,0,3,C4: Luxury / Domestic Investors
C0726,Individual,Melissa,Harris,1977-01-25,F,USA,Georgia,Home,4,No,Website,47,0,1055406.17,263851.5425,4,3604.98,901.245,292.76,0,0,0,1,C4: Luxury / Domestic Investors
C0727,Individual,Ronald,Bell,1941-08-24,M,USA,California,Investment,3,Yes,Client,83,0,1924218.25,481054.5625,4,5703.07,1425.7675,337.4,0,1,1,0,C4: Luxury / Domestic Investors
C0728,Individual,Jason,Jones,1971-07-23,M,USA,California,Home,3,Yes,Agency,53,0,896046.43,298682.14333333337,3,2804.62,934.8733333333332,319.49,0,0,1,1,C4: Luxury / Domestic Investors
C0729,Individual,Raymond,Long,1944-01-04,M,USA,Washington,Investment,3,Yes,Agency,80,0,1100578.42,366859.4733333333,3,3840.84,1280.28,286.55,0,1,1,1,C4: Luxury / Domestic Investors
C0730,Individual,Gregory,Baker,1988-05-09,M,USA,California,Investment,4,No,Website,36,0,1395460.54,465153.51333333337,3,4306.99,1435.6633333333332,324.0,0,1,0,3,C4: Luxury / Domestic Investors
C0731,Individual,Larry,Harris,2000-10-18,M,USA,California,Home,5,No,Agency,24,0,2163873.35,540968.3375,4,6797.47,1699.3675,318.34,0,0,0,3,C4: Luxury / Domestic Investors
C0732,Individual,Justin,Peterson,1985-03-03,M,USA,Oregon,Home,5,No,Website,39,0,1763602.47,440900.6175,4,5817.4,1454.35,303.16,0,0,0,3,C4: Luxury / Domestic Investors
C0733,Individual,Susan,White,1976-01-03,F,USA,Nevada,Home,5,No,Agency,48,0,1610480.1,536826.7000000001,3,4827.1,1609.0333333333335,333.63,0,0,0,3,C4: Luxury / Domestic Investors
C0734,Individual,Danielle,Ward,1981-06-27,F,USA,Virginia,Investment,5,Yes,Client,43,0,894573.22,298191.0733333333,3,3232.0,1077.3333333333333,276.79,0,1,1,0,C2: First-Time Buyers
C0735,Individual,Matthew,Long,1994-08-10,M,Germany,Hesse,Investment,4,No,Website,30,1,1082670.51,360890.17,3,3387.5299999999997,1129.1766666666665,319.6,0,1,0,2,C1: Global Investors
C0736,Individual,Jordan,Campbell,1942-06-13,M,USA,Utah,Investment,3,No,Agency,82,0,961660.45,320553.48333333334,3,3148.54,1049.513333333333,305.43,0,1,0,1,C4: Luxury / Domestic Investors
C0737,Individual,Harold,Harris,1978-08-15,M,USA,California,Investment,3,No,Agency,46,0,1271295.42,423765.14,3,4306.99,1435.6633333333332,295.17,0,1,0,1,C4: Luxury / Domestic Investors
C0738,Individual,Jose,White,1980-09-21,M,USA,Texas,Home,5,No,Website,44,0,1217179.49,304294.8725,4,3823.05,955.7625,318.38,0,0,0,1,C4: Luxury / Domestic Investors
C0739,Individual,Albert,Turner,1965-03-16,M,USA,California,Home,2,No,Agency,59,0,1239915.48,309978.87,4,4384.48,1096.12,282.8,0,0,0,1,C4: Luxury / Domestic Investors
C0740,Individual,Julia,Bell,1966-12-08,F,USA,Utah,Investment,1,No,Client,58,0,1150084.72,383361.5733333333,3,3528.71,1176.236666666667,325.92,0,1,0,0,C4: Luxury / Domestic Investors
C0741,Individual,Sandra,Stone,1962-08-11,F,USA,California,Home,2,No,Website,62,0,808100.3,269366.76666666666,3,2856.2200000000003,952.0733333333334,282.93,0,0,0,1,C4: Luxury / Domestic Investors
C0742,Individual,Bryan,Howard,1980-08-21,M,UK,Wales,Home,1,Yes,Website,44,1,943082.42,314360.80666666664,3,3236.3599999999997,1078.7866666666666,291.4,0,0,1,2,C1: Global Investors
C0743,Individual,Joshua,Allen,1972-09-10,M,USA,Oregon,Investment,4,Yes,Website,52,0,973707.31,324569.10333333333,3,3436.3999999999996,1145.4666666666665,283.35,0,1,1,1,C4: Luxury / Domestic Investors
C0744,Individual,Helen,Morales,1950-11-10,F,USA,Virginia,Home,1,No,Website,74,0,947393.7,315797.89999999997,3,2817.99,939.33,336.19,0,0,0,1,C4: Luxury / Domestic Investors
C0745,Individual,Emily,Collins,1997-06-18,F,USA,California,Investment,5,No,Website,27,0,1137226.12,284306.53,4,3761.94,940.485,302.3,0,1,0,1,C4: Luxury / Domestic Investors
C0746,Individual,Gary,Reyes,1956-10-13,M,UK,Scotland,Home,4,No,Website,68,1,1485041.45,371260.3625,4,4482.48,1120.62,331.3,0,0,0,2,C1: Global Investors
C0747,Individual,George,Patterson,1992-04-18,M,USA,Florida,Home,4,Yes,Website,32,0,1321142.35,440380.7833333334,3,4306.99,1435.6633333333332,306.74,0,0,1,3,C2: First-Time Buyers
C0748,Company,Vantage,Co,1974-03-05,F,USA,California,Home,1,Yes,Client,50,0,1188736.23,396245.41,3,3997.02,1332.34,297.41,1,0,1,0,C3: Corporate Buyers
C0749,Individual,Dorothy,Anderson,1992-11-26,F,USA,New York,Home,5,No,Agency,32,0,1170883.93,390294.6433333333,3,3776.07,1258.6899999999998,310.08,0,0,0,1,C4: Luxury / Domestic Investors
C0750,Individual,Janice,Price,1976-06-08,F,USA,Nevada,Investment,1,No,Agency,48,0,887696.78,295898.9266666667,3,2892.7999999999997,964.2666666666664,306.86,0,1,0,1,C4: Luxury / Domestic Investors
C0751,Individual,Keith,Parker,1974-09-19,M,USA,California,Home,5,No,Client,50,0,1055948.97,263987.2425,4,3868.0,967.0,273.0,0,0,0,0,C4: Luxury / Domestic Investors
C0752,Individual,Lisa,Young,1954-12-17,F,Belgium,Brussels,Investment,3,No,Agency,70,1,836214.24,209053.56,4,2901.69,725.4225,288.18,0,1,0,2,C1: Global Investors
C0753,Individual,Nicholas,Patterson,1960-12-22,M,Germany,Hamburg,Home,5,No,Website,64,1,1053102.32,263275.58,4,3474.29,868.5725,303.11,0,0,0,2,C1: Global Investors
C0754,Individual,Teresa,Johnson,1970-08-17,F,USA,Arizona,Investment,3,No,Website,54,0,1300009.56,325002.39,4,4149.67,1037.4175,313.28,0,1,0,1,C4: Luxury / Domestic Investors
C0755,Company,Celera,Co,1967-12-23,F,USA,California,Home,5,No,Website,57,0,1040997.25,346999.0833333333,3,3859.45,1286.4833333333331,269.73,1,0,0,1,C3: Corporate Buyers
C0756,Individual,Jessica,Patterson,1963-03-19,F,USA,Utah,Home,5,Yes,Website,61,0,785768.09,261922.69666666663,3,2804.62,934.8733333333332,280.17,0,0,1,1,C4: Luxury / Domestic Investors
C0757,Individual,Keith,Taylor,1946-05-09,M,USA,Oregon,Home,3,Yes,Website,78,0,1392690.12,348172.52999999997,4,4213.08,1053.27,330.56,0,0,1,3,C4: Luxury / Domestic Investors
C0758,Individual,Joe,Allen,1958-08-12,M,USA,California,Investment,2,No,Website,66,0,1135189.16,283797.29,4,3712.71,928.1775,305.76,0,1,0,1,C4: Luxury / Domestic Investors
C0759,Individual,Samuel,Anderson,1991-10-27,M,USA,Florida,Home,4,No,Website,33,0,1327801.32,442600.44,3,4354.61,1451.5366666666666,304.92,0,0,0,3,C4: Luxury / Domestic Investors
C0760,Individual,Amanda,Adams,1964-12-27,F,USA,California,Investment,3,No,Website,60,0,1288008.21,322002.0525,4,4534.76,1133.69,284.03,0,1,0,1,C4: Luxury / Domestic Investors
C0761,Individual,Joyce,Patterson,1981-08-24,F,Belgium,Flanders,Home,2,No,Agency,43,1,1387948.07,346987.0175,4,4537.6900000000005,1134.4225,305.87,0,0,0,2,C1: Global Investors
C0762,Individual,Anna,Young,1967-07-01,F,USA,Ohio,Home,4,No,Website,57,0,1456185.33,364046.3325,4,5253.52,1313.38,277.18,0,0,0,3,C4: Luxury / Domestic Investors
C0763,Company,Summit,Co,1971-07-18,F,USA,Georgia,Home,3,No,Agency,53,0,1036781.97,345593.99,3,3457.79,1152.5966666666666,299.84,1,0,0,1,C3: Corporate Buyers
C0764,Individual,Debra,Parker,1983-02-09,F,UK,Northern Ireland,Investment,4,No,Client,41,1,1670624.74,417656.185,4,5766.62,1441.655,289.71,0,1,0,0,C1: Global Investors
C0765,Individual,Joe,Green,1967-06-22,M,France,Brittany,Home,3,No,Website,57,1,1516418.29,379104.5725,4,5040.25,1260.0625,300.86,0,0,0,2,C1: Global Investors
C0766,Individual,Robert,Bennett,1994-09-04,M,Germany,North Rhine-Westphalia,Home,3,Yes,Client,30,1,1601876.14,400469.035,4,5145.09,1286.2725,311.34,0,0,1,0,C1: Global Investors
C0767,Individual,David,Brown,1961-02-02,M,Canada,British Columbia,Investment,2,No,Agency,63,1,1403932.48,350983.12,4,4968.33,1242.0825,282.58,0,1,0,2,C1: Global Investors
C0768,Individual,Matthew,Weaver,1992-07-22,M,Denmark,Southern Denmark,Investment,5,Yes,Website,32,1,1048127.47,349375.8233333333,3,3491.66,1163.8866666666663,300.18,0,1,1,2,C1: Global Investors
C0769,Individual,Nicole,Long,1958-02-21,F,USA,Ohio,Home,4,No,Agency,66,0,675607.7899999999,225202.59666666665,3,2259.94,753.3133333333334,298.95,0,0,0,1,C4: Luxury / Domestic Investors
C0770,Individual,Shirley,Hall,1951-02-09,F,Russia,Krasnodar Krai,Home,4,No,Website,73,1,984598.73,328199.57666666666,3,3313.53,1104.51,297.14,0,0,0,2,C1: Global Investors
C0771,Company,Quasar,Co,1984-06-09,M,USA,California,Home,1,No,Website,40,0,1856997.08,464249.27,4,5633.3099999999995,1408.3275,329.65,1,0,0,3,C3: Corporate Buyers
C0772,Individual,Ethan,White,1991-09-25,M,USA,California,Investment,1,No,Client,33,0,911164.52,303721.50666666665,3,3114.6,1038.2,292.55,0,1,0,0,C4: Luxury / Domestic Investors
C0773,Individual,Christopher,Taylor,1964-12-09,M,Russia,Saint Petersburg,Home,1,No,Website,60,1,1451465.46,362866.365,4,4612.33,1153.0825,314.69,0,0,0,2,C1: Global Investors
C0774,Individual,David,Wood,1983-03-23,M,USA,Georgia,Home,5,Yes,Agency,41,0,999792.68,333264.2266666666,3,3434.41,1144.8033333333333,291.11,0,0,1,1,C2: First-Time Buyers
C0775,Individual,Andrea,Reyes,1975-12-25,F,USA,Arizona,Home,1,No,Agency,49,0,1043608.37,260902.0925,4,3601.56,900.39,289.77,0,0,0,1,C4: Luxury / Domestic Investors
C0776,Individual,Ashley,Morales,1966-06-11,F,Germany,Bavaria,Home,4,Yes,Agency,58,1,914465.33,304821.7766666667,3,2942.6099999999997,980.87,310.77,0,0,1,2,C1: Global Investors
C0777,Company,Meridian,Co,1982-05-15,M,USA,Arizona,Home,1,No,Client,42,0,1130759.41,376919.8033333334,3,3939.48,1313.16,287.03,1,0,0,0,C3: Corporate Buyers
C0778,Individual,George,Pierce,1998-07-22,M,USA,California,Investment,4,Yes,Agency,26,0,1646921.92,411730.48,4,5339.51,1334.8775,308.44,0,1,1,3,C2: First-Time Buyers
C0779,Individual,Lisa,Hughes,1953-04-05,F,USA,California,Home,5,Yes,Agency,71,0,1221957.12,407319.04,3,3975.24,1325.0800000000002,307.39,0,0,1,1,C4: Luxury / Domestic Investors
C0780,Individual,Martha,Hansen,1947-08-01,F,USA,California,Home,3,No,Website,77,0,708761.6900000001,236253.8966666667,3,2548.91,849.6366666666667,278.06,0,0,0,1,C4: Luxury / Domestic Investors
C0781,Individual,Gerald,Sanders,1940-11-28,M,USA,California,Investment,5,Yes,Website,84,0,1181206.69,295301.6725,4,4122.54,1030.635,286.52,0,1,1,1,C4: Luxury / Domestic Investors
C0782,Individual,Ethan,Williams,1970-10-02,M,USA,Utah,Investment,2,Yes,Website,54,0,1166638.16,291659.54000000004,4,3620.15,905.0375,322.26,0,1,1,1,C4: Luxury / Domestic Investors
C0783,Individual,Betty,Sanders,1961-03-27,F,Canada,Alberta,Home,1,Yes,Agency,63,1,1031472.36,343824.12,3,3469.69,1156.5633333333333,297.28,0,0,1,2,C1: Global Investors
C0784,Individual,Charles,Baker,1973-06-26,M,Mexico,Baja California,Investment,4,No,Website,51,1,1172514.65,390838.2166666666,3,4070.24,1356.746666666667,288.07,0,1,0,2,C1: Global Investors
C0785,Company,Rexon,Co,1971-03-27,F,USA,California,Home,2,No,Website,53,0,1047112.48,261778.12,4,3443.73,860.9325,304.06,1,0,0,1,C3: Corporate Buyers
C0786,Individual,Sarah,Martin,1983-03-25,F,USA,California,Investment,3,No,Website,41,0,663797.37,221265.79,3,2172.26,724.0866666666667,305.58,0,1,0,1,C4: Luxury / Domestic Investors
C0787,Individual,Andrew,Jackson,1950-11-20,M,USA,Washington,Home,1,No,Website,74,0,1405947.66,468649.22,3,4583.59,1527.8633333333337,306.74,0,0,0,3,C4: Luxury / Domestic Investors
C0788,Individual,Matthew,Stone,1944-05-14,M,France,Brittany,Investment,4,No,Website,80,1,1799447.01,449861.7525,4,5930.35,1482.5875,303.43,0,1,0,2,C1: Global Investors
C0789,Individual,Madison,Price,1974-04-06,F,Canada,Ontario,Investment,1,No,Website,50,1,1125271.6,375090.5333333334,3,3686.73,1228.91,305.22,0,1,0,2,C1: Global Investors
C0790,Individual,Brandon,Cooper,1974-01-18,M,USA,California,Home,5,Yes,Agency,50,0,1521440.86,380360.215,4,4908.68,1227.17,309.95,0,0,1,3,C4: Luxury / Domestic Investors
C0791,Individual,Walter,Adams,1983-01-07,M,USA,Texas,Home,4,No,Website,41,0,1424465.81,356116.4525,4,4639.87,1159.9675,307.01,0,0,0,3,C4: Luxury / Domestic Investors
C0792,Individual,Joseph,Richardson,1982-04-14,M,USA,California,Investment,4,Yes,Website,42,0,1559979.82,389994.955,4,4879.4,1219.85,319.71,0,1,1,3,C2: First-Time Buyers
C0793,Individual,Kevin,Brown,1969-09-04,M,USA,New York,Home,4,No,Agency,55,0,1245234.35,311308.5875,4,4193.76,1048.44,296.93,0,0,0,1,C4: Luxury / Domestic Investors
C0794,Individual,Gregory,Mitchell,1951-02-11,M,USA,California,Home,4,Yes,Website,73,0,1120488.77,373496.25666666665,3,3925.54,1308.513333333333,285.44,0,0,1,1,C4: Luxury / Domestic Investors
C0795,Individual,Harold,Murray,1969-01-14,M,USA,California,Investment,4,Yes,Website,55,0,1170869.09,390289.6966666666,3,3507.1400000000003,1169.0466666666669,333.85,0,1,1,1,C4: Luxury / Domestic Investors
C0796,Individual,Stephanie,Ward,1983-04-11,F,USA,California,Investment,5,Yes,Website,41,0,559596.54,186532.18,3,1822.34,607.4466666666667,307.08,0,1,1,1,C2: First-Time Buyers
C0797,Individual,Joan,Gray,1990-06-08,F,USA,Oregon,Home,5,Yes,Agency,34,0,881179.3,293726.43333333335,3,2555.6099999999997,851.8699999999999,344.8,0,0,1,1,C2: First-Time Buyers
C0798,Company,Novex,Co,1965-10-21,M,USA,Nevada,Home,4,Yes,Agency,59,0,987267.48,246816.87,4,3363.49,840.8725,293.52,1,0,1,1,C3: Corporate Buyers
C0799,Individual,Pamela,Johnson,1954-07-24,F,USA,California,Home,4,No,Website,70,0,1108935.86,277233.96499999997,4,3888.98,972.245,285.15,0,0,0,1,C4: Luxury / Domestic Investors
C0800,Individual,Lawrence,Smith,1974-01-02,M,USA,Virginia,Investment,5,Yes,Website,50,0,983573.18,327857.7266666666,3,3454.64,1151.5466666666666,284.71,0,1,1,1,C4: Luxury / Domestic Investors
C0801,Individual,Betty,Price,1969-04-03,F,USA,Washington,Home,4,Yes,Website,55,0,1361712.2999999998,453904.0999999999,3,4306.99,1435.6633333333332,316.16,0,0,1,3,C4: Luxury / Domestic Investors
C0802,Individual,Matthew,Williams,1970-11-10,M,USA,Virginia,Home,5,No,Agency,54,0,1074480.81,358160.27,3,3652.74,1217.58,294.16,0,0,0,1,C4: Luxury / Domestic Investors
C0803,Individual,Evelyn,Moore,1945-12-13,F,USA,Texas,Home,4,No,Agency,79,0,1542819.53,385704.8825,4,5318.37,1329.5925,290.09,0,0,0,3,C4: Luxury / Domestic Investors
C0804,Individual,Tyler,Cook,1967-01-10,M,USA,Washington,Home,5,No,Agency,57,0,1223755.92,407918.64,3,4394.54,1464.8466666666666,278.47,0,0,0,1,C4: Luxury / Domestic Investors
C0805,Individual,Albert,Cook,1953-01-17,M,Germany,Berlin,Home,1,Yes,Website,71,1,940964.73,313654.91,3,2986.5299999999997,995.51,315.07,0,0,1,2,C1: Global Investors
C0806,Individual,Jack,Richardson,1989-11-18,M,France,Ile-de-France,Home,5,No,Client,35,1,1485168.27,371292.0675,4,4881.68,1220.42,304.23,0,0,0,0,C1: Global Investors
C0807,Individual,Amy,Chavez,1993-11-16,F,Mexico,Mexico City,Investment,5,No,Website,31,1,1635419.92,408854.98,4,5649.5,1412.375,289.48,0,1,0,2,C1: Global Investors
C0808,Individual,Gregory,Ward,1943-05-17,M,Germany,Berlin,Home,3,Yes,Website,81,1,885158.15,295052.7166666667,3,3009.94,1003.3133333333334,294.08,0,0,1,2,C1: Global Investors
C0809,Individual,Hannah,Alexander,1967-02-16,F,France,Occitanie,Home,5,Yes,Agency,57,1,1386118.19,462039.39666666667,3,4394.54,1464.8466666666666,315.42,0,0,1,2,C1: Global Investors
C0810,Individual,Ronald,Sanders,1995-02-13,M,USA,California,Home,1,Yes,Website,29,0,922597.58,307532.5266666667,3,2746.91,915.6366666666668,335.87,0,0,1,1,C2: First-Time Buyers
C0811,Individual,Carl,Allen,1945-04-17,M,UK,Wales,Home,3,No,Agency,79,1,1515201.05,505067.01666666666,3,4415.7,1471.9,343.14,0,0,0,2,C1: Global Investors
C0812,Individual,Harold,Cooper,1974-08-24,M,UK,Northern Ireland,Home,3,Yes,Website,50,1,1443224.01,360806.0025,4,4994.32,1248.58,288.97,0,0,1,2,C1: Global Investors
C0813,Individual,Gerald,Cook,1974-10-11,M,UK,Scotland,Investment,3,No,Agency,50,1,1314024.52,328506.13,4,4397.97,1099.4925,298.78,0,1,0,2,C1: Global Investors
C0814,Individual,Joan,Stewart,1964-03-26,F,USA,California,Home,2,No,Website,60,0,674363.74,224787.91333333333,3,2120.18,706.7266666666666,318.07,0,0,0,1,C4: Luxury / Domestic Investors
C0815,Company,Horizon,Co,1965-11-06,F,USA,Nevada,Home,4,Yes,Agency,59,0,962374.65,320791.55,3,3617.89,1205.9633333333334,266.0,1,0,1,1,C3: Corporate Buyers
C0816,Individual,Deborah,Wright,1947-12-23,F,Germany,Hamburg,Home,2,Yes,Website,77,1,1003090.85,334363.6166666667,3,3454.64,1151.5466666666666,290.36,0,0,1,2,C1: Global Investors
C0817,Individual,Grace,Thompson,1972-05-12,F,USA,California,Investment,1,No,Website,52,0,1338281.0,446093.6666666667,3,4346.46,1448.82,307.9,0,1,0,3,C4: Luxury / Domestic Investors
C0818,Company,Sterling,Co,1991-09-08,F,USA,Colorado,Home,2,No,Website,33,0,760443.3500000001,190110.8375,4,2711.16,677.79,280.49,1,0,0,1,C3: Corporate Buyers
C0819,Individual,Jose,Bryant,1951-03-15,M,USA,California,Home,5,No,Website,73,0,1239378.27,413126.09,3,3939.48,1313.16,314.6,0,0,0,3,C4: Luxury / Domestic Investors
C0820,Individual,Judith,Collins,1940-10-22,F,USA,Texas,Investment,4,No,Agency,84,0,920197.78,306732.5933333333,3,2928.85,976.2833333333332,314.18,0,1,0,1,C4: Luxury / Domestic Investors
C0821,Individual,Elizabeth,Moore,1957-09-04,F,USA,California,Home,5,Yes,Agency,67,0,1371213.26,457071.0866666666,3,4403.67,1467.89,311.38,0,0,1,3,C4: Luxury / Domestic Investors
C0822,Individual,Jessica,Weaver,1959-04-19,F,USA,California,Investment,3,Yes,Website,65,0,1407630.29,469210.0966666667,3,4691.92,1563.9733333333334,300.01,0,1,1,3,C4: Luxury / Domestic Investors
C0823,Individual,Nancy,Hayes,1975-04-16,F,USA,Oregon,Investment,5,Yes,Agency,49,0,1722388.89,430597.2225,4,5355.6,1338.9,321.61,0,1,1,3,C4: Luxury / Domestic Investors
C0824,Individual,Douglas,Cox,1976-06-01,M,USA,California,Home,3,No,Agency,48,0,1234378.85,411459.6166666667,3,4306.99,1435.6633333333332,286.6,0,0,0,1,C4: Luxury / Domestic Investors
C0825,Individual,Ruth,Hughes,1982-03-26,F,Mexico,Nuevo Leon,Home,4,Yes,Agency,42,1,1246198.0,311549.5,4,4300.1900000000005,1075.0475,289.8,0,0,1,2,C1: Global Investors
C0826,Individual,Jason,Stewart,1970-09-11,M,USA,Ohio,Investment,4,Yes,Website,54,0,1255265.82,313816.455,4,3984.77,996.1925,315.02,0,1,1,1,C4: Luxury / Domestic Investors
C0827,Individual,Ruth,Wright,1965-08-23,F,USA,Washington,Home,2,Yes,Website,59,0,1176467.77,294116.9425,4,4101.29,1025.3225,286.85,0,0,1,1,C4: Luxury / Domestic Investors
C0828,Individual,Elizabeth,Stewart,1947-10-10,F,USA,Arizona,Investment,4,Yes,Website,77,0,1313574.2,328393.55,4,4488.37,1122.0925,292.66,0,1,1,1,C4: Luxury / Domestic Investors
C0829,Individual,Jonathan,Stewart,1960-11-16,M,USA,Utah,Investment,3,No,Website,64,0,1296844.19,324211.0475,4,4408.32,1102.08,294.18,0,1,0,1,C4: Luxury / Domestic Investors
C0830,Individual,William,Martin,1952-05-16,M,USA,Oregon,Investment,3,No,Agency,72,0,1518798.69,379699.6725,4,4678.46,1169.615,324.64,0,1,0,3,C4: Luxury / Domestic Investors
C0831,Individual,Judith,Martin,1977-09-24,F,USA,California,Home,2,No,Website,47,0,909532.47,303177.49,3,2937.26,979.0866666666668,309.65,0,0,0,1,C4: Luxury / Domestic Investors
C0832,Individual,Dorothy,Ward,1990-01-09,F,USA,Nevada,Investment,3,Yes,Website,34,0,1290741.99,430247.33,3,4009.83,1336.61,321.89,0,1,1,3,C2: First-Time Buyers
C0833,Individual,Roger,Green,1951-11-06,M,Denmark,Southern Denmark,Home,5,No,Website,73,1,1422486.61,474162.2033333333,3,4869.9,1623.3,292.1,0,0,0,2,C1: Global Investors
C0834,Individual,Helen,Parker,1957-12-23,F,USA,California,Home,5,No,Website,67,0,1384660.54,346165.135,4,4295.62,1073.905,322.34,0,0,0,3,C4: Luxury / Domestic Investors
C0835,Individual,Maria,Foster,1974-06-06,F,USA,California,Home,5,Yes,Website,50,0,1159317.69,289829.4225,4,3766.44,941.61,307.8,0,0,1,1,C4: Luxury / Domestic Investors
C0836,Individual,Adam,Sanders,1942-02-04,M,USA,Ohio,Home,4,No,Website,82,0,1280715.29,426905.0966666667,3,4479.73,1493.243333333333,285.89,0,0,0,3,C4: Luxury / Domestic Investors
C0837,Individual,Peter,Montgomery,1967-06-06,M,France,Brittany,Home,1,No,Website,57,1,1415445.71,353861.4275,4,5013.23,1253.3075,282.34,0,0,0,2,C1: Global Investors
C0838,Individual,Jacob,Morris,1992-04-05,M,USA,Nevada,Investment,1,Yes,Website,32,0,837604.3,279201.43333333335,3,2561.44,853.8133333333334,327.01,0,1,1,1,C2: First-Time Buyers
C0839,Individual,Elizabeth,Baker,1994-01-26,F,UK,England,Home,5,Yes,Agency,30,1,1123967.69,374655.89666666667,3,3925.54,1308.513333333333,286.32,0,0,1,2,C1: Global Investors
C0840,Individual,Elizabeth,Wilson,1981-11-01,F,Belgium,Brussels,Home,1,No,Website,43,1,1508352.25,377088.0625,4,5318.37,1329.5925,283.61,0,0,0,2,C1: Global Investors
C0841,Individual,Timothy,Cooper,1999-02-05,M,Belgium,Wallonia,Home,5,No,Website,25,1,1344816.1,336204.025,4,4668.42,1167.105,288.07,0,0,0,2,C1: Global Investors
C0842,Individual,Keith,Morales,1996-02-27,M,USA,Washington,Home,5,Yes,Client,28,0,1082477.8199999998,270619.45499999996,4,3714.98,928.745,291.38,0,0,1,0,C2: First-Time Buyers
C0843,Individual,Amanda,Hansen,2000-12-04,F,USA,Georgia,Home,4,No,Agency,24,0,1377127.37,459042.4566666667,3,4502.16,1500.72,305.88,0,0,0,3,C4: Luxury / Domestic Investors
C0844,Individual,Margaret,Scott,1947-06-13,F,USA,California,Home,2,No,Website,77,0,1363201.96,340800.49,4,4751.570000000001,1187.8925000000002,286.9,0,0,0,3,C4: Luxury / Domestic Investors
C0845,Individual,Ashley,Long,1993-09-05,F,USA,Washington,Home,3,No,Client,31,0,1355270.16,451756.72,3,4414.34,1471.4466666666667,307.02,0,0,0,0,C4: Luxury / Domestic Investors
C0846,Individual,Martha,Harris,1976-05-15,F,Canada,Quebec,Investment,3,No,Agency,48,1,1069033.77,356344.59,3,3406.5699999999997,1135.5233333333333,313.82,0,1,0,2,C1: Global Investors
C0847,Individual,Nicole,James,1988-02-27,F,USA,Utah,Home,2,Yes,Agency,36,0,1258765.46,314691.365,4,4046.35,1011.5875,311.09,0,0,1,1,C2: First-Time Buyers
C0848,Individual,Aaron,Hughes,1967-11-22,M,USA,California,Home,4,No,Agency,57,0,1366788.33,341697.0825,4,4739.790000000001,1184.9475000000002,288.36,0,0,0,3,C4: Luxury / Domestic Investors
C0849,Individual,Brian,Wilson,1977-04-11,M,USA,Oregon,Home,1,Yes,Website,47,0,1262931.66,315732.915,4,3980.11,995.0275,317.31,0,0,1,1,C4: Luxury / Domestic Investors
C0850,Individual,Judy,Stone,1983-11-13,F,USA,Colorado,Investment,5,No,Agency,41,0,528432.48,176144.16,3,1831.86,610.62,288.47,0,1,0,1,C4: Luxury / Domestic Investors
C0851,Individual,Kyle,White,1993-05-16,M,USA,California,Investment,2,Yes,Website,31,0,1482957.88,370739.47,4,5039.8,1259.95,294.25,0,1,1,3,C2: First-Time Buyers
C0852,Individual,Carl,Brown,1989-07-20,M,Germany,North Rhine-Westphalia,Home,2,No,Agency,35,1,1368458.37,342114.5925,4,4889.48,1222.37,279.88,0,0,0,2,C1: Global Investors
C0853,Individual,Gerald,Bryant,1950-08-07,M,USA,Utah,Home,4,No,Website,74,0,1293562.22,323390.555,4,4368.34,1092.085,296.12,0,0,0,1,C4: Luxury / Domestic Investors
C0854,Individual,David,Reyes,1944-02-13,M,USA,California,Home,4,No,Website,80,0,1419031.61,473010.5366666666,3,4363.23,1454.41,325.23,0,0,0,3,C4: Luxury / Domestic Investors
C0855,Individual,Amanda,Foster,1973-03-10,F,Australia,Queensland,Home,4,No,Website,51,1,1198702.15,299675.5375,4,4456.85,1114.2125,268.96,0,0,0,2,C1: Global Investors
C0856,Individual,Janice,Chavez,1964-08-16,F,USA,Florida,Home,5,Yes,Website,60,0,1565508.99,391377.2475,4,4904.74,1226.185,319.18,0,0,1,3,C4: Luxury / Domestic Investors
C0857,Individual,Danielle,Ward,1951-05-11,F,USA,California,Investment,1,Yes,Website,73,0,1431064.56,357766.14,4,4585.13,1146.2825,312.11,0,1,1,3,C4: Luxury / Domestic Investors
C0858,Individual,Samuel,Howard,1994-07-12,M,USA,Nevada,Home,1,No,Website,30,0,972150.6,324050.2,3,3469.69,1156.5633333333333,280.18,0,0,0,1,C4: Luxury / Domestic Investors
C0859,Individual,Megan,Anderson,1942-12-03,F,USA,California,Home,2,Yes,Agency,82,0,1440623.89,360155.97250000003,4,4616.42,1154.105,312.07,0,0,1,3,C4: Luxury / Domestic Investors
C0860,Individual,Virginia,Morales,1968-07-09,F,USA,Utah,Home,5,Yes,Website,56,0,1362579.84,340644.96,4,4592.1,1148.025,296.72,0,0,1,3,C4: Luxury / Domestic Investors
C0861,Individual,Christine,Peterson,1994-08-04,F,France,Brittany,Investment,2,No,Agency,30,1,1527460.57,509153.5233333334,3,4906.87,1635.6233333333332,311.29,0,1,0,2,C1: Global Investors
C0862,Individual,Amanda,Jordan,1981-06-14,F,USA,Colorado,Investment,1,No,Website,43,0,1354421.91,451473.97,3,4583.59,1527.8633333333337,295.49,0,1,0,3,C4: Luxury / Domestic Investors
C0863,Individual,Brandon,Peterson,1975-04-20,M,Belgium,Wallonia,Home,5,Yes,Agency,49,1,1107744.96,276936.24,4,3938.59,984.6475,281.25,0,0,1,2,C1: Global Investors
C0864,Individual,Noah,Kim,1970-07-07,M,USA,Texas,Home,3,No,Website,54,0,1085548.02,361849.34,3,3469.69,1156.5633333333333,312.87,0,0,0,1,C4: Luxury / Domestic Investors
C0865,Individual,Rebecca,Gray,1975-05-20,F,USA,Colorado,Investment,5,Yes,Website,49,0,1268059.13,317014.7825,4,4033.58,1008.395,314.38,0,1,1,1,C4: Luxury / Domestic Investors
C0866,Individual,Lawrence,Bryant,1987-11-27,M,Belgium,Brussels,Home,3,No,Agency,37,1,1331713.08,332928.27,4,4592.1,1148.025,290.0,0,0,0,2,C1: Global Investors
C0867,Individual,Julia,Davis,1967-04-12,F,USA,California,Home,2,No,Agency,57,0,1028747.3,342915.76666666666,3,3438.79,1146.263333333333,299.16,0,0,0,1,C4: Luxury / Domestic Investors
C0868,Individual,Victoria,Rogers,1945-02-21,F,USA,Florida,Home,3,Yes,Agency,79,0,987211.17,329070.38999999996,3,3148.14,1049.38,313.59,0,0,1,1,C4: Luxury / Domestic Investors
C0869,Individual,Jose,Roberts,1993-03-07,M,USA,California,Home,4,No,Agency,31,0,858807.13,286269.04333333333,3,3038.88,1012.96,282.61,0,0,0,1,C4: Luxury / Domestic Investors
C0870,Company,Harmon,Co,1966-09-01,F,UK,Northern Ireland,Home,2,Yes,Website,58,1,1097902.26,274475.565,4,3639.93,909.9825,301.63,1,0,1,2,C3: Corporate Buyers
C0871,Individual,Pamela,Pierce,1989-11-28,F,USA,Virginia,Home,1,Yes,Website,35,0,1939848.53,484962.1325,4,6097.09,1524.2725,318.16,0,0,1,3,C2: First-Time Buyers
C0872,Individual,Sarah,Bennett,1943-06-22,F,UK,England,Home,4,No,Website,81,1,1462320.39,365580.0975,4,5305.01,1326.2525,275.65,0,0,0,2,C1: Global Investors
C0873,Individual,Gerald,Murray,1940-09-09,M,USA,New York,Home,2,No,Website,84,0,1325777.78,441925.9266666667,3,4389.66,1463.22,302.02,0,0,0,3,C4: Luxury / Domestic Investors
C0874,Individual,Debra,Murray,1953-07-26,F,Belgium,Flanders,Investment,2,No,Website,71,1,1490289.11,372572.2775,4,4746.09,1186.5225,314.0,0,1,0,2,C1: Global Investors
C0875,Individual,Jeffrey,Evans,1972-07-09,M,Canada,Manitoba,Home,4,No,Website,52,1,1308981.48,436327.16,3,4111.66,1370.5533333333333,318.36,0,0,0,2,C1: Global Investors
C0876,Individual,Benjamin,Chavez,1973-08-22,M,USA,California,Home,3,No,Client,51,0,873771.52,291257.17333333334,3,2913.5699999999997,971.19,299.9,0,0,0,0,C4: Luxury / Domestic Investors
C0877,Individual,Jennifer,Weaver,1998-12-22,F,USA,Utah,Investment,2,Yes,Agency,26,0,1407650.4,469216.8,3,4479.73,1493.243333333333,314.23,0,1,1,3,C2: First-Time Buyers
C0878,Individual,Ashley,Hansen,1945-04-28,F,USA,Nevada,Home,4,Yes,Website,79,0,970670.15,323556.7166666666,3,3024.39,1008.13,320.95,0,0,1,1,C4: Luxury / Domestic Investors
C0879,Individual,Brandon,Adams,1945-03-15,M,UK,Northern Ireland,Home,4,Yes,Website,79,1,1349121.32,449707.1066666667,3,4389.66,1463.22,307.34,0,0,1,2,C1: Global Investors
C0880,Individual,Judith,Bennett,1941-06-23,F,USA,New York,Home,2,No,Website,83,0,1390002.64,347500.66000000003,4,4605.48,1151.37,301.81,0,0,0,3,C4: Luxury / Domestic Investors
C0881,Individual,Ruth,Weaver,1954-09-24,F,USA,Colorado,Investment,1,No,Website,70,0,1247321.2,311830.3,4,4546.77,1136.6925,274.33,0,1,0,1,C4: Luxury / Domestic Investors
C0882,Individual,Peter,Moore,2000-07-07,M,UK,Wales,Home,3,No,Website,24,1,1142828.14,380942.7133333334,3,4306.99,1435.6633333333332,265.34,0,0,0,2,C1: Global Investors
C0883,Individual,Gerald,Thompson,1946-10-22,M,USA,Texas,Home,4,No,Client,78,0,1979258.27,494814.5675,4,6797.47,1699.3675,291.18,0,0,0,0,C4: Luxury / Domestic Investors
C0884,Individual,Joe,Reed,1949-05-07,M,USA,Nevada,Home,2,No,Website,75,0,1021697.5,340565.8333333333,3,3628.92,1209.64,281.54,0,0,0,1,C4: Luxury / Domestic Investors
C0885,Individual,Michael,Williams,1941-09-21,M,Canada,British Columbia,Investment,2,Yes,Agency,83,1,1540844.02,513614.67333333334,3,5015.3,1671.7666666666669,307.23,0,1,1,2,C1: Global Investors
C0886,Individual,Joseph,Brooks,1961-07-20,M,USA,California,Home,3,Yes,Agency,63,0,807556.47,269185.49,3,2823.6299999999997,941.21,286.0,0,0,1,1,C4: Luxury / Domestic Investors
C0887,Individual,Joan,Bryant,1993-04-23,F,USA,California,Home,3,No,Agency,31,0,1247287.09,311821.7725,4,4050.23,1012.5575,307.95,0,0,0,1,C4: Luxury / Domestic Investors
C0888,Individual,Sharon,Montgomery,1987-05-24,F,Germany,Berlin,Home,4,Yes,Website,37,1,1104713.19,276178.2975,4,3733.42,933.355,295.9,0,0,1,2,C1: Global Investors
C0889,Individual,Scott,Campbell,1985-10-15,M,USA,Nevada,Investment,4,Yes,Website,39,0,1339350.59,446450.1966666666,3,4353.76,1451.253333333333,307.63,0,1,1,3,C2: First-Time Buyers
C0890,Individual,Julie,Nelson,1955-07-23,F,USA,Virginia,Investment,3,Yes,Website,69,0,1138394.29,284598.5725,4,3690.64,922.66,308.45,0,1,1,1,C4: Luxury / Domestic Investors
C0891,Individual,Raymond,Roberts,1970-06-20,M,Germany,North Rhine-Westphalia,Investment,1,Yes,Website,54,1,1340373.08,335093.27,4,4616.42,1154.105,290.35,0,1,1,2,C1: Global Investors
C0892,Individual,Helen,Watson,1958-06-05,F,USA,California,Investment,2,Yes,Website,66,0,984121.4,328040.4666666666,3,3501.7200000000003,1167.24,281.04,0,1,1,1,C4: Luxury / Domestic Investors
C0893,Individual,Evelyn,Thompson,1995-06-23,F,USA,Colorado,Home,3,Yes,Website,29,0,1695839.47,423959.8675,4,5318.37,1329.5925,318.86,0,0,1,3,C2: First-Time Buyers
C0894,Individual,Carl,Evans,1953-06-14,M,USA,Georgia,Home,5,No,Website,71,0,882067.47,294022.49,3,2797.11,932.37,315.35,0,0,0,1,C4: Luxury / Domestic Investors
C0895,Individual,Amanda,Rogers,1953-08-25,F,USA,Arizona,Investment,4,Yes,Website,71,0,1127680.6,375893.5333333334,3,3840.84,1280.28,293.6,0,1,1,1,C4: Luxury / Domestic Investors
C0896,Individual,Timothy,Jones,1970-05-06,M,France,Brittany,Home,4,Yes,Agency,54,1,1157933.44,289483.36,4,3743.06,935.765,309.35,0,0,1,2,C1: Global Investors
C0897,Individual,Ann,Foster,1971-08-04,F,Australia,Victoria,Home,1,No,Website,53,1,745691.65,248563.88333333333,3,2404.38,801.46,310.14,0,0,0,2,C1: Global Investors
C0898,Individual,Deborah,King,1953-09-27,F,USA,Arizona,Investment,5,Yes,Agency,71,0,836494.02,209123.505,4,2824.35,706.0875,296.17,0,1,1,1,C4: Luxury / Domestic Investors
C0899,Company,Apex,Co,1988-06-26,F,USA,Washington,Investment,2,No,Website,36,0,1050407.63,350135.87666666665,3,3230.0699999999997,1076.6899999999998,325.2,1,1,0,1,C3: Corporate Buyers
C0900,Individual,Betty,Cook,1999-05-22,F,Germany,North Rhine-Westphalia,Home,4,No,Agency,25,1,606058.22,202019.40666666665,3,2259.94,753.3133333333334,268.17,0,0,0,2,C1: Global Investors
C0901,Individual,Gregory,Allen,1999-02-15,M,France,Brittany,Investment,4,No,Agency,25,1,909138.84,303046.28,3,2727.17,909.0566666666668,333.36,0,1,0,2,C1: Global Investors
C0902,Company,Peerex,Co,1964-02-11,F,UK,Northern Ireland,Home,3,Yes,Agency,60,1,1281064.76,320266.19,4,4274.28,1068.57,299.71,1,0,1,2,C3: Corporate Buyers
C0903,Individual,Christine,Morales,1992-04-28,F,USA,Texas,Investment,3,No,Website,32,0,1108147.61,369382.5366666666,3,3721.82,1240.6066666666666,297.74,0,1,0,1,C4: Luxury / Domestic Investors
C0904,Individual,Nancy,Brooks,1984-03-08,F,Russia,Saint Petersburg,Home,1,Yes,Website,40,1,1050355.29,262588.8225,4,3535.22,883.805,297.11,0,0,1,2,C1: Global Investors
C0905,Individual,Emma,Allen,1993-05-16,F,USA,Virginia,Home,5,Yes,Website,31,0,877477.72,292492.5733333333,3,2782.8199999999997,927.6066666666666,315.32,0,0,1,1,C2: First-Time Buyers
C0906,Individual,Jacqueline,Baker,1969-08-13,F,USA,California,Investment,5,No,Website,55,0,1757967.56,439491.89,4,5835.72,1458.93,301.24,0,1,0,3,C4: Luxury / Domestic Investors
C0907,Individual,Danielle,Scott,1973-11-14,F,USA,California,Home,3,No,Agency,51,0,1375380.46,458460.1533333333,3,4377.57,1459.1899999999998,314.19,0,0,0,3,C4: Luxury / Domestic Investors
C0908,Individual,Carl,Kim,1960-11-17,M,USA,California,Home,4,Yes,Agency,64,0,1129941.35,282485.3375,4,3300.53,825.1325,342.35,0,0,1,1,C4: Luxury / Domestic Investors
C0909,Individual,Brandon,Turner,1967-07-10,M,USA,California,Investment,1,Yes,Agency,57,0,1529455.73,382363.9325,4,4732.16,1183.04,323.2,0,1,1,3,C4: Luxury / Domestic Investors
C0910,Individual,Victoria,Jackson,1971-11-24,F,USA,Texas,Home,3,Yes,Agency,53,0,1293598.48,431199.49333333335,3,3715.08,1238.36,348.2,0,0,1,3,C4: Luxury / Domestic Investors
C0911,Individual,Donald,Long,1989-03-27,M,USA,California,Home,4,No,Website,35,0,1310405.32,327601.33,4,3889.34,972.335,336.92,0,0,0,1,C4: Luxury / Domestic Investors
C0912,Individual,Christina,Freeman,1949-05-11,F,USA,California,Home,1,No,Agency,75,0,1322130.05,440710.01666666666,3,4054.39,1351.4633333333334,326.1,0,0,0,3,C4: Luxury / Domestic Investors
C0913,Individual,Nathan,Hansen,1999-01-13,M,USA,California,Home,4,No,Agency,25,0,1935637.92,483909.48,4,6208.6,1552.15,311.77,0,0,0,3,C4: Luxury / Domestic Investors
C0914,Individual,Helen,Freeman,1948-10-12,F,France,Provence,Investment,4,No,Website,76,1,1124290.78,281072.695,4,3938.59,984.6475,285.46,0,1,0,2,C1: Global Investors
C0915,Individual,Ronald,Harris,1948-01-23,M,USA,Florida,Home,2,No,Agency,76,0,1309768.71,436589.57,3,3850.38,1283.46,340.17,0,0,0,3,C4: Luxury / Domestic Investors
C0916,Individual,Nathan,Hansen,1988-02-10,M,Russia,Moscow Oblast,Home,2,No,Website,36,1,1377591.46,344397.865,4,4456.42,1114.105,309.13,0,0,0,2,C1: Global Investors
C0917,Individual,Kenneth,Hughes,1969-08-01,M,USA,Arizona,Home,2,Yes,Agency,55,0,756785.49,252261.83,3,2554.28,851.4266666666667,296.28,0,0,1,1,C4: Luxury / Domestic Investors
C0918,Individual,Susan,Cook,2000-02-21,F,Australia,Western Australia,Home,4,No,Client,24,1,1461361.87,487120.6233333333,3,4749.65,1583.2166666666665,307.68,0,0,0,0,C1: Global Investors
C0919,Individual,Barbara,Foster,1975-08-17,F,Canada,Quebec,Investment,5,No,Agency,49,1,1059524.55,353174.85000000003,3,3538.5699999999997,1179.5233333333333,299.42,0,1,0,2,C1: Global Investors
C0920,Individual,Christian,Williams,1973-10-11,M,USA,California,Home,4,No,Website,51,0,878368.79,292789.5966666667,3,2803.3,934.4333333333334,313.33,0,0,0,1,C4: Luxury / Domestic Investors
C0921,Individual,Christina,Reyes,1999-03-10,F,Australia,New South Wales,Home,4,No,Agency,25,1,802736.76,267578.92,3,2701.38,900.46,297.16,0,0,0,2,C1: Global Investors
C0922,Individual,Joe,Bell,1942-10-28,M,Australia,Victoria,Investment,4,Yes,Website,82,1,1105753.98,368584.66,3,3601.05,1200.35,307.06,0,1,1,2,C1: Global Investors
C0923,Individual,Ruth,Richardson,1950-08-26,F,USA,Oregon,Home,3,No,Client,74,0,1183422.85,295855.7125,4,4140.77,1035.1925,285.8,0,0,0,0,C4: Luxury / Domestic Investors
C0924,Individual,Emily,Wright,1988-03-20,F,USA,California,Home,4,No,Website,36,0,1558670.83,389667.7075,4,5253.52,1313.38,296.69,0,0,0,3,C4: Luxury / Domestic Investors
C0925,Individual,Michael,Ward,1944-05-12,M,Germany,Hamburg,Home,2,No,Website,80,1,1308035.02,436011.67333333334,3,4415.7,1471.9,296.22,0,0,0,2,C1: Global Investors
C0926,Individual,Lauren,Harris,1961-04-04,F,USA,California,Home,3,No,Website,63,0,1078841.73,359613.91,3,3622.94,1207.6466666666668,297.78,0,0,0,1,C4: Luxury / Domestic Investors
C0927,Individual,Carol,Hayes,1962-11-04,F,France,Ile-de-France,Home,4,No,Client,62,1,933499.38,311166.46,3,2856.79,952.2633333333332,326.77,0,0,0,0,C1: Global Investors
C0928,Individual,Jordan,Jordan,1950-02-27,M,USA,California,Home,1,Yes,Agency,74,0,758070.13,252690.0433333333,3,2651.24,883.7466666666666,285.93,0,0,1,1,C4: Luxury / Domestic Investors
C0929,Individual,Jack,Hall,1954-05-23,M,USA,Washington,Home,4,No,Website,70,0,1167841.72,389280.5733333333,3,3353.8199999999997,1117.9399999999998,348.21,0,0,0,1,C4: Luxury / Domestic Investors
C0930,Individual,Debra,Moore,1993-04-15,F,USA,Washington,Investment,1,Yes,Agency,31,0,924305.53,308101.8433333333,3,3331.87,1110.6233333333332,277.41,0,1,1,1,C2: First-Time Buyers
C0931,Individual,Daniel,Parker,1977-12-25,M,USA,Nevada,Investment,2,Yes,Client,47,0,997418.61,332472.87,3,3272.84,1090.9466666666667,304.76,0,1,1,0,C4: Luxury / Domestic Investors
C0932,Individual,Kathleen,Moore,1949-07-14,F,USA,New York,Home,5,No,Website,75,0,1468310.66,367077.665,4,4787.889999999999,1196.9725,306.67,0,0,0,3,C4: Luxury / Domestic Investors
C0933,Individual,Kimberly,Johnson,1955-09-03,F,USA,California,Home,4,No,Website,69,0,1077170.94,359056.98,3,3466.39,1155.4633333333334,310.75,0,0,0,1,C4: Luxury / Domestic Investors
C0934,Individual,Barbara,Allen,1943-10-02,F,UK,Northern Ireland,Investment,5,Yes,Website,81,1,912489.59,304163.1966666667,3,3260.95,1086.9833333333331,279.82,0,1,1,2,C1: Global Investors
C0935,Individual,Katherine,Cooper,2000-05-17,F,Canada,Manitoba,Home,4,No,Agency,24,1,1133032.49,377677.49666666664,3,3665.03,1221.6766666666665,309.15,0,0,0,2,C1: Global Investors
C0936,Individual,Carolyn,Brooks,1951-04-10,F,USA,California,Home,3,No,Client,73,0,782945.97,260981.99,3,2638.0299999999997,879.3433333333332,296.79,0,0,0,0,C4: Luxury / Domestic Investors
C0937,Individual,Gerald,Chavez,1982-04-03,M,USA,Arizona,Home,5,No,Client,42,0,1370340.91,342585.22750000004,4,4509.27,1127.3175,303.89,0,0,0,0,C4: Luxury / Domestic Investors
C0938,Individual,William,Chavez,1963-05-08,M,Russia,Krasnodar Krai,Home,4,No,Website,61,1,854217.7,284739.23333333334,3,2555.61,851.87,334.25,0,0,0,2,C1: Global Investors
C0939,Individual,Anna,Alexander,1978-02-02,F,Belgium,Brussels,Investment,1,No,Website,46,1,1190833.68,297708.42,4,3985.45,996.3625,298.8,0,1,0,2,C1: Global Investors
C0940,Individual,Kyle,Bell,1985-12-19,M,USA,Virginia,Investment,5,No,Website,39,0,1628937.85,407234.4625,4,5329.13,1332.2825,305.67,0,1,0,3,C4: Luxury / Domestic Investors
C0941,Individual,Grace,Moore,1955-07-17,F,Mexico,Jalisco,Home,1,No,Agency,69,1,1028314.09,342771.36333333334,3,3268.38,1089.46,314.63,0,0,0,2,C1: Global Investors
C0942,Individual,Joan,Jackson,1991-12-14,F,USA,California,Home,1,No,Website,33,0,1402631.76,350657.94,4,4034.65,1008.6625,347.65,0,0,0,3,C4: Luxury / Domestic Investors
C0943,Individual,Karen,Cox,1957-09-13,F,Canada,Manitoba,Investment,5,No,Website,67,1,975048.28,325016.0933333333,3,3387.5299999999997,1129.1766666666665,287.83,0,1,0,2,C1: Global Investors
C0944,Individual,Virginia,Hughes,1956-08-24,F,USA,Florida,Home,2,No,Website,68,0,1256722.03,418907.3433333333,3,3850.38,1283.46,326.39,0,0,0,3,C4: Luxury / Domestic Investors
C0945,Individual,Emily,Hayes,1945-09-04,F,France,Provence,Home,4,No,Website,79,1,973406.55,324468.85000000003,3,3308.59,1102.8633333333337,294.21,0,0,0,2,C1: Global Investors
C0946,Individual,Ashley,Weaver,1946-07-04,F,USA,Nevada,Investment,3,Yes,Agency,78,0,827605.63,275868.54333333333,3,2691.9300000000003,897.3100000000001,307.44,0,1,1,1,C4: Luxury / Domestic Investors
C0947,Individual,Samantha,Cox,1981-05-16,F,USA,Texas,Home,2,No,Website,43,0,1096583.29,365527.76333333337,3,3570.94,1190.3133333333333,307.09,0,0,0,1,C4: Luxury / Domestic Investors
C0948,Individual,Emma,Nelson,1989-12-16,F,USA,California,Investment,3,Yes,Website,35,0,1532000.51,383000.1275,4,5197.47,1299.3675,294.76,0,1,1,3,C2: First-Time Buyers
C0949,Individual,Julia,Price,1943-06-26,F,USA,Colorado,Investment,5,Yes,Client,81,0,1397057.95,349264.4875,4,4409.09,1102.2725,316.86,0,1,1,0,C4: Luxury / Domestic Investors
C0950,Individual,Christina,Price,1991-12-11,F,USA,Texas,Investment,5,No,Website,33,0,1418212.48,354553.12,4,4587.97,1146.9925,309.12,0,1,0,3,C4: Luxury / Domestic Investors
C0951,Individual,Rachel,Chavez,1998-11-15,F,Mexico,Nuevo Leon,Home,1,Yes,Client,26,1,1658301.92,414575.48,4,5163.2,1290.8,321.18,0,0,1,0,C1: Global Investors
C0952,Individual,Ann,Martin,1959-09-03,F,USA,Oregon,Home,5,No,Website,65,0,1886501.93,471625.4825,4,6042.6,1510.65,312.2,0,0,0,3,C4: Luxury / Domestic Investors
C0953,Company,Helios,Co,1995-10-22,M,USA,Washington,Home,5,Yes,Website,29,0,639815.0,213271.66666666663,3,2517.4300000000003,839.1433333333334,254.15,1,0,1,1,C3: Corporate Buyers
C0954,Individual,Michael,Evans,1950-04-08,M,France,Brittany,Investment,4,Yes,Agency,74,1,1493788.0,373447.0,4,4817.99,1204.4975,310.04,0,1,1,2,C1: Global Investors
C0955,Individual,Megan,Garcia,1969-01-11,F,USA,California,Home,1,No,Website,55,0,1098111.78,366037.26,3,3617.89,1205.9633333333334,303.52,0,0,0,1,C4: Luxury / Domestic Investors
C0956,Individual,Donald,Jackson,1966-03-10,M,USA,California,Home,1,Yes,Website,58,0,1647197.45,411799.3625,4,5178.58,1294.645,318.08,0,0,1,3,C4: Luxury / Domestic Investors
C0957,Company,Crestwood,Co,1961-05-21,M,USA,Oregon,Home,2,Yes,Client,63,0,1295242.02,323810.505,4,4290.23,1072.5575,301.91,1,0,1,0,C3: Corporate Buyers
C0958,Individual,Betty,Rogers,1991-07-11,F,USA,Nevada,Home,1,Yes,Website,33,0,936091.45,234022.8625,4,3338.63,834.6575,280.38,0,0,1,1,C2: First-Time Buyers
C0959,Individual,Carl,Hayes,1952-09-13,M,USA,California,Home,3,No,Agency,72,0,1840159.66,460039.915,4,6291.16,1572.79,292.5,0,0,0,3,C4: Luxury / Domestic Investors
C0960,Individual,Linda,Bennett,1960-04-01,F,USA,Arizona,Investment,1,Yes,Client,64,0,1380084.58,345021.145,4,4592.99,1148.2475,300.48,0,1,1,0,C4: Luxury / Domestic Investors
C0961,Individual,Brandon,Morales,1974-08-03,M,UK,Wales,Home,2,Yes,Website,50,1,1681311.67,420327.9175,4,5085.38,1271.345,330.62,0,0,1,2,C1: Global Investors
C0962,Individual,Nicholas,Hansen,1940-07-18,M,USA,California,Home,4,No,Website,84,0,1335726.82,333931.705,4,4456.85,1114.2125,299.7,0,0,0,3,C4: Luxury / Domestic Investors
C0963,Individual,James,Davis,1941-08-09,M,Canada,Alberta,Home,4,No,Agency,83,1,598874.99,199624.99666666667,3,2036.91,678.9699999999999,294.01,0,0,0,2,C1: Global Investors
C0964,Individual,Elizabeth,Hall,1953-09-19,F,USA,California,Home,4,No,Website,71,0,1015121.69,338373.89666666667,3,3505.15,1168.3833333333334,289.61,0,0,0,1,C4: Luxury / Domestic Investors
C0965,Individual,Lauren,Adams,1961-09-26,F,USA,New York,Investment,3,No,Website,63,0,840199.6100000001,280066.5366666667,3,2586.3199999999997,862.1066666666666,324.86,0,1,0,1,C4: Luxury / Domestic Investors
C0966,Company,Corvus,Co,1995-10-11,M,USA,California,Investment,3,No,Website,29,0,1606785.0499999998,401696.2624999999,4,6041.36,1510.34,265.96,1,1,0,3,C3: Corporate Buyers
C0967,Individual,Jennifer,Moore,1959-01-20,F,USA,California,Home,2,No,Agency,65,0,705599.66,235199.8866666667,3,2638.0299999999997,879.3433333333332,267.47,0,0,0,1,C4: Luxury / Domestic Investors
C0968,Individual,Julie,Hansen,1995-11-21,F,USA,Arizona,Home,4,No,Website,29,0,1089074.71,363024.9033333333,3,3505.15,1168.3833333333334,310.71,0,0,0,1,C4: Luxury / Domestic Investors
C0969,Individual,Amber,Ward,1976-03-27,F,Russia,Tatarstan,Investment,1,Yes,Agency,48,1,1118760.19,372920.0633333333,3,3559.31,1186.4366666666667,314.32,0,1,1,2,C1: Global Investors
C0970,Individual,Peter,Johnson,1986-12-01,M,Denmark,North Denmark,Home,3,Yes,Website,38,1,1596404.25,399101.0625,4,5253.52,1313.38,303.87,0,0,1,2,C1: Global Investors
C0971,Individual,Cynthia,Mitchell,1969-06-02,F,USA,Colorado,Investment,5,Yes,Website,55,0,1278450.05,319612.5125,4,4044.92,1011.23,316.06,0,1,1,1,C4: Luxury / Domestic Investors
C0972,Individual,Sandra,Evans,1964-09-16,F,USA,Arizona,Home,5,No,Agency,60,0,1298009.03,324502.2575,4,4291.94,1072.985,302.43,0,0,0,1,C4: Luxury / Domestic Investors
C0973,Individual,Charles,Stone,1992-12-03,M,USA,California,Investment,2,No,Client,32,0,1595817.16,398954.29,4,4842.950000000001,1210.7375000000002,329.51,0,1,0,0,C4: Luxury / Domestic Investors
C0974,Individual,Michael,Hansen,1961-05-22,M,USA,New York,Home,1,No,Agency,63,0,1210990.11,302747.5275,4,4033.58,1008.395,300.23,0,0,0,1,C4: Luxury / Domestic Investors
C0975,Individual,Gregory,Reyes,1946-07-09,M,USA,Utah,Home,4,No,Website,78,0,941310.61,313770.2033333333,3,3150.24,1050.08,298.81,0,0,0,1,C4: Luxury / Domestic Investors
C0976,Individual,Ryan,Miller,1983-07-18,M,USA,California,Home,4,Yes,Website,41,0,1206149.98,301537.495,4,3790.99,947.7475,318.16,0,0,1,1,C2: First-Time Buyers
C0977,Individual,Ryan,James,1996-04-07,M,USA,California,Home,1,No,Agency,28,0,944672.95,314890.98333333334,3,3277.52,1092.506666666667,288.23,0,0,0,1,C4: Luxury / Domestic Investors
C0978,Individual,Lauren,Brown,1963-11-11,F,USA,California,Home,4,Yes,Website,61,0,1449360.91,483120.3033333334,3,4580.87,1526.9566666666667,316.39,0,0,1,3,C4: Luxury / Domestic Investors
C0979,Individual,Madison,Roberts,1940-02-25,F,Canada,Quebec,Investment,4,No,Website,84,1,864661.4500000001,288220.48333333334,3,2817.99,939.33,306.84,0,1,0,2,C1: Global Investors
C0980,Individual,Daniel,Davis,1942-01-13,M,USA,New York,Investment,1,Yes,Website,82,0,1156326.64,385442.2133333334,3,4177.67,1392.5566666666666,276.79,0,1,1,1,C4: Luxury / Domestic Investors
C0981,Individual,Jessica,Stewart,1961-11-14,F,USA,California,Investment,1,No,Website,63,0,2048324.19,512081.0475,4,6221.1900000000005,1555.2975,329.25,0,1,0,3,C4: Luxury / Domestic Investors
C0982,Individual,Joyce,Jackson,1961-07-08,F,Canada,Manitoba,Investment,5,Yes,Agency,63,1,1443503.73,481167.91,3,4369.08,1456.36,330.39,0,1,1,2,C1: Global Investors
C0983,Individual,Brittany,Freeman,1994-06-21,F,Germany,North Rhine-Westphalia,Home,4,No,Website,30,1,803219.7,267739.89999999997,3,2698.86,899.62,297.61,0,0,0,2,C1: Global Investors
C0984,Individual,Mark,Johnson,1962-12-03,M,Canada,British Columbia,Home,5,Yes,Agency,62,1,1206529.21,402176.4033333333,3,4011.52,1337.1733333333334,300.77,0,0,1,2,C1: Global Investors
C0985,Individual,Ruth,Griffin,1954-10-15,F,USA,California,Home,1,Yes,Website,70,0,886990.72,295663.5733333333,3,2803.3,934.4333333333334,316.41,0,0,1,1,C4: Luxury / Domestic Investors
C0986,Individual,Jacqueline,Ward,1981-10-18,F,Russia,Saint Petersburg,Home,2,No,Website,43,1,1445226.07,481742.0233333334,3,4531.13,1510.3766666666668,318.95,0,0,0,2,C1: Global Investors
C0987,Individual,Maria,Johnson,1967-10-22,F,Germany,North Rhine-Westphalia,Home,1,Yes,Agency,57,1,1086018.36,271504.59,4,3936.48,984.12,275.89,0,0,1,2,C1: Global Investors
C0988,Individual,Douglas,Cooper,1988-04-21,M,USA,Texas,Home,3,Yes,Agency,36,0,695033.8,231677.93333333335,3,2172.26,724.0866666666667,319.96,0,0,1,1,C2: First-Time Buyers
C0989,Individual,Amber,Cook,1946-10-19,F,USA,Oregon,Home,4,No,Website,78,0,1129907.31,282476.8275,4,4140.77,1035.1925,272.87,0,0,0,1,C4: Luxury / Domestic Investors
C0990,Individual,Carl,Carter,1942-01-21,M,USA,Utah,Home,4,No,Website,82,0,1588383.36,397095.84,4,5287.04,1321.76,300.43,0,0,0,3,C4: Luxury / Domestic Investors
C0991,Individual,Heather,Adams,1975-03-27,F,USA,Nevada,Home,1,No,Website,49,0,1223116.15,407705.3833333333,3,4394.54,1464.8466666666666,278.33,0,0,0,1,C4: Luxury / Domestic Investors
C0992,Individual,Scott,Hughes,1988-11-19,M,Denmark,Capital Region,Home,1,Yes,Website,36,1,1478482.61,369620.6525,4,4821.86,1205.465,306.62,0,0,1,2,C1: Global Investors
C0993,Individual,Ryan,Campbell,1954-03-11,M,USA,California,Home,2,Yes,Website,70,0,530494.44,176831.47999999998,3,1831.86,610.62,289.59,0,0,1,1,C4: Luxury / Domestic Investors
C0994,Individual,Michael,Moore,1976-11-26,M,USA,California,Home,3,No,Website,48,0,1379902.87,344975.71749999997,4,4751.570000000001,1187.8925000000002,290.41,0,0,0,3,C4: Luxury / Domestic Investors
C0995,Individual,Amanda,Kim,1949-10-14,F,Australia,New South Wales,Home,1,Yes,Website,75,1,1004120.77,334706.92333333334,3,3111.33,1037.11,322.73,0,0,1,2,C1: Global Investors
C0996,Individual,Terry,Howard,1956-06-11,M,Canada,Manitoba,Home,2,Yes,Client,68,1,888968.0,296322.6666666667,3,2823.6299999999997,941.21,314.83,0,0,1,0,C1: Global Investors
C0997,Individual,Terry,Collins,1950-03-11,M,USA,California,Investment,3,Yes,Agency,74,0,1607877.07,535959.0233333333,3,4963.42,1654.4733333333334,323.95,0,1,1,3,C4: Luxury / Domestic Investors
C0998,Company,Grandis,Co,1969-05-06,F,USA,Virginia,Home,4,No,Agency,55,0,1230552.15,307638.0375,4,4213.08,1053.27,292.08,1,0,0,1,C3: Corporate Buyers
C0999,Individual,Jacqueline,Cox,1969-09-15,F,USA,California,Investment,3,No,Agency,55,0,661984.35,220661.45,3,2259.94,753.3133333333334,292.92,0,1,0,1,C4: Luxury / Domestic Investors
C1000,Individual,Judith,Parker,1963-07-21,F,USA,Utah,Home,2,Yes,Website,61,0,1629372.23,407343.0575,4,5266.620000000001,1316.6550000000002,309.38,0,0,1,3,C4: Luxury / Domestic Investors
C1001,Individual,Aaron,Nelson,1981-07-13,M,USA,California,Home,3,No,Website,43,0,1650296.94,412574.235,4,5305.49,1326.3725,311.05,0,0,0,3,C4: Luxury / Domestic Investors
C1002,Individual,Scott,Hughes,1967-06-08,M,USA,California,Home,5,No,Website,57,0,1064050.72,354683.5733333333,3,3156.26,1052.0866666666668,337.12,0,0,0,1,C4: Luxury / Domestic Investors
C1003,Individual,Lauren,Bennett,1977-08-11,F,USA,Nevada,Home,2,No,Website,47,0,1164909.23,388303.07666666666,3,3911.33,1303.7766666666666,297.83,0,0,0,1,C4: Luxury / Domestic Investors
C1004,Individual,Alexander,Anderson,1982-09-17,M,USA,Oregon,Home,3,Yes,Website,42,0,1553467.66,388366.915,4,5016.18,1254.045,309.69,0,0,1,3,C2: First-Time Buyers
C1005,Individual,Barbara,Chavez,1988-06-07,F,Germany,Hamburg,Home,3,No,Client,36,1,778101.6000000001,259367.20000000004,3,2979.01,993.0033333333334,261.19,0,0,0,0,C1: Global Investors
C1006,Individual,Stephanie,Weaver,1992-12-24,F,USA,Georgia,Home,1,No,Website,32,0,738938.8,246312.93333333335,3,2485.17,828.39,297.34,0,0,0,1,C4: Luxury / Domestic Investors
C1007,Individual,Joyce,Brooks,1948-10-25,F,UK,England,Home,4,No,Agency,76,1,813104.68,271034.89333333337,3,2541.11,847.0366666666667,319.98,0,0,0,2,C1: Global Investors
C1008,Company,Sterling,Co,1987-10-02,M,USA,California,Home,2,No,Website,37,0,1018262.69,254565.6725,4,3399.16,849.79,299.56,1,0,0,1,C3: Corporate Buyers
C1009,Individual,Evelyn,Bell,1950-02-11,F,USA,Nevada,Investment,4,Yes,Agency,74,0,741160.04,247053.34666666668,3,2913.5699999999997,971.19,254.38,0,1,1,1,C4: Luxury / Domestic Investors
C1010,Individual,Dennis,Moore,1964-03-10,M,Mexico,Jalisco,Home,4,No,Website,60,1,1331479.73,332869.9325,4,4308.78,1077.195,309.02,0,0,0,2,C1: Global Investors
C1011,Individual,Virginia,Brooks,1952-12-18,F,USA,California,Investment,1,No,Website,72,0,1281389.39,320347.34750000003,4,4302.02,1075.505,297.86,0,1,0,1,C4: Luxury / Domestic Investors
C1012,Individual,Raymond,Morales,1960-10-20,M,USA,New York,Home,4,Yes,Website,64,0,1690270.5,563423.5,3,5208.1,1736.0333333333335,324.55,0,0,1,3,C4: Luxury / Domestic Investors
C1013,Individual,Stephanie,Patterson,1994-06-19,F,USA,Oregon,Home,1,Yes,Website,30,0,1627907.97,406976.9925,4,5192.58,1298.145,313.51,0,0,1,3,C2: First-Time Buyers
C1014,Individual,David,Weaver,1969-01-06,M,USA,California,Home,3,Yes,Website,55,0,1278106.36,426035.45333333337,3,4571.08,1523.6933333333334,279.61,0,0,1,3,C4: Luxury / Domestic Investors
C1015,Individual,Kyle,Davis,1977-09-01,M,USA,California,Home,4,Yes,Website,47,0,884426.51,294808.83666666667,3,2919.27,973.09,302.96,0,0,1,1,C4: Luxury / Domestic Investors
C1016,Individual,Andrea,Wilson,1976-04-05,F,USA,California,Home,4,Yes,Agency,48,0,1542774.61,385693.6525,4,4858.25,1214.5625,317.56,0,0,1,3,C4: Luxury / Domestic Investors
C1017,Individual,Megan,Baker,1968-12-22,F,USA,California,Home,1,Yes,Agency,56,0,1116371.43,279092.8575,4,3714.98,928.745,300.51,0,0,1,1,C4: Luxury / Domestic Investors
C1018,Individual,Tiffany,Turner,1967-06-19,F,USA,Colorado,Home,5,Yes,Client,57,0,845680.5700000001,281893.5233333334,3,3100.45,1033.4833333333331,272.76,0,0,1,0,C4: Luxury / Domestic Investors
C1019,Individual,Carolyn,Stewart,1975-10-27,F,USA,Nevada,Home,2,No,Client,49,0,1167255.18,389085.06,3,3975.24,1325.0800000000002,293.63,0,0,0,0,C4: Luxury / Domestic Investors
C1020,Individual,Deborah,Morales,1994-07-23,F,USA,California,Home,3,No,Agency,30,0,1248826.86,312206.71499999997,4,3976.29,994.0725,314.07,0,0,0,1,C4: Luxury / Domestic Investors
C1021,Individual,Jeffrey,Bryant,1974-09-04,M,USA,California,Investment,1,No,Client,50,0,1554739.9,388684.975,4,5363.110000000001,1340.7775,289.9,0,1,0,0,C4: Luxury / Domestic Investors
C1022,Individual,Christina,King,1984-04-17,F,USA,Colorado,Home,1,No,Agency,40,0,1389709.13,347427.2825,4,4488.37,1122.0925,309.62,0,0,0,1,C4: Luxury / Domestic Investors
C1023,Individual,Heather,Bell,1953-07-28,F,USA,Nevada,Home,1,Yes,Website,71,0,1336237.87,445412.62333333335,3,4798.03,1599.3433333333332,278.5,0,0,1,3,C4: Luxury / Domestic Investors
C1024,Individual,Gregory,Long,1969-08-03,M,USA,Arizona,Investment,2,No,Agency,55,0,1351032.92,450344.30666666664,3,4531.13,1510.3766666666668,298.17,0,1,0,3,C4: Luxury / Domestic Investors
C1025,Individual,Michelle,King,1947-01-20,F,USA,California,Home,1,No,Client,77,0,738424.1799999999,246141.3933333333,3,2206.07,735.3566666666667,334.72,0,0,0,0,C4: Luxury / Domestic Investors
C1026,Individual,Robert,Parker,1991-08-12,M,USA,California,Investment,1,No,Agency,33,0,1440775.1,480258.3666666667,3,4356.79,1452.263333333333,330.7,0,1,0,3,C4: Luxury / Domestic Investors
C1027,Individual,Gerald,White,1976-12-10,M,USA,California,Investment,1,Yes,Client,48,0,1554407.81,518135.9366666667,3,4947.78,1649.26,314.16,0,1,1,0,C4: Luxury / Domestic Investors
C1028,Individual,Nicholas,Cox,1942-04-07,M,USA,California,Home,1,Yes,Website,82,0,1143826.71,285956.6775,4,3936.48,984.12,290.57,0,0,1,1,C4: Luxury / Domestic Investors
C1029,Individual,Ryan,Jackson,1949-11-06,M,Australia,Victoria,Home,1,No,Agency,75,1,946560.97,315520.3233333333,3,3148.14,1049.38,300.67,0,0,0,2,C1: Global Investors
C1030,Individual,Christine,Owens,1960-04-20,F,USA,Ohio,Home,4,No,Website,64,0,1353543.06,338385.765,4,4281.9,1070.475,316.11,0,0,0,3,C4: Luxury / Domestic Investors
C1031,Individual,Alexander,Reed,1989-01-13,M,UK,England,Home,1,No,Website,35,1,1011333.2,337111.06666666665,3,3265.76,1088.5866666666668,309.68,0,0,0,2,C1: Global Investors
C1032,Individual,Larry,Freeman,1977-01-03,M,USA,Nevada,Home,5,No,Website,47,0,1494289.73,373572.4325,4,4344.91,1086.2275,343.92,0,0,0,3,C4: Luxury / Domestic Investors
C1033,Individual,Eric,Jackson,1962-06-21,M,France,Ile-de-France,Home,2,No,Website,62,1,1496120.51,374030.1275,4,5253.52,1313.38,284.78,0,0,0,2,C1: Global Investors
C1034,Individual,Andrea,Wilson,1979-01-20,F,USA,Colorado,Home,5,No,Client,45,0,1200049.6,300012.4,4,3881.5,970.375,309.17,0,0,0,0,C4: Luxury / Domestic Investors
C1035,Individual,Jacob,Williams,1961-02-10,M,USA,Virginia,Home,2,No,Website,63,0,1528550.13,382137.5325,4,4908.68,1227.17,311.4,0,0,0,3,C4: Luxury / Domestic Investors
C1036,Individual,Martha,Collins,1988-03-13,F,USA,Oregon,Home,2,No,Agency,36,0,1176436.08,392145.36,3,4051.48,1350.493333333333,290.37,0,0,0,1,C4: Luxury / Domestic Investors
C1037,Company,Corvus,Co,1970-01-02,M,Mexico,Baja California,Home,2,Yes,Website,54,1,1115637.13,371879.0433333333,3,3570.94,1190.3133333333333,312.42,1,0,1,2,C3: Corporate Buyers
C1038,Individual,Gerald,Gray,1959-05-25,M,USA,California,Investment,3,No,Website,65,0,907128.2,302376.0666666667,3,2817.99,939.33,321.91,0,1,0,1,C4: Luxury / Domestic Investors
C1039,Individual,Nicholas,Carter,1962-07-17,M,USA,California,Home,1,Yes,Agency,62,0,1428452.94,357113.235,4,4842.950000000001,1210.7375000000002,294.96,0,0,1,3,C4: Luxury / Domestic Investors
C1040,Individual,Joseph,Young,1940-04-05,M,USA,California,Investment,5,Yes,Website,84,0,901095.79,300365.26333333337,3,2976.66,992.22,302.72,0,1,1,1,C4: Luxury / Domestic Investors
C1041,Individual,Evelyn,Morris,1990-12-07,F,USA,Nevada,Home,5,Yes,Website,34,0,1150040.79,383346.93,3,3911.33,1303.7766666666666,294.03,0,0,1,1,C2: First-Time Buyers
C1042,Individual,Rebecca,Parker,1945-08-03,F,USA,Nevada,Home,2,No,Agency,79,0,1325783.46,331445.865,4,4488.37,1122.0925,295.38,0,0,0,1,C4: Luxury / Domestic Investors
C1043,Individual,Carol,Griffin,1999-07-14,F,USA,Washington,Home,5,No,Website,25,0,1067911.86,355970.61999999994,3,4071.58,1357.1933333333334,262.28,0,0,0,1,C4: Luxury / Domestic Investors
C1044,Individual,Eric,Howard,1971-05-15,M,USA,Nevada,Investment,5,No,Website,53,0,1368036.39,342009.09750000003,4,4582.14,1145.535,298.56,0,1,0,3,C4: Luxury / Domestic Investors
C1045,Individual,Rebecca,Allen,1942-04-01,F,USA,New York,Home,3,No,Website,82,0,974840.03,324946.6766666667,3,3180.34,1060.1133333333337,306.52,0,0,0,1,C4: Luxury / Domestic Investors
C1046,Individual,Maria,Wood,1969-05-21,F,Canada,Quebec,Home,4,Yes,Website,55,1,1301128.39,325282.0975,4,4198.799999999999,1049.6999999999998,309.88,0,0,1,2,C1: Global Investors
C1047,Individual,Ronald,Reyes,1984-12-12,M,USA,Virginia,Home,3,No,Website,40,0,1333737.83,444579.2766666667,3,4363.72,1454.5733333333335,305.64,0,0,0,3,C4: Luxury / Domestic Investors
C1048,Individual,Angela,Turner,1970-01-27,F,USA,Oregon,Investment,1,No,Agency,54,0,1349339.41,449779.8033333333,3,4317.77,1439.256666666667,312.51,0,1,0,3,C4: Luxury / Domestic Investors
C1049,Individual,Tiffany,Sanders,1940-11-05,F,USA,California,Investment,5,No,Website,84,0,1214294.16,404764.72,3,4354.610000000001,1451.5366666666669,278.85,0,1,0,1,C4: Luxury / Domestic Investors
C1050,Individual,Tyler,Watson,1955-10-03,M,USA,Georgia,Home,4,Yes,Website,69,0,1274655.09,318663.7725,4,4770.88,1192.72,267.17,0,0,1,1,C4: Luxury / Domestic Investors
C1051,Individual,Cheryl,Hansen,1958-07-19,F,USA,Virginia,Home,1,Yes,Agency,66,0,894972.26,298324.08666666667,3,3050.23,1016.7433333333332,293.41,0,0,1,1,C4: Luxury / Domestic Investors
C1052,Individual,Kimberly,Parker,1953-04-24,F,USA,Utah,Home,1,Yes,Agency,71,0,1008000.54,252000.135,4,3347.77,836.9425,301.1,0,0,1,1,C4: Luxury / Domestic Investors
C1053,Individual,Adam,Kim,1974-11-10,M,Mexico,Nuevo Leon,Home,2,Yes,Website,50,1,1280976.9,426992.3,3,4009.83,1336.61,319.46,0,0,1,2,C1: Global Investors
C1054,Individual,Edward,Foster,1989-09-04,M,USA,Arizona,Home,2,Yes,Website,35,0,837920.5800000001,279306.86000000004,3,2638.0299999999997,879.3433333333332,317.63,0,0,1,1,C2: First-Time Buyers
C1055,Individual,Jonathan,Bennett,1972-11-20,M,USA,New York,Investment,2,Yes,Website,52,0,811498.78,270499.5933333333,3,2779.19,926.3966666666666,291.99,0,1,1,1,C4: Luxury / Domestic Investors
C1056,Individual,Larry,Wilson,1979-01-19,M,USA,Colorado,Home,1,Yes,Website,45,0,1436352.77,478784.25666666665,3,5264.81,1754.9366666666667,272.82,0,0,1,3,C4: Luxury / Domestic Investors
C1057,Individual,Jesse,Garcia,1994-04-17,M,USA,Nevada,Investment,5,No,Website,30,0,1430593.53,357648.3825,4,5205.6,1301.4,274.82,0,1,0,3,C4: Luxury / Domestic Investors
C1058,Individual,Rachel,Weaver,1973-06-12,F,Germany,Bavaria,Home,3,Yes,Website,51,1,1526007.8199999998,381501.955,4,4761.63,1190.4075,320.48,0,0,1,2,C1: Global Investors
C1059,Individual,Danielle,Davis,1978-06-26,F,USA,California,Home,4,No,Website,46,0,1266979.76,422326.5866666666,3,4268.91,1422.97,296.79,0,0,0,3,C4: Luxury / Domestic Investors
C1060,Individual,Christian,Evans,1940-12-25,M,USA,Nevada,Home,5,No,Agency,84,0,1167625.18,389208.3933333333,3,3964.51,1321.503333333333,294.52,0,0,0,1,C4: Luxury / Domestic Investors
C1061,Individual,Stephanie,Smith,1960-06-01,F,UK,Scotland,Home,1,No,Website,64,1,1689767.29,422441.8225,4,5691.97,1422.9925,296.87,0,0,0,2,C1: Global Investors
C1062,Individual,Billy,Foster,1975-12-20,M,USA,California,Home,4,No,Agency,49,0,1766882.53,441720.6325,4,5626.43,1406.6075,314.03,0,0,0,3,C4: Luxury / Domestic Investors
C1063,Individual,Nicole,Weaver,1988-12-05,F,USA,New York,Investment,5,Yes,Website,36,0,1315820.94,438606.98,3,4062.88,1354.2933333333333,323.86,0,1,1,3,C2: First-Time Buyers
C1064,Individual,Brandon,Pierce,1945-08-06,M,USA,California,Home,5,Yes,Website,79,0,695434.77,231811.59,3,2651.24,883.7466666666668,262.31,0,0,1,1,C4: Luxury / Domestic Investors
C1065,Individual,Mark,Reyes,1955-01-06,M,USA,Georgia,Home,3,Yes,Client,69,0,1107631.34,369210.4466666667,3,3790.73,1263.5766666666666,292.19,0,0,1,0,C4: Luxury / Domestic Investors
C1066,Individual,Ashley,Moore,1941-09-21,F,Australia,Victoria,Home,1,No,Website,83,1,1208868.77,302217.1925,4,3963.95,990.9875,304.97,0,0,0,2,C1: Global Investors
C1067,Individual,Samuel,Howard,1942-12-24,M,Mexico,Jalisco,Investment,4,No,Agency,82,1,849001.36,283000.4533333333,3,2712.1400000000003,904.0466666666669,313.04,0,1,0,2,C1: Global Investors
C1068,Individual,Kathleen,Carter,1984-02-10,F,USA,California,Home,3,No,Agency,40,0,1403831.31,467943.77,3,4827.1,1609.0333333333335,290.82,0,0,0,3,C4: Luxury / Domestic Investors
C1069,Individual,Lawrence,Cox,1992-06-13,M,USA,Virginia,Home,3,Yes,Agency,32,0,1323760.84,441253.6133333333,3,4239.18,1413.0600000000002,312.27,0,0,1,3,C2: First-Time Buyers
C1070,Individual,Virginia,Rogers,1951-06-26,F,Germany,Bavaria,Home,5,No,Agency,73,1,1286265.14,428755.0466666667,3,4415.7,1471.9,291.29,0,0,0,2,C1: Global Investors
C1071,Individual,Aaron,Johnson,1966-08-11,M,USA,Texas,Home,2,No,Agency,58,0,1047375.62,261843.905,4,3498.51,874.6275,299.38,0,0,0,1,C4: Luxury / Domestic Investors
C1072,Individual,Kimberly,Jones,1962-06-10,F,USA,Utah,Home,3,No,Agency,62,0,829884.93,276628.31,3,2937.26,979.0866666666668,282.54,0,0,0,1,C4: Luxury / Domestic Investors
C1073,Individual,Carl,Collins,1955-07-02,M,USA,California,Investment,2,No,Website,69,0,1197808.83,299452.2075,4,3808.21,952.0525,314.53,0,1,0,1,C4: Luxury / Domestic Investors
C1074,Individual,George,Foster,1954-07-10,M,UK,Northern Ireland,Home,1,No,Website,70,1,1004700.45,334900.14999999997,3,3277.6200000000003,1092.5400000000002,306.53,0,0,0,2,C1: Global Investors
C1075,Individual,Carolyn,Watson,1975-02-17,F,Mexico,Baja California,Home,3,No,Website,49,1,1178400.08,294600.02,4,3939.81,984.9525,299.1,0,0,0,2,C1: Global Investors
C1076,Individual,Betty,Thompson,1980-10-28,F,USA,Florida,Investment,3,No,Agency,44,0,884169.44,294723.14666666667,3,2930.45,976.8166666666666,301.72,0,1,0,1,C4: Luxury / Domestic Investors
C1077,Individual,Peter,Griffin,1982-03-07,M,USA,Texas,Investment,2,No,Agency,42,0,1467449.24,366862.31,4,4983.74,1245.935,294.45,0,1,0,3,C4: Luxury / Domestic Investors
C1078,Individual,Joshua,Howard,1940-07-22,M,USA,Ohio,Home,1,No,Agency,84,0,1247337.58,415779.19333333336,3,3911.33,1303.7766666666666,318.9,0,0,0,1,C4: Luxury / Domestic Investors
C1079,Individual,Steven,Hayes,1959-06-19,M,USA,California,Investment,4,Yes,Website,65,0,1151228.31,383742.77,3,4009.83,1336.61,287.1,0,1,1,1,C4: Luxury / Domestic Investors
C1080,Individual,Hannah,Stewart,1956-10-06,F,UK,England,Investment,4,No,Agency,68,1,1594795.52,398698.88,4,5701.12,1425.28,279.73,0,1,0,2,C1: Global Investors
C1081,Company,Meridian,Co,1974-09-08,M,Russia,Novosibirsk,Home,4,Yes,Agency,50,1,1006584.7,335528.23333333334,3,3610.17,1203.39,278.82,1,0,1,2,C3: Corporate Buyers
C1082,Individual,Patricia,Martin,1993-02-04,F,USA,Oregon,Investment,5,Yes,Website,31,0,829499.85,276499.95,3,2859.34,953.1133333333332,290.1,0,1,1,1,C2: First-Time Buyers
C1083,Individual,Pamela,Jackson,1950-10-06,F,USA,Colorado,Investment,4,No,Agency,74,0,1145122.1,286280.525,4,3757.95,939.4875,304.72,0,1,0,1,C4: Luxury / Domestic Investors
C1084,Individual,Sarah,Hansen,1989-07-27,F,France,Ile-de-France,Home,4,No,Agency,35,1,1357921.15,339480.2875,4,4546.77,1136.6925,298.66,0,0,0,2,C1: Global Investors
C1085,Individual,Sarah,Flores,1947-10-18,F,Australia,Queensland,Investment,1,No,Client,77,1,797675.03,265891.6766666667,3,2984.48,994.8266666666668,267.27,0,1,0,0,C1: Global Investors
C1086,Individual,Timothy,Montgomery,1956-03-01,M,USA,Colorado,Home,1,Yes,Website,68,0,1339827.27,334956.8175,4,4120.84,1030.21,325.13,0,0,1,3,C4: Luxury / Domestic Investors
C1087,Individual,Matthew,Owens,1984-01-03,M,USA,Colorado,Home,3,No,Website,40,0,1878433.21,469608.3025,4,6300.43,1575.1075,298.14,0,0,0,3,C4: Luxury / Domestic Investors
C1088,Individual,Nicholas,Stewart,1998-09-26,M,USA,Utah,Home,4,Yes,Agency,26,0,802271.19,267423.73,3,2651.24,883.7466666666666,302.6,0,0,1,1,C2: First-Time Buyers
C1089,Individual,Madison,Ward,1962-09-17,F,USA,Utah,Home,1,Yes,Website,62,0,959344.08,239836.02,4,3313.5,828.375,289.53,0,0,1,1,C4: Luxury / Domestic Investors
C1090,Individual,Laura,Moore,1962-09-07,F,Canada,Alberta,Home,3,Yes,Client,62,1,1217272.58,405757.5266666667,3,4188.29,1396.0966666666666,290.64,0,0,1,0,C1: Global Investors
C1091,Individual,Arthur,Phillips,1984-07-21,M,USA,Nevada,Home,1,Yes,Agency,40,0,741797.49,247265.83,3,2560.9700000000003,853.6566666666668,289.65,0,0,1,1,C2: First-Time Buyers
C1092,Individual,Terry,Adams,1996-11-24,M,USA,Oregon,Investment,2,No,Website,28,0,1213248.05,404416.01666666666,3,4356.79,1452.263333333333,278.47,0,1,0,1,C4: Luxury / Domestic Investors
C1093,Individual,Adam,Allen,1980-07-13,M,USA,Oregon,Home,1,Yes,Website,44,0,805402.8300000001,268467.61000000004,3,2701.38,900.46,298.14,0,0,1,1,C2: First-Time Buyers
C1094,Individual,Sarah,Cook,1960-02-12,F,USA,Washington,Home,2,Yes,Website,64,0,1631407.56,407851.89,4,5094.1900000000005,1273.5475,320.25,0,0,1,3,C4: Luxury / Domestic Investors
C1095,Individual,Cynthia,Howard,1940-02-26,F,USA,California,Home,3,No,Agency,84,0,1454366.24,363591.56,4,5056.05,1264.0125,287.65,0,0,0,3,C4: Luxury / Domestic Investors
C1096,Individual,Grace,Edwards,1965-05-20,F,USA,New York,Home,2,No,Client,59,0,1756661.91,439165.4775,4,5358.78,1339.695,327.81,0,0,0,0,C4: Luxury / Domestic Investors
C1097,Individual,Teresa,Pierce,1962-07-16,F,Canada,Alberta,Home,3,Yes,Agency,62,1,1064342.81,354780.9366666667,3,3487.85,1162.6166666666666,305.16,0,0,1,2,C1: Global Investors
C1098,Individual,Paul,Young,1976-10-24,M,USA,California,Investment,3,No,Client,48,0,1187774.23,395924.74333333335,3,3870.26,1290.0866666666668,306.9,0,1,0,0,C4: Luxury / Domestic Investors
C1099,Individual,Joan,Scott,1972-06-26,F,USA,Colorado,Home,3,No,Agency,52,0,1426501.12,356625.28,4,4612.33,1153.0825,309.28,0,0,0,3,C4: Luxury / Domestic Investors
C1100,Individual,Frank,Thomas,1940-05-14,M,Russia,Novosibirsk,Home,1,No,Website,84,1,1314225.59,328556.39749999996,4,4168.6900000000005,1042.1725,315.26,0,0,0,2,C1: Global Investors
C1101,Individual,Matthew,King,1964-01-03,M,Belgium,Flanders,Home,5,No,Website,60,1,1037914.43,259478.6075,4,3474.29,868.5725,298.74,0,0,0,2,C1: Global Investors
C1102,Company,Harmon,Co,1960-05-06,M,Germany,Berlin,Home,2,No,Agency,64,1,1248456.03,312114.0075,4,3972.25,993.0625,314.29,1,0,0,2,C3: Corporate Buyers
C1103,Individual,Jose,Johnson,1961-04-27,M,Belgium,Wallonia,Home,4,No,Agency,63,1,1206840.81,301710.2025,4,3989.66,997.415,302.49,0,0,0,2,C1: Global Investors
C1104,Individual,Christian,Weaver,1998-10-15,M,USA,Utah,Investment,5,Yes,Website,26,0,893996.19,297998.73,3,3075.04,1025.013333333333,290.73,0,1,1,1,C2: First-Time Buyers
C1105,Individual,Roger,Ward,1940-01-14,M,USA,Nevada,Home,3,Yes,Website,84,0,1623510.31,405877.5775,4,5463.780000000001,1365.9450000000002,297.14,0,0,1,3,C4: Luxury / Domestic Investors
C1106,Individual,Sean,Martin,1982-05-16,M,USA,California,Home,1,No,Agency,42,0,773499.85,257833.28333333333,3,2528.04,842.68,305.97,0,0,0,1,C4: Luxury / Domestic Investors
C1107,Individual,Frank,Hayes,1948-01-15,M,Canada,British Columbia,Home,1,No,Website,76,1,1156527.59,385509.1966666667,3,3804.14,1268.0466666666669,304.02,0,0,0,2,C1: Global Investors
C1108,Individual,Helen,Ward,1994-01-12,F,Australia,South Australia,Home,4,No,Website,30,1,1069904.1,356634.7,3,3715.08,1238.36,287.99,0,0,0,2,C1: Global Investors
C1109,Individual,Rebecca,Anderson,1967-09-05,F,USA,California,Home,1,Yes,Client,57,0,1756965.37,439241.3425,4,5835.72,1458.93,301.07,0,0,1,0,C4: Luxury / Domestic Investors
C1110,Individual,Harold,Watson,1977-05-12,M,USA,New York,Home,5,Yes,Website,47,0,1445458.33,361364.5825,4,4611.639999999999,1152.91,313.44,0,0,1,3,C4: Luxury / Domestic Investors
C1111,Company,Corvus,Co,1967-01-23,M,USA,California,Home,4,Yes,Website,57,0,885146.14,295048.7133333333,3,2691.9300000000003,897.3100000000001,328.81,1,0,1,1,C3: Corporate Buyers
C1112,Individual,Donald,Green,1982-01-05,M,USA,Nevada,Investment,3,Yes,Website,42,0,961599.42,320533.13999999996,3,2927.83,975.9433333333332,328.43,0,1,1,1,C2: First-Time Buyers
C1113,Individual,Brenda,Martin,1974-08-18,F,USA,Texas,Investment,2,No,Client,50,0,1162770.88,290692.72,4,3768.14,942.035,308.58,0,1,0,0,C4: Luxury / Domestic Investors
C1114,Individual,Cheryl,Wood,1992-02-04,F,USA,California,Home,3,No,Website,32,0,872825.73,290941.91,3,3218.1800000000003,1072.7266666666667,271.22,0,0,0,1,C4: Luxury / Domestic Investors
C1115,Individual,Joseph,Bell,1973-10-24,M,USA,Colorado,Home,3,Yes,Agency,51,0,1054599.19,351533.0633333333,3,3326.99,1108.996666666667,316.98,0,0,1,1,C4: Luxury / Domestic Investors
C1116,Individual,Angela,Freeman,1991-12-17,F,USA,California,Home,1,Yes,Agency,33,0,766951.9500000001,255650.65,3,2638.0299999999997,879.3433333333332,290.73,0,0,1,1,C2: First-Time Buyers
C1117,Individual,Rebecca,Patterson,1955-02-23,F,Mexico,Mexico City,Home,5,Yes,Website,69,1,1149629.49,287407.3725,4,4191.96,1047.99,274.25,0,0,1,2,C1: Global Investors
C1118,Company,Caldera,Co,1969-04-26,M,UK,Scotland,Investment,2,Yes,Website,55,1,859368.99,286456.33,3,2949.95,983.3166666666666,291.32,1,1,1,2,C3: Corporate Buyers
C1119,Individual,Larry,Green,1941-03-14,M,USA,Oregon,Home,1,Yes,Website,83,0,938703.66,312901.22,3,2849.71,949.9033333333332,329.4,0,0,1,1,C4: Luxury / Domestic Investors
C1120,Individual,Kathleen,Carter,1979-07-16,F,USA,Arizona,Home,1,No,Website,45,0,1371211.29,342802.8225,4,4494.469999999999,1123.6174999999998,305.09,0,0,0,3,C4: Luxury / Domestic Investors
C1121,Individual,Carolyn,Gray,1985-06-02,F,USA,California,Home,1,No,Client,39,0,1014661.78,338220.5933333333,3,3373.5,1124.5,300.77,0,0,0,0,C4: Luxury / Domestic Investors
C1122,Individual,Judith,Evans,1942-10-04,F,USA,California,Home,4,No,Website,82,0,1558949.2,389737.3,4,4835.51,1208.8775,322.4,0,0,0,3,C4: Luxury / Domestic Investors
C1123,Individual,Robert,Pierce,1951-03-11,M,USA,Virginia,Home,5,No,Agency,73,0,1241771.44,413923.8133333333,3,3851.12,1283.7066666666667,322.44,0,0,0,1,C4: Luxury / Domestic Investors
C1124,Individual,Sharon,Murray,1976-02-04,F,USA,Oregon,Investment,5,Yes,Website,48,0,1272190.01,318047.5025,4,4163.5599999999995,1040.89,305.55,0,1,1,1,C4: Luxury / Domestic Investors
C1125,Individual,Ronald,Price,1941-02-03,M,USA,Oregon,Home,3,No,Agency,83,0,1186907.08,395635.69333333336,3,3997.02,1332.34,296.95,0,0,0,1,C4: Luxury / Domestic Investors
C1126,Company,Elara,Co,1983-02-16,M,USA,Virginia,Home,1,Yes,Website,41,0,893488.2,297829.39999999997,3,3047.8199999999997,1015.94,293.16,1,0,1,1,C3: Corporate Buyers
C1127,Individual,Ann,Cooper,1943-06-15,F,UK,England,Investment,1,No,Website,81,1,838728.4,279576.13333333336,3,2797.11,932.37,299.86,0,1,0,2,C1: Global Investors
C1128,Individual,Brian,Montgomery,1983-12-05,M,USA,California,Investment,1,No,Website,41,0,1186634.53,395544.8433333333,3,3992.56,1330.8533333333332,297.21,0,1,0,1,C4: Luxury / Domestic Investors
C1129,Individual,Martha,Hansen,1945-09-03,F,USA,Colorado,Investment,5,No,Agency,79,0,1463125.26,365781.315,4,4877.75,1219.4375,299.96,0,1,0,3,C4: Luxury / Domestic Investors
C1130,Individual,Tiffany,Parker,1987-03-01,F,USA,Arizona,Home,5,No,Website,37,0,1326217.01,331554.2525,4,4036.92,1009.23,328.52,0,0,0,3,C4: Luxury / Domestic Investors
C1131,Individual,Cheryl,Kim,1984-05-28,F,USA,California,Investment,3,No,Website,40,0,1210500.79,403500.26333333337,3,3953.2,1317.7333333333331,306.21,0,1,0,1,C4: Luxury / Domestic Investors
C1132,Individual,Terry,Roberts,1982-01-21,M,USA,New York,Home,2,Yes,Website,42,0,1383901.27,461300.42333333334,3,4346.46,1448.82,318.4,0,0,1,3,C2: First-Time Buyers
C1133,Individual,Jason,Hansen,1993-01-21,M,USA,Oregon,Investment,3,No,Website,31,0,1427019.92,356754.98,4,4842.950000000001,1210.7375000000002,294.66,0,1,0,3,C4: Luxury / Domestic Investors
C1134,Individual,Dorothy,Bennett,1943-10-10,F,USA,California,Investment,1,No,Website,81,0,1088583.78,272145.945,4,3620.15,905.0375,300.7,0,1,0,1,C4: Luxury / Domestic Investors
C1135,Individual,Melissa,Phillips,1999-09-22,F,Russia,Moscow Oblast,Investment,5,Yes,Client,25,1,1186082.75,395360.9166666667,3,3910.42,1303.4733333333334,303.31,0,1,1,0,C1: Global Investors
C1136,Individual,Shirley,Weaver,1965-04-27,F,USA,California,Home,3,Yes,Agency,59,0,1016844.64,338948.2133333333,3,3071.6400000000003,1023.88,331.04,0,0,1,1,C4: Luxury / Domestic Investors
C1137,Individual,Carol,Price,1986-12-24,F,USA,Nevada,Home,4,Yes,Agency,38,0,1114902.43,371634.1433333333,3,3420.52,1140.1733333333334,325.95,0,0,1,1,C2: First-Time Buyers
C1138,Individual,George,Green,1964-08-24,M,USA,Oregon,Home,1,No,Website,60,0,840602.9199999999,280200.9733333333,3,2856.2200000000003,952.0733333333334,294.31,0,0,0,1,C4: Luxury / Domestic Investors
C1139,Individual,Tiffany,Green,1996-03-03,F,USA,California,Home,4,Yes,Client,28,0,1297382.59,432460.86333333334,3,4317.77,1439.256666666667,300.48,0,0,1,0,C2: First-Time Buyers
C1140,Individual,Billy,Jackson,1976-07-01,M,USA,Florida,Home,1,Yes,Website,48,0,1275809.71,425269.9033333333,3,3831.82,1277.2733333333333,332.95,0,0,1,3,C4: Luxury / Domestic Investors
C1141,Individual,Kimberly,Montgomery,2000-01-26,F,USA,Arizona,Investment,3,No,Website,24,0,990242.33,330080.7766666667,3,3304.65,1101.55,299.65,0,1,0,1,C4: Luxury / Domestic Investors
C1142,Individual,Julia,Hughes,1948-03-10,F,USA,Colorado,Home,2,Yes,Agency,76,0,1492680.13,373170.0325,4,4889.48,1222.37,305.28,0,0,1,3,C4: Luxury / Domestic Investors
C1143,Individual,Michael,Garcia,1994-09-10,M,USA,Arizona,Home,2,Yes,Website,30,0,1108329.67,369443.2233333333,3,4031.45,1343.8166666666666,274.92,0,0,1,1,C2: First-Time Buyers
C1144,Individual,Diane,Young,1978-11-10,F,USA,Georgia,Investment,4,No,Client,46,0,1244666.12,311166.53,4,4108.29,1027.0725,302.96,0,1,0,0,C4: Luxury / Domestic Investors
C1145,Individual,Ethan,King,1993-04-04,M,USA,Nevada,Home,5,No,Website,31,0,1118850.31,372950.10333333333,3,3802.22,1267.4066666666668,294.26,0,0,0,1,C4: Luxury / Domestic Investors
C1146,Individual,Richard,Weaver,1991-03-14,M,USA,California,Investment,2,No,Website,33,0,1037824.43,345941.4766666667,3,3408.26,1136.0866666666668,304.5,0,1,0,1,C4: Luxury / Domestic Investors
C1147,Individual,Brittany,Edwards,1978-02-09,F,USA,Utah,Home,3,No,Website,46,0,905314.84,301771.61333333334,3,3031.59,1010.53,298.63,0,0,0,1,C4: Luxury / Domestic Investors
C1148,Individual,Joshua,Rogers,1991-07-15,M,Australia,New South Wales,Home,1,Yes,Agency,33,1,1083677.57,361225.8566666667,3,3664.15,1221.3833333333334,295.75,0,0,1,2,C1: Global Investors
C1149,Individual,Kimberly,Thomas,1980-03-06,F,Russia,Tatarstan,Home,3,No,Agency,44,1,1277449.99,319362.4975,4,4213.08,1053.27,303.21,0,0,0,2,C1: Global Investors
C1150,Individual,Tiffany,Cook,1992-11-08,F,USA,Nevada,Investment,4,No,Agency,32,0,1476970.3,492323.43333333335,3,4650.38,1550.1266666666668,317.6,0,1,0,3,C4: Luxury / Domestic Investors
C1151,Individual,Tyler,Anderson,1963-12-14,M,USA,Arizona,Investment,2,No,Website,61,0,1760000.34,440000.085,4,5400.87,1350.2175,325.87,0,1,0,3,C4: Luxury / Domestic Investors
C1152,Individual,Jason,Williams,1977-09-16,M,USA,Georgia,Home,1,No,Website,47,0,1654928.32,413732.08,4,5498.34,1374.585,300.99,0,0,0,3,C4: Luxury / Domestic Investors
C1153,Individual,Scott,Sanders,1991-09-14,M,USA,California,Home,1,No,Website,33,0,1007630.0,335876.6666666667,3,3511.06,1170.3533333333332,286.99,0,0,0,1,C4: Luxury / Domestic Investors
C1154,Individual,Jerry,Brown,1956-07-12,M,USA,Utah,Home,5,Yes,Agency,68,0,1373889.96,343472.49,4,4541.3,1135.325,302.53,0,0,1,3,C4: Luxury / Domestic Investors
C1155,Individual,William,Young,1977-03-03,M,USA,California,Home,5,No,Website,47,0,1577625.0,525875.0,3,5037.32,1679.1066666666666,313.19,0,0,0,3,C4: Luxury / Domestic Investors
C1156,Individual,Dorothy,Kim,1956-05-16,F,USA,Virginia,Home,4,No,Agency,68,0,859956.66,286652.22000000003,3,3024.39,1008.13,284.34,0,0,0,1,C4: Luxury / Domestic Investors
C1157,Individual,Kenneth,Davis,1944-11-02,M,Canada,Alberta,Investment,2,No,Website,80,1,894080.38,223520.095,4,2865.81,716.4525,311.98,0,1,0,2,C1: Global Investors
C1158,Individual,Joan,Pierce,1955-05-19,F,USA,California,Investment,2,No,Website,69,0,941360.29,313786.76333333337,3,2916.16,972.0533333333332,322.81,0,1,0,1,C4: Luxury / Domestic Investors
C1159,Individual,Gerald,Howard,1940-03-24,M,USA,Nevada,Investment,1,Yes,Website,84,0,1170550.92,390183.64,3,3527.05,1175.6833333333334,331.88,0,1,1,1,C4: Luxury / Domestic Investors
C1160,Individual,Walter,Griffin,1980-11-21,M,USA,Florida,Home,2,Yes,Website,44,0,1359425.86,339856.46499999997,4,4407.95,1101.9875,308.4,0,0,1,3,C2: First-Time Buyers
C1161,Individual,Stephen,White,1994-02-12,M,Canada,Alberta,Investment,3,Yes,Website,30,1,2022416.31,505604.0775,4,5945.3099999999995,1486.3275,340.17,0,1,1,3,C1: Global Investors
C1162,Individual,Charles,Nelson,1962-01-25,M,USA,California,Investment,2,No,Website,62,0,1116223.63,279055.9075,4,3490.7200000000003,872.6800000000001,319.77,0,1,0,1,C4: Luxury / Domestic Investors
C1163,Individual,Noah,Morales,1998-10-26,M,USA,California,Home,3,Yes,Website,26,0,1202709.18,300677.295,4,4239.35,1059.8375,283.7,0,0,1,1,C2: First-Time Buyers
C1164,Individual,Emma,Watson,1968-04-11,F,Belgium,Wallonia,Home,3,Yes,Agency,56,1,1315287.03,328821.7575,4,4678.46,1169.615,281.14,0,0,1,2,C1: Global Investors
C1165,Individual,Victoria,Alexander,1994-09-26,F,Russia,Moscow Oblast,Home,1,No,Website,30,1,970705.4,323568.4666666666,3,3239.7799999999997,1079.9266666666665,299.62,0,0,0,2,C1: Global Investors
C1166,Individual,Scott,Hall,1991-11-15,M,USA,New York,Investment,1,No,Website,33,0,1163601.79,290900.4475,4,3757.95,939.4875,309.64,0,1,0,1,C4: Luxury / Domestic Investors
C1167,Individual,Kevin,Alexander,1967-12-20,M,UK,Scotland,Home,3,No,Website,57,1,1163104.83,387701.61,3,3581.32,1193.7733333333333,324.77,0,0,0,2,C1: Global Investors
C1168,Individual,Brittany,Reyes,1998-12-25,F,Germany,Hamburg,Home,2,Yes,Agency,26,1,1081069.19,270267.2975,4,3604.98,901.245,299.88,0,0,1,2,C1: Global Investors
C1169,Individual,Noah,Bryant,1994-01-05,M,Russia,Saint Petersburg,Home,5,Yes,Agency,30,1,900300.22,225075.055,4,3330.46,832.615,270.32,0,0,1,2,C1: Global Investors
C1170,Individual,Amanda,Collins,1990-02-09,F,USA,Nevada,Home,1,Yes,Website,34,0,1165955.62,291488.905,4,4039.73,1009.9325,288.62,0,0,1,1,C2: First-Time Buyers
C1171,Individual,Anna,Patterson,1984-08-21,F,USA,California,Investment,4,Yes,Website,40,0,1561809.25,390452.3125,4,5107.95,1276.9875,305.76,0,1,1,3,C2: First-Time Buyers
C1172,Individual,Victoria,Freeman,1942-11-05,F,USA,Nevada,Home,5,No,Website,82,0,1240274.79,310068.6975,4,3961.79,990.4475,313.06,0,0,0,1,C4: Luxury / Domestic Investors
C1173,Individual,Cheryl,Price,1984-11-02,F,Canada,Manitoba,Investment,1,No,Website,40,1,1261072.17,315268.0425,4,4059.93,1014.9825,310.61,0,1,0,2,C1: Global Investors
C1174,Individual,Kenneth,White,1982-07-06,M,USA,Nevada,Home,2,No,Agency,42,0,1414798.99,353699.7475,4,4979.219999999999,1244.8049999999998,284.14,0,0,0,3,C4: Luxury / Domestic Investors
C1175,Individual,Evelyn,Long,1959-09-27,F,USA,California,Home,2,No,Website,65,0,1766232.62,441558.155,4,5797.51,1449.3775,304.65,0,0,0,3,C4: Luxury / Domestic Investors
C1176,Individual,Lauren,Baker,1975-06-03,F,USA,California,Investment,4,Yes,Agency,49,0,1003328.89,334442.9633333333,3,3511.06,1170.3533333333332,285.76,0,1,1,1,C4: Luxury / Domestic Investors
C1177,Individual,Larry,Sanders,1998-09-05,M,USA,California,Investment,2,No,Agency,26,0,1047224.27,261806.0675,4,3264.6400000000003,816.1600000000001,320.78,0,1,0,1,C4: Luxury / Domestic Investors
C1178,Individual,Jessica,Richardson,1950-07-16,F,USA,California,Home,1,No,Agency,74,0,744651.07,248217.02333333332,3,2404.38,801.46,309.71,0,0,0,1,C4: Luxury / Domestic Investors
C1179,Individual,Melissa,Anderson,1991-02-09,F,USA,California,Home,4,No,Agency,33,0,848152.02,282717.34,3,3137.6000000000004,1045.8666666666668,270.32,0,0,0,1,C4: Luxury / Domestic Investors
C1180,Individual,Deborah,Miller,1995-07-11,F,Belgium,Brussels,Home,2,Yes,Website,29,1,1111089.24,277772.31,4,4202.29,1050.5725,264.4,0,0,1,2,C1: Global Investors
C1181,Individual,Judith,Hansen,1956-03-23,F,USA,Nevada,Investment,5,No,Website,68,0,743723.3099999999,247907.77,3,2817.99,939.33,263.92,0,1,0,1,C4: Luxury / Domestic Investors
C1182,Individual,Christopher,Murray,1961-03-11,M,Germany,Bavaria,Investment,3,Yes,Website,63,1,1522183.38,380545.845,4,5076.26,1269.065,299.86,0,1,1,2,C1: Global Investors
C1183,Individual,Carl,Rogers,1993-11-14,M,USA,Arizona,Investment,1,No,Website,31,0,1364593.88,341148.47,4,4353.53,1088.3825,313.45,0,1,0,1,C4: Luxury / Domestic Investors
C1184,Individual,David,Nelson,1953-04-14,M,France,Ile-de-France,Home,2,No,Website,71,1,500255.63,166751.87666666668,3,1872.71,624.2366666666667,267.13,0,0,0,2,C1: Global Investors
C1185,Individual,Ronald,Peterson,2000-06-27,M,USA,California,Home,3,No,Website,24,0,1218570.99,304642.7475,4,4119.65,1029.9125,295.79,0,0,0,1,C4: Luxury / Domestic Investors
C1186,Individual,Victoria,Bennett,1978-06-27,F,USA,Nevada,Home,3,Yes,Website,46,0,1141153.96,380384.6533333333,3,3665.03,1221.6766666666665,311.36,0,0,1,1,C4: Luxury / Domestic Investors
C1187,Individual,Melissa,Pierce,1962-03-18,F,USA,Nevada,Home,4,No,Website,62,0,1097539.23,365846.41,3,3277.52,1092.506666666667,334.87,0,0,0,1,C4: Luxury / Domestic Investors
C1188,Individual,Matthew,White,1995-11-01,M,Canada,Alberta,Home,1,No,Client,29,1,1437535.25,359383.8125,4,4761.63,1190.4075,301.9,0,0,0,0,C1: Global Investors
C1189,Individual,Peter,Alexander,1963-01-22,M,USA,Florida,Home,2,Yes,Client,61,0,1180295.09,295073.7725,4,3956.87,989.2175,298.29,0,0,1,0,C4: Luxury / Domestic Investors
C1190,Individual,Sandra,Baker,1946-08-04,F,USA,Texas,Home,4,No,Client,78,0,1358669.02,339667.255,4,4462.44,1115.61,304.47,0,0,0,0,C4: Luxury / Domestic Investors
C1191,Individual,Mary,Cox,1950-04-17,F,USA,California,Investment,3,No,Website,74,0,1095538.81,365179.60333333333,3,4071.58,1357.1933333333334,269.07,0,1,0,1,C4: Luxury / Domestic Investors
C1192,Individual,Adam,Jones,2000-01-05,M,USA,Florida,Home,5,No,Website,24,0,1111237.94,277809.485,4,3764.54,941.135,295.19,0,0,0,1,C4: Luxury / Domestic Investors
C1193,Individual,Amy,Owens,1975-04-20,F,UK,England,Home,1,No,Website,49,1,946796.24,236699.06,4,2865.81,716.4525,330.38,0,0,0,2,C1: Global Investors
C1194,Individual,Melissa,Brooks,1943-06-17,F,USA,Colorado,Home,1,No,Website,81,0,1084957.53,361652.51,3,3791.59,1263.8633333333337,286.15,0,0,0,1,C4: Luxury / Domestic Investors
C1195,Individual,Anna,Pierce,1990-06-07,F,USA,California,Home,4,Yes,Agency,34,0,1118238.91,279559.7275,4,3643.7,910.925,306.9,0,0,1,1,C2: First-Time Buyers
C1196,Individual,William,Freeman,1955-09-03,M,USA,Nevada,Home,2,No,Agency,69,0,1731153.76,432788.44,4,5425.28,1356.32,319.09,0,0,0,3,C4: Luxury / Domestic Investors
C1197,Individual,Deborah,Roberts,1959-04-10,F,USA,Arizona,Home,4,No,Website,65,0,1439595.57,479865.19,3,4414.34,1471.4466666666667,326.12,0,0,0,3,C4: Luxury / Domestic Investors
C1198,Individual,Lisa,Young,1960-01-21,F,USA,New York,Home,1,No,Agency,64,0,1415391.59,471797.1966666666,3,4479.73,1493.243333333333,315.95,0,0,0,3,C4: Luxury / Domestic Investors
C1199,Individual,Justin,Campbell,1943-03-03,M,USA,Colorado,Home,2,No,Website,81,0,1013002.89,253250.7225,4,3641.17,910.2925,278.21,0,0,0,1,C4: Luxury / Domestic Investors
C1200,Individual,Henry,Taylor,1969-11-03,M,USA,Utah,Home,4,No,Agency,55,0,1789601.3299999998,447400.3325,4,5691.97,1422.9925,314.41,0,0,0,3,C4: Luxury / Domestic Investors
C1201,Individual,Timothy,Stewart,2000-03-22,M,USA,Oregon,Investment,1,Yes,Website,24,0,1063833.91,265958.4775,4,3585.01,896.2525,296.75,0,1,1,1,C2: First-Time Buyers
C1202,Company,Telnox,Co,1985-05-09,M,Canada,Quebec,Investment,5,Yes,Website,39,1,1527115.16,381778.79,4,5055.1,1263.775,302.09,1,1,1,2,C3: Corporate Buyers
C1203,Individual,Ashley,Green,1962-01-18,F,USA,Arizona,Home,2,Yes,Website,62,0,1083378.55,361126.18333333335,3,3988.71,1329.57,271.61,0,0,1,1,C4: Luxury / Domestic Investors
C1204,Individual,William,Reed,1992-04-03,M,Mexico,Puebla,Investment,2,Yes,Website,32,1,1231356.24,410452.08,3,3840.84,1280.28,320.6,0,1,1,2,C1: Global Investors
C1205,Individual,Patrick,Pierce,1959-05-15,M,Belgium,Flanders,Home,4,No,Website,65,1,968123.38,322707.79333333333,3,3230.07,1076.69,299.72,0,0,0,2,C1: Global Investors
C1206,Individual,Melissa,Baker,1957-12-09,F,USA,California,Investment,5,No,Website,67,0,941726.19,313908.73,3,3421.2,1140.4,275.26,0,1,0,1,C4: Luxury / Domestic Investors
C1207,Individual,Lauren,Price,1973-10-24,F,USA,Texas,Home,5,Yes,Agency,51,0,1084392.98,271098.245,4,4040.38,1010.095,268.39,0,0,1,1,C4: Luxury / Domestic Investors
C1208,Individual,Noah,Ward,1977-11-27,M,USA,Colorado,Home,1,No,Website,47,0,1277019.82,425673.2733333334,3,4431.09,1477.03,288.2,0,0,0,3,C4: Luxury / Domestic Investors
C1209,Individual,Tiffany,Kim,1978-07-01,F,USA,California,Home,4,Yes,Website,46,0,1201633.01,300408.2525,4,4493.27,1123.3175,267.43,0,0,1,1,C4: Luxury / Domestic Investors
C1210,Individual,Dennis,Cox,1991-06-04,M,USA,California,Investment,1,No,Website,33,0,1146800.83,286700.2075,4,3589.88,897.47,319.45,0,1,0,1,C4: Luxury / Domestic Investors
C1211,Individual,Kathleen,Owens,1996-07-10,F,Canada,British Columbia,Home,5,Yes,Website,28,1,1447927.02,361981.755,4,4668.42,1167.105,310.15,0,0,1,2,C1: Global Investors
C1212,Individual,Lawrence,Gray,1957-07-11,M,USA,California,Home,1,No,Agency,67,0,1052290.76,263072.69,4,3616.04,904.01,291.01,0,0,0,1,C4: Luxury / Domestic Investors
C1213,Individual,Ruth,Martin,1993-08-06,F,Canada,Manitoba,Home,5,No,Website,31,1,829461.56,276487.1866666667,3,2699.97,899.9899999999999,307.21,0,0,0,2,C1: Global Investors
C1214,Individual,Jennifer,Peterson,2000-08-10,F,USA,Florida,Home,1,No,Agency,24,0,1725018.41,431254.6025,4,5784.45,1446.1125,298.22,0,0,0,3,C4: Luxury / Domestic Investors
C1215,Individual,Charles,Patterson,1994-07-24,M,USA,California,Home,3,No,Website,30,0,1140423.38,380141.1266666667,3,3313.53,1104.51,344.17,0,0,0,1,C4: Luxury / Domestic Investors
C1216,Individual,Martha,Jordan,1997-07-10,F,France,Normandy,Home,4,No,Website,27,1,1191384.37,397128.12333333335,3,4394.54,1464.8466666666666,271.11,0,0,0,2,C1: Global Investors
C1217,Individual,William,Carter,1997-01-05,M,USA,California,Investment,4,Yes,Website,27,0,1007204.78,335734.9266666667,3,3559.31,1186.4366666666667,282.98,0,1,1,1,C2: First-Time Buyers
C1218,Individual,Teresa,Smith,1941-12-28,F,USA,California,Home,1,Yes,Website,83,0,1308613.5699999998,327153.39249999996,4,4486.1,1121.525,291.7,0,0,1,1,C4: Luxury / Domestic Investors
C1219,Individual,Danielle,Howard,1983-12-06,F,USA,Arizona,Home,1,Yes,Website,41,0,867409.27,289136.42333333334,3,3223.87,1074.6233333333332,269.06,0,0,1,1,C2: First-Time Buyers
C1220,Individual,Christina,Martin,1967-09-08,F,USA,Colorado,Investment,4,Yes,Website,57,0,1471199.75,367799.9375,4,5016.18,1254.045,293.29,0,1,1,3,C4: Luxury / Domestic Investors
C1221,Individual,Cynthia,Thomas,1984-05-23,F,USA,Nevada,Investment,2,No,Agency,40,0,1354868.93,451622.9766666666,3,4695.97,1565.3233333333335,288.52,0,1,0,3,C4: Luxury / Domestic Investors
C1222,Individual,Christopher,Taylor,1969-01-07,M,USA,Utah,Home,4,No,Website,55,0,1319349.86,439783.2866666666,3,4087.15,1362.3833333333334,322.8,0,0,0,3,C4: Luxury / Domestic Investors
C1223,Individual,Sharon,Stone,1952-09-17,F,USA,Washington,Home,4,No,Website,72,0,1072582.78,357527.5933333333,3,4109.1900000000005,1369.7300000000002,261.02,0,0,0,1,C4: Luxury / Domestic Investors
C1224,Individual,Paul,Carter,1942-06-13,M,USA,New York,Investment,5,Yes,Client,82,0,827238.27,275746.09,3,2892.7999999999997,964.2666666666664,285.96,0,1,1,0,C4: Luxury / Domestic Investors
C1225,Individual,Larry,James,1990-11-10,M,USA,Oregon,Home,2,No,Website,34,0,1122587.7,374195.9,3,3505.01,1168.3366666666668,320.28,0,0,0,1,C4: Luxury / Domestic Investors
C1226,Individual,Michael,Sanders,1989-05-01,M,USA,Utah,Home,4,No,Website,35,0,972596.13,324198.71,3,3248.69,1082.8966666666668,299.38,0,0,0,1,C4: Luxury / Domestic Investors
C1227,Individual,Alexander,Reyes,1987-03-13,M,USA,Colorado,Home,3,Yes,Agency,37,0,2151534.73,537883.6825,4,6705.53,1676.3825,320.86,0,0,1,3,C2: First-Time Buyers
C1228,Individual,Joseph,Howard,1954-07-07,M,USA,California,Home,2,No,Website,70,0,1058718.77,352906.25666666665,3,3373.5,1124.5,313.83,0,0,0,1,C4: Luxury / Domestic Investors
C1229,Individual,Madison,Reyes,1994-11-02,F,UK,Scotland,Home,1,Yes,Website,30,1,1185126.78,395042.26,3,3910.42,1303.4733333333334,303.07,0,0,1,2,C1: Global Investors
C1230,Individual,Lawrence,Parker,1985-02-18,M,USA,California,Home,5,No,Client,39,0,759973.15,253324.38333333333,3,2404.38,801.46,316.08,0,0,0,0,C4: Luxury / Domestic Investors
C1231,Individual,Betty,Carter,1954-12-09,F,USA,California,Home,2,No,Agency,70,0,859705.1699999999,286568.38999999996,3,2768.0,922.6666666666666,310.59,0,0,0,1,C4: Luxury / Domestic Investors
C1232,Individual,Mary,Jackson,1989-09-23,F,Canada,British Columbia,Home,3,No,Website,35,1,1527373.03,381843.2575,4,4695.25,1173.8125,325.3,0,0,0,2,C1: Global Investors
C1233,Individual,Brian,Scott,1979-08-05,M,USA,Utah,Home,4,No,Website,45,0,936287.8,312095.93333333335,3,3236.3599999999997,1078.7866666666666,289.3,0,0,0,1,C4: Luxury / Domestic Investors
C1234,Individual,Karen,King,1957-01-20,F,USA,Colorado,Investment,1,No,Website,67,0,1463190.28,365797.57,4,5112.18,1278.045,286.22,0,1,0,3,C4: Luxury / Domestic Investors
C1235,Individual,Michael,Morales,1957-05-27,M,USA,Arizona,Home,2,No,Website,67,0,1271344.11,317836.02749999997,4,4101.29,1025.3225,309.99,0,0,0,1,C4: Luxury / Domestic Investors
C1236,Individual,Brandon,Cook,1972-08-24,M,USA,Arizona,Home,4,Yes,Website,52,0,1747766.02,436941.505,4,5661.93,1415.4825,308.69,0,0,1,3,C4: Luxury / Domestic Investors
C1237,Individual,Helen,Cook,1943-09-25,F,UK,Wales,Investment,4,Yes,Website,81,1,688233.74,229411.24666666667,3,2326.7,775.5666666666666,295.8,0,1,1,2,C1: Global Investors
C1238,Individual,Joshua,Bennett,1946-04-22,M,USA,Nevada,Home,1,Yes,Agency,78,0,1648873.57,412218.3925,4,5374.63,1343.6575,306.79,0,0,1,3,C4: Luxury / Domestic Investors
C1239,Individual,Catherine,Adams,1953-02-07,F,USA,Oregon,Home,3,No,Agency,71,0,1457041.08,364260.27,4,4456.85,1114.2125,326.92,0,0,0,3,C4: Luxury / Domestic Investors
C1240,Individual,Gloria,Wright,1984-11-12,F,USA,Nevada,Investment,4,Yes,Website,40,0,1018594.44,339531.48000000004,3,3313.53,1104.51,307.4,0,1,1,1,C2: First-Time Buyers
C1241,Individual,Danielle,Martin,1973-08-19,F,USA,California,Home,1,No,Agency,51,0,1157084.59,289271.14749999996,4,3795.34,948.835,304.87,0,0,0,1,C4: Luxury / Domestic Investors
C1242,Individual,Gerald,Collins,1961-09-22,M,USA,California,Home,3,Yes,Website,63,0,1055842.78,351947.5933333333,3,3415.27,1138.4233333333334,309.15,0,0,1,1,C4: Luxury / Domestic Investors
C1243,Individual,Jeffrey,Edwards,1948-10-04,M,USA,Colorado,Home,1,No,Website,76,0,1419502.04,354875.51,4,4986.47,1246.6175,284.67,0,0,0,3,C4: Luxury / Domestic Investors
C1244,Individual,Joseph,Phillips,1992-06-10,M,USA,Utah,Investment,5,Yes,Website,32,0,1438309.93,479436.6433333333,3,4539.51,1513.17,316.84,0,1,1,3,C2: First-Time Buyers
C1245,Individual,Edward,Reyes,1963-02-10,M,USA,California,Home,3,Yes,Agency,61,0,1422519.51,474173.17,3,4588.39,1529.4633333333334,310.03,0,0,1,3,C4: Luxury / Domestic Investors
C1246,Individual,Joyce,Jackson,1943-05-10,F,Canada,Alberta,Home,2,No,Agency,81,1,859984.47,286661.49,3,2942.6099999999997,980.87,292.25,0,0,0,2,C1: Global Investors
C1247,Individual,Judy,Moore,1957-04-09,F,USA,Nevada,Investment,2,No,Website,67,0,1774416.3199999998,443604.08,4,5958.92,1489.73,297.77,0,1,0,3,C4: Luxury / Domestic Investors
C1248,Individual,Sara,Scott,1976-07-04,F,USA,Arizona,Home,3,No,Agency,48,0,786895.89,262298.63,3,2698.86,899.62,291.57,0,0,0,1,C4: Luxury / Domestic Investors
C1249,Individual,Janet,James,1971-07-14,F,USA,California,Investment,1,No,Website,53,0,1289938.64,322484.66000000003,4,4584.0599999999995,1146.015,281.4,0,1,0,1,C4: Luxury / Domestic Investors
C1250,Individual,Jordan,Stewart,1950-04-19,M,USA,Nevada,Home,5,No,Agency,74,0,1582661.61,527553.87,3,5023.62,1674.54,315.04,0,0,0,3,C4: Luxury / Domestic Investors
C1251,Individual,Aaron,Thompson,1975-11-01,M,USA,Texas,Investment,5,No,Website,49,0,1246714.37,311678.5925,4,3868.0,967.0,322.31,0,1,0,1,C4: Luxury / Domestic Investors
C1252,Individual,Margaret,Cook,1962-02-27,F,USA,Arizona,Home,3,Yes,Website,62,0,1137673.55,379224.51666666666,3,3665.03,1221.6766666666665,310.41,0,0,1,1,C4: Luxury / Domestic Investors
C1253,Individual,Jason,Flores,1991-09-24,M,USA,California,Home,2,No,Agency,33,0,767162.2200000001,255720.74,3,2443.06,814.3533333333334,314.02,0,0,0,1,C4: Luxury / Domestic Investors
C1254,Individual,Ethan,Freeman,1956-04-04,M,USA,California,Home,5,Yes,Agency,68,0,1604050.88,401012.72,4,5119.6,1279.9,313.32,0,0,1,3,C4: Luxury / Domestic Investors
C1255,Individual,Mark,Patterson,1999-09-15,M,USA,California,Home,3,No,Agency,25,0,1105130.19,276282.5475,4,3768.14,942.035,293.28,0,0,0,1,C4: Luxury / Domestic Investors
C1256,Company,Triton,Co,1972-02-18,F,USA,California,Investment,4,No,Agency,52,0,1227293.02,409097.67333333334,3,4071.58,1357.1933333333334,301.43,1,1,0,1,C3: Corporate Buyers
C1257,Individual,Michael,Scott,1991-12-22,M,USA,California,Home,5,Yes,Agency,33,0,850550.13,283516.71,3,2680.13,893.3766666666667,317.35,0,0,1,1,C2: First-Time Buyers
C1258,Individual,Betty,Stone,1969-06-22,F,USA,Nevada,Home,1,No,Website,55,0,1015636.19,253909.0475,4,3285.42,821.355,309.13,0,0,0,1,C4: Luxury / Domestic Investors
C1259,Individual,William,Edwards,1971-02-19,M,USA,California,Investment,3,Yes,Agency,53,0,1256766.51,314191.6275,4,4016.63,1004.1575,312.89,0,1,1,1,C4: Luxury / Domestic Investors
C1260,Individual,Elizabeth,Ward,1992-08-24,F,USA,California,Home,2,No,Agency,32,0,1633449.34,408362.335,4,5692.69,1423.1725,286.94,0,0,0,3,C4: Luxury / Domestic Investors
C1261,Individual,Patrick,Kim,1976-09-03,M,USA,Utah,Home,3,No,Client,48,0,1491163.72,497054.5733333333,3,4512.84,1504.28,330.43,0,0,0,0,C4: Luxury / Domestic Investors
C1262,Individual,Dorothy,Evans,1950-11-10,F,USA,California,Investment,4,No,Agency,74,0,961425.37,320475.12333333335,3,3231.9700000000003,1077.3233333333335,297.47,0,1,0,1,C4: Luxury / Domestic Investors
C1263,Individual,Lawrence,Alexander,1951-11-17,M,USA,California,Investment,3,No,Agency,73,0,1975384.2,493846.0500000001,4,6410.68,1602.67,308.14,0,1,0,3,C4: Luxury / Domestic Investors
C1264,Individual,Sarah,Garcia,1999-12-06,F,USA,California,Investment,1,No,Agency,25,0,1287173.46,429057.82,3,4356.79,1452.263333333333,295.44,0,1,0,1,C4: Luxury / Domestic Investors
C1265,Individual,Gary,White,1943-03-24,M,USA,Washington,Home,1,Yes,Agency,81,0,1070432.96,356810.98666666663,3,3977.13,1325.71,269.15,0,0,1,1,C4: Luxury / Domestic Investors
C1266,Individual,Christopher,Hughes,1952-06-20,M,UK,England,Home,2,No,Website,72,1,1204291.73,301072.9325,4,4407.95,1101.9875,273.21,0,0,0,2,C1: Global Investors
C1267,Individual,Dorothy,Peterson,1965-04-07,F,USA,Colorado,Home,3,Yes,Website,59,0,1399933.88,466644.6266666667,3,4588.39,1529.4633333333334,305.1,0,0,1,3,C4: Luxury / Domestic Investors
C1268,Individual,Gloria,Green,1995-10-01,F,UK,Northern Ireland,Investment,1,Yes,Website,29,1,968928.25,322976.0833333333,3,3009.94,1003.3133333333334,321.91,0,1,1,2,C1: Global Investors
C1269,Individual,Jack,Bennett,1964-09-28,M,USA,California,Home,5,No,Website,60,0,1046535.0,348845.0,3,3507.1400000000003,1169.0466666666669,298.4,0,0,0,1,C4: Luxury / Domestic Investors
C1270,Individual,Cheryl,Ward,1978-10-18,F,USA,Texas,Home,4,No,Agency,46,0,1310435.53,436811.8433333333,3,4397.76,1465.92,297.98,0,0,0,3,C4: Luxury / Domestic Investors
C1271,Individual,Noah,Anderson,1992-09-10,M,USA,California,Home,2,Yes,Agency,32,0,1296911.85,324227.9625,4,4162.07,1040.5175,311.6,0,0,1,1,C2: First-Time Buyers
C1272,Individual,Ryan,Collins,1941-05-13,M,France,Occitanie,Home,1,Yes,Website,83,1,778830.7999999999,259610.26666666663,3,2698.86,899.62,288.58,0,0,1,2,C1: Global Investors
C1273,Individual,Gerald,Jordan,1968-05-13,M,Canada,Alberta,Home,5,No,Website,56,1,1462080.32,487360.1066666667,3,4776.37,1592.1233333333332,306.11,0,0,0,2,C1: Global Investors
C1274,Individual,Linda,Jones,1979-07-09,F,USA,California,Investment,1,Yes,Website,45,0,1038831.85,346277.2833333334,3,3581.32,1193.7733333333333,290.07,0,1,1,1,C4: Luxury / Domestic Investors
C1275,Individual,Jessica,Roberts,1969-02-26,F,USA,Georgia,Investment,1,No,Website,55,0,1737593.0,434398.25,4,5251.29,1312.8225,330.89,0,1,0,3,C4: Luxury / Domestic Investors
C1276,Individual,Arthur,Griffin,1940-03-09,M,Australia,Victoria,Home,1,Yes,Agency,84,1,1635917.97,545305.99,3,5264.81,1754.9366666666667,310.73,0,0,1,2,C1: Global Investors
C1277,Individual,Lauren,Griffin,1981-04-01,F,USA,California,Investment,2,No,Agency,43,0,1270250.68,423416.8933333333,3,3802.22,1267.4066666666668,334.08,0,1,0,1,C4: Luxury / Domestic Investors
C1278,Individual,Arthur,Griffin,1997-07-25,M,USA,Utah,Home,4,No,Website,27,0,685587.81,228529.27,3,2373.1200000000003,791.0400000000001,288.9,0,0,0,1,C4: Luxury / Domestic Investors
C1279,Individual,Peter,Martin,1943-10-12,M,USA,California,Home,4,Yes,Website,81,0,1278123.59,426041.1966666667,3,4099.6900000000005,1366.5633333333335,311.76,0,0,1,3,C4: Luxury / Domestic Investors
C1280,Individual,Jacob,Bennett,1953-09-19,M,USA,Texas,Home,2,Yes,Website,71,0,1295836.68,431945.56,3,4335.88,1445.2933333333333,298.86,0,0,1,3,C4: Luxury / Domestic Investors
C1281,Individual,Deborah,Edwards,1998-06-12,F,Canada,Manitoba,Investment,2,Yes,Website,26,1,889312.14,296437.38,3,2699.97,899.9899999999999,329.38,0,1,1,2,C1: Global Investors
C1282,Individual,Ashley,Taylor,1996-05-18,F,USA,Colorado,Investment,3,Yes,Agency,28,0,1302998.6,325749.65,4,4621.88,1155.47,281.92,0,1,1,1,C2: First-Time Buyers
C1283,Individual,Janice,Collins,1945-11-08,F,USA,New York,Home,3,No,Agency,79,0,1479050.94,369762.735,4,4742.36,1185.59,311.88,0,0,0,3,C4: Luxury / Domestic Investors
C1284,Individual,Patrick,Bennett,1955-10-16,M,USA,California,Home,2,No,Website,69,0,1443865.51,360966.3775,4,4446.59,1111.6475,324.71,0,0,0,3,C4: Luxury / Domestic Investors
C1285,Individual,Steven,Cox,1954-03-02,M,USA,Utah,Home,4,Yes,Website,70,0,1609592.58,536530.86,3,5041.58,1680.5266666666666,319.26,0,0,1,3,C4: Luxury / Domestic Investors
C1286,Individual,Stephen,Evans,1963-07-10,M,USA,California,Home,5,No,Agency,61,0,1203306.91,401102.3033333333,3,3577.7799999999997,1192.5933333333332,336.33,0,0,0,1,C4: Luxury / Domestic Investors
C1287,Individual,Diane,Hughes,1998-04-07,F,USA,California,Investment,4,No,Website,26,0,843581.37,281193.79,3,2704.88,901.6266666666668,311.87,0,1,0,1,C4: Luxury / Domestic Investors
C1288,Individual,Sean,Cooper,1941-01-20,M,Belgium,Wallonia,Home,3,No,Agency,83,1,971136.69,323712.23000000004,3,3466.39,1155.4633333333334,280.16,0,0,0,2,C1: Global Investors
C1289,Individual,Samuel,Freeman,1973-07-26,M,Mexico,Jalisco,Investment,1,Yes,Agency,51,1,1076161.86,269040.46499999997,4,3418.32,854.58,314.82,0,1,1,2,C1: Global Investors
C1290,Individual,Teresa,Long,1973-10-24,F,USA,Washington,Home,3,Yes,Website,51,0,1332432.91,333108.22750000004,4,4780.75,1195.1875,278.71,0,0,1,3,C4: Luxury / Domestic Investors
C1291,Individual,Paul,Johnson,1983-11-09,M,USA,California,Investment,5,Yes,Website,41,0,1123403.46,374467.82,3,3721.82,1240.6066666666666,301.84,0,1,1,1,C2: First-Time Buyers
C1292,Individual,Jordan,Evans,1977-05-22,M,USA,Texas,Investment,5,Yes,Website,47,0,1099365.94,274841.485,4,4001.66,1000.415,274.73,0,1,1,1,C4: Luxury / Domestic Investors
C1293,Individual,Anna,Wright,1972-08-01,F,USA,California,Home,1,No,Agency,52,0,1853570.08,463392.52,4,6208.6,1552.15,298.55,0,0,0,3,C4: Luxury / Domestic Investors
C1294,Individual,Henry,Davis,1963-02-09,M,Canada,Ontario,Investment,3,Yes,Agency,61,1,1220533.28,406844.4266666667,3,4114.84,1371.6133333333337,296.62,0,1,1,2,C1: Global Investors
C1295,Individual,Anna,Bryant,1992-04-21,F,USA,California,Investment,1,Yes,Website,32,0,1478836.57,369709.1425,4,4809.0599999999995,1202.265,307.51,0,1,1,3,C2: First-Time Buyers
C1296,Individual,Keith,Hughes,1963-06-02,M,USA,Virginia,Home,1,No,Website,61,0,1025127.71,341709.23666666663,3,3268.38,1089.46,313.65,0,0,0,1,C4: Luxury / Domestic Investors
C1297,Company,Vertex,Co,1983-09-06,M,Germany,Berlin,Home,5,No,Website,41,1,1169866.19,389955.39666666667,3,3802.22,1267.4066666666668,307.68,1,0,0,2,C3: Corporate Buyers
C1298,Individual,Margaret,Taylor,1968-08-04,F,USA,California,Home,2,No,Agency,56,0,1571360.11,392840.0275,4,5107.29,1276.8225,307.67,0,0,0,3,C4: Luxury / Domestic Investors
C1299,Individual,Karen,James,1944-05-05,F,USA,California,Investment,3,No,Website,80,0,1296600.42,432200.14,3,4320.58,1440.1933333333334,300.1,0,1,0,3,C4: Luxury / Domestic Investors
C1300,Individual,Judith,Collins,1961-01-06,F,USA,California,Home,2,No,Website,63,0,1428770.88,476256.96,3,4354.610000000001,1451.5366666666669,328.11,0,0,0,3,C4: Luxury / Domestic Investors
C1301,Individual,Benjamin,Hayes,1955-12-17,M,USA,Virginia,Home,2,No,Agency,69,0,742139.88,247379.96,3,2555.6099999999997,851.8699999999999,290.4,0,0,0,1,C4: Luxury / Domestic Investors
C1302,Individual,Jerry,Anderson,1996-04-19,M,USA,Arizona,Investment,5,No,Website,28,0,1709532.6,427383.15,4,5945.3099999999995,1486.3275,287.54,0,1,0,3,C4: Luxury / Domestic Investors
C1303,Individual,Christian,Miller,1962-08-22,M,USA,Arizona,Home,3,Yes,Website,62,0,979418.98,326472.99333333335,3,3319.06,1106.3533333333332,295.09,0,0,1,1,C4: Luxury / Domestic Investors
C1304,Individual,Angela,Cook,1985-06-08,F,USA,California,Investment,1,No,Website,39,0,965747.81,321915.9366666667,3,3148.14,1049.38,306.77,0,1,0,1,C4: Luxury / Domestic Investors
C1305,Individual,Catherine,Anderson,1978-09-17,F,USA,Georgia,Home,4,No,Website,46,0,1034190.9,258547.725,4,3412.28,853.07,303.08,0,0,0,1,C4: Luxury / Domestic Investors
C1306,Individual,Kathleen,Morales,1948-03-18,F,USA,Washington,Home,5,No,Website,76,0,967094.76,322364.92,3,3272.3199999999997,1090.7733333333333,295.54,0,0,0,1,C4: Luxury / Domestic Investors
C1307,Individual,Rachel,Rogers,1993-02-14,F,USA,Colorado,Home,5,No,Agency,31,0,920439.02,306813.00666666665,3,3038.88,1012.96,302.89,0,0,0,1,C4: Luxury / Domestic Investors
C1308,Individual,Timothy,Sanders,2000-03-04,M,USA,California,Investment,5,No,Agency,24,0,1363559.13,340889.7825,4,4168.79,1042.1975,327.09,0,1,0,1,C4: Luxury / Domestic Investors
C1309,Individual,David,Reyes,1999-12-06,M,USA,California,Home,5,No,Website,25,0,1460171.41,486723.8033333334,3,5023.62,1674.54,290.66,0,0,0,3,C4: Luxury / Domestic Investors
C1310,Individual,Ann,Roberts,1955-05-04,F,USA,New York,Home,5,No,Agency,69,0,1244334.14,311083.53500000003,4,4308.78,1077.195,288.79,0,0,0,1,C4: Luxury / Domestic Investors
C1311,Individual,Christopher,Ward,1940-08-14,M,UK,England,Home,4,Yes,Client,84,1,1352275.64,450758.5466666667,3,3990.65,1330.2166666666667,338.86,0,0,1,0,C1: Global Investors
C1312,Individual,Timothy,Stone,1942-09-03,M,USA,New York,Home,5,No,Website,82,0,786877.06,262292.35333333333,3,2404.38,801.46,327.27,0,0,0,1,C4: Luxury / Domestic Investors
C1313,Individual,Heather,Reed,1972-03-17,F,Australia,Western Australia,Investment,3,No,Website,52,1,997579.61,332526.5366666667,3,3415.27,1138.4233333333334,292.09,0,1,0,2,C1: Global Investors
C1314,Individual,Rachel,Miller,1964-09-17,F,USA,Arizona,Home,3,No,Website,60,0,803329.23,267776.41,3,3111.33,1037.11,258.19,0,0,0,1,C4: Luxury / Domestic Investors
C1315,Individual,Joshua,Garcia,1948-12-24,M,USA,Colorado,Home,3,No,Agency,76,0,1066308.48,355436.16,3,3408.63,1136.21,312.83,0,0,0,1,C4: Luxury / Domestic Investors
C1316,Individual,Emma,King,1993-05-09,F,USA,Colorado,Home,2,Yes,Website,31,0,1238162.97,309540.7425,4,4211.33,1052.8325,294.01,0,0,1,1,C2: First-Time Buyers
C1317,Company,Atlas,Co,1973-11-27,M,USA,Utah,Home,2,Yes,Website,51,0,1315200.12,438400.04,3,4381.48,1460.493333333333,300.17,1,0,1,3,C3: Corporate Buyers
C1318,Individual,William,Montgomery,1943-01-18,M,USA,Texas,Home,1,No,Website,81,0,1423923.98,355980.995,4,4678.46,1169.615,304.36,0,0,0,3,C4: Luxury / Domestic Investors
C1319,Individual,Grace,James,1954-08-17,F,USA,Florida,Home,3,Yes,Client,70,0,1424704.13,356176.0325,4,4910.58,1227.645,290.13,0,0,1,0,C4: Luxury / Domestic Investors
C1320,Individual,Peter,Reyes,1969-05-03,M,USA,California,Investment,1,No,Website,55,0,1077693.04,359231.01333333337,3,3387.5299999999997,1129.1766666666665,318.14,0,1,0,1,C4: Luxury / Domestic Investors
C1321,Individual,Christopher,Reed,1990-09-11,M,USA,Colorado,Investment,5,No,Client,34,0,787847.37,262615.79,3,2561.44,853.8133333333334,307.58,0,1,0,0,C4: Luxury / Domestic Investors
C1322,Individual,Barbara,Reyes,1994-12-26,F,USA,California,Home,5,No,Agency,30,0,1094026.34,364675.4466666666,3,3765.36,1255.12,290.55,0,0,0,1,C4: Luxury / Domestic Investors
C1323,Individual,Nicholas,Moore,1963-07-28,M,USA,Utah,Home,3,No,Website,61,0,1180654.6,295163.65,4,3901.69,975.4225,302.6,0,0,0,1,C4: Luxury / Domestic Investors
C1324,Individual,Carl,Edwards,1992-04-21,M,USA,Arizona,Investment,2,Yes,Agency,32,0,1323306.51,441102.17,3,4414.860000000001,1471.62,299.74,0,1,1,1,C2: First-Time Buyers
C1325,Individual,George,Jones,1974-12-09,M,Canada,Alberta,Home,5,Yes,Agency,50,1,1380292.56,345073.14,4,4392.67,1098.1675,314.23,0,0,1,2,C1: Global Investors
C1326,Individual,Brandon,Mitchell,1944-05-22,M,USA,Colorado,Investment,4,No,Website,80,0,1489578.01,372394.5025,4,4956.58,1239.145,300.53,0,1,0,3,C4: Luxury / Domestic Investors
C1327,Individual,Betty,Carter,1993-05-14,F,USA,California,Home,4,Yes,Website,31,0,664017.81,221339.27,3,2326.7,775.5666666666666,285.39,0,0,1,1,C2: First-Time Buyers
C1328,Individual,Sandra,Cooper,1956-07-23,F,USA,Washington,Home,4,No,Website,68,0,1337283.29,334320.8225,4,4695.25,1173.8125,284.82,0,0,0,3,C4: Luxury / Domestic Investors
C1329,Individual,Scott,Parker,1968-04-28,M,USA,California,Investment,3,Yes,Agency,56,0,1041797.56,347265.85333333333,3,3381.45,1127.15,308.09,0,1,1,1,C4: Luxury / Domestic Investors
C1330,Individual,Kelly,James,1975-05-02,F,USA,Colorado,Investment,2,No,Agency,49,0,835096.87,208774.2175,4,2798.18,699.545,298.44,0,1,0,1,C4: Luxury / Domestic Investors
C1331,Individual,Christina,Bennett,1986-10-06,F,USA,California,Investment,1,No,Agency,38,0,1047958.11,349319.37,3,3339.87,1113.29,313.77,0,1,0,1,C4: Luxury / Domestic Investors
C1332,Individual,Michael,Howard,1995-12-11,M,USA,Washington,Investment,5,Yes,Agency,29,0,1227353.63,409117.87666666665,3,4051.48,1350.493333333333,302.94,0,1,1,1,C2: First-Time Buyers
C1333,Individual,Jack,Hansen,1988-03-27,M,USA,Nevada,Investment,2,Yes,Website,36,0,1364310.45,341077.6125,4,4587.97,1146.9925,297.37,0,1,1,1,C2: First-Time Buyers
C1334,Individual,Victoria,Nelson,1965-12-08,F,USA,California,Home,5,Yes,Agency,59,0,1906641.78,476660.445,4,6208.6,1552.15,307.1,0,0,1,3,C4: Luxury / Domestic Investors
C1335,Individual,Elizabeth,Hall,1982-05-01,F,USA,Oregon,Investment,2,Yes,Website,42,0,1001510.58,333836.86000000004,3,3210.58,1070.1933333333334,311.94,0,1,1,1,C2: First-Time Buyers
C1336,Individual,Joyce,Thompson,1948-12-09,F,USA,California,Home,5,No,Client,76,0,1371591.4,342897.85,4,4729.49,1182.3725,290.01,0,0,0,0,C4: Luxury / Domestic Investors
C1337,Individual,Jennifer,Johnson,1953-09-20,F,USA,California,Investment,5,No,Website,71,0,1310989.71,327747.4275,4,4295.62,1073.905,305.19,0,1,0,1,C4: Luxury / Domestic Investors
C1338,Individual,Christine,James,1968-12-01,F,USA,California,Home,2,Yes,Website,56,0,1096818.64,365606.2133333333,3,3507.1400000000003,1169.0466666666669,312.74,0,0,1,1,C4: Luxury / Domestic Investors
C1339,Company,Rexon,Co,1961-02-24,M,USA,Nevada,Home,4,Yes,Website,63,0,1532340.63,383085.1575,4,5355.6,1338.9,286.12,1,0,1,3,C3: Corporate Buyers
C1340,Company,Forsyte,Co,1988-12-05,M,USA,Colorado,Home,5,No,Website,36,0,1746049.93,436512.4825,4,5685.860000000001,1421.465,307.09,1,0,0,3,C3: Corporate Buyers
C1341,Individual,Julie,Cox,1952-09-23,F,USA,Colorado,Home,5,Yes,Website,72,0,756694.8300000001,252231.61,3,2856.79,952.2633333333332,264.88,0,0,1,1,C4: Luxury / Domestic Investors
C1342,Individual,Maria,Griffin,1964-02-21,F,USA,California,Home,1,Yes,Agency,60,0,922722.19,307574.0633333333,3,3009.94,1003.3133333333334,306.56,0,0,1,1,C4: Luxury / Domestic Investors
C1343,Individual,Megan,Turner,1995-03-13,F,Canada,Ontario,Home,5,No,Agency,29,1,1005148.64,335049.54666666663,3,3484.63,1161.5433333333333,288.45,0,0,0,2,C1: Global Investors
C1344,Individual,Carl,Phillips,1974-05-24,M,USA,Florida,Home,1,No,Agency,50,0,1319490.92,329872.73,4,4557.87,1139.4675,289.5,0,0,0,1,C4: Luxury / Domestic Investors
C1345,Individual,Mary,Parker,1956-04-25,F,USA,Texas,Home,5,No,Website,68,0,942467.41,314155.80333333334,3,3147.92,1049.3066666666666,299.39,0,0,0,1,C4: Luxury / Domestic Investors
C1346,Company,Triton,Co,1987-03-18,F,USA,Colorado,Investment,4,No,Agency,37,0,1037623.39,345874.4633333334,3,3265.76,1088.5866666666668,317.73,1,1,0,1,C3: Corporate Buyers
C1347,Individual,Mark,James,1956-02-13,M,USA,Washington,Home,2,No,Client,68,0,1001705.48,333901.82666666666,3,3272.84,1090.9466666666667,306.07,0,0,0,0,C4: Luxury / Domestic Investors
C1348,Individual,Peter,Harris,1998-07-16,M,USA,Oregon,Home,4,Yes,Client,26,0,1021309.93,340436.6433333333,3,3558.1499999999996,1186.05,287.03,0,0,1,0,C2: First-Time Buyers
C1349,Individual,Joyce,Johnson,1982-02-14,F,USA,Virginia,Investment,3,No,Website,42,0,773186.34,257728.78,3,2856.2200000000003,952.0733333333334,270.7,0,1,0,1,C4: Luxury / Domestic Investors
C1350,Individual,Julia,King,1991-05-17,F,Germany,Hamburg,Home,5,No,Website,33,1,743296.88,185824.22,4,2528.86,632.215,293.93,0,0,0,2,C1: Global Investors
C1351,Individual,Judith,Long,1987-06-24,F,Australia,South Australia,Home,2,No,Client,37,1,1400457.41,350114.3525,4,4939.2300000000005,1234.8075,283.54,0,0,0,0,C1: Global Investors
C1352,Individual,Benjamin,Gray,1989-03-16,M,USA,California,Home,2,Yes,Agency,35,0,1535963.18,511987.7266666666,3,4906.87,1635.6233333333332,313.02,0,0,1,3,C2: First-Time Buyers
C1353,Individual,Debra,Jackson,1997-10-15,F,Canada,Alberta,Home,1,No,Agency,27,1,532598.24,177532.74666666667,3,1692.03,564.01,314.77,0,0,0,2,C1: Global Investors
C1354,Individual,Patrick,Johnson,1941-04-09,M,USA,Florida,Home,5,No,Website,83,0,1545799.94,515266.64666666667,3,5055.83,1685.2766666666666,305.75,0,0,0,3,C4: Luxury / Domestic Investors
C1355,Individual,Shirley,Owens,1966-11-22,F,USA,California,Investment,2,Yes,Client,58,0,1245446.7799999998,415148.9266666666,3,4571.08,1523.6933333333334,272.46,0,1,1,0,C4: Luxury / Domestic Investors
C1356,Individual,Jonathan,Morales,1994-03-26,M,USA,Oregon,Investment,4,No,Agency,30,0,1490237.62,496745.87333333335,3,4945.79,1648.5966666666666,301.31,0,1,0,3,C4: Luxury / Domestic Investors
C1357,Individual,Danielle,Patterson,1987-03-01,F,USA,California,Home,5,Yes,Website,37,0,1077383.54,359127.8466666667,3,3313.53,1104.51,325.15,0,0,1,1,C2: First-Time Buyers
C1358,Individual,Gregory,Taylor,1943-01-05,M,USA,Texas,Home,4,No,Agency,81,0,965180.83,321726.9433333333,3,3236.3599999999997,1078.7866666666666,298.23,0,0,0,1,C4: Luxury / Domestic Investors
C1359,Individual,Gary,Owens,1975-07-25,M,USA,Virginia,Home,3,No,Agency,49,0,1381335.3,345333.825,4,4372.2,1093.05,315.94,0,0,0,3,C4: Luxury / Domestic Investors
C1360,Individual,Billy,Nelson,1990-11-27,M,USA,Virginia,Home,4,No,Agency,34,0,1001006.54,333668.8466666667,3,3333.89,1111.2966666666666,300.25,0,0,0,1,C4: Luxury / Domestic Investors
C1361,Individual,Ashley,Owens,1943-07-21,F,USA,California,Home,3,No,Client,81,0,1529260.3,382315.075,4,5186.25,1296.5625,294.87,0,0,0,0,C4: Luxury / Domestic Investors
C1362,Individual,Laura,Jordan,1965-04-13,F,USA,California,Investment,1,Yes,Agency,59,0,993131.84,248282.96,4,3579.62,894.905,277.44,0,1,1,1,C4: Luxury / Domestic Investors
C1363,Individual,James,Stone,1981-06-04,M,USA,Georgia,Home,5,Yes,Agency,43,0,1109919.36,277479.83999999997,4,3768.14,942.035,294.55,0,0,1,1,C2: First-Time Buyers
C1364,Individual,Andrea,Watson,1998-12-23,F,USA,California,Investment,1,No,Website,26,0,1201578.93,300394.7325,4,4482.48,1120.62,268.06,0,1,0,1,C4: Luxury / Domestic Investors
C1365,Individual,Tiffany,Sanders,1969-03-16,F,Belgium,Brussels,Investment,5,Yes,Website,55,1,1443894.02,360973.505,4,5040.25,1260.0625,286.47,0,1,1,2,C1: Global Investors
C1366,Individual,George,Thompson,1995-07-27,M,USA,California,Home,1,No,Website,29,0,1488525.13,496175.0433333333,3,5035.84,1678.6133333333337,295.59,0,0,0,3,C4: Luxury / Domestic Investors
C1367,Individual,Stephanie,Jordan,1953-01-11,F,Germany,Berlin,Home,2,No,Client,71,1,1035889.5,345296.5,3,3373.5,1124.5,307.07,0,0,0,0,C1: Global Investors
C1368,Individual,Jose,Gray,1947-11-22,M,USA,California,Home,5,Yes,Client,77,0,1378979.49,344744.8725,4,4170.65,1042.6625,330.64,0,0,1,0,C4: Luxury / Domestic Investors
C1369,Individual,Peter,Garcia,1983-10-07,M,France,Brittany,Home,4,Yes,Agency,41,1,1615394.12,403848.53,4,5355.6,1338.9,301.63,0,0,1,2,C1: Global Investors
C1370,Individual,Frank,Evans,1965-06-04,M,USA,Colorado,Investment,1,No,Agency,59,0,834659.23,208664.8075,4,2803.13,700.7825,297.76,0,1,0,1,C4: Luxury / Domestic Investors
C1371,Individual,Timothy,Thomas,1989-06-19,M,UK,England,Home,2,Yes,Website,35,1,1036681.19,259170.2975,4,3795.34,948.835,273.15,0,0,1,2,C1: Global Investors
C1372,Individual,Lisa,Turner,1981-11-21,F,USA,Washington,Investment,2,No,Website,43,0,874872.8,291624.26666666666,3,3147.92,1049.3066666666666,277.92,0,1,0,1,C4: Luxury / Domestic Investors
C1373,Individual,Melissa,Evans,1992-10-11,F,USA,California,Home,3,Yes,Website,32,0,1275663.27,425221.09,3,3665.03,1221.6766666666665,348.06,0,0,1,3,C2: First-Time Buyers
C1374,Company,Quasar,Co,1990-01-25,M,France,Ile-de-France,Home,3,Yes,Agency,34,1,1230590.28,410196.76,3,3964.57,1321.5233333333333,310.4,1,0,1,2,C3: Corporate Buyers
C1375,Individual,Carolyn,Flores,1972-11-22,F,USA,California,Investment,4,Yes,Agency,52,0,1097182.39,274295.59750000003,4,3950.02,987.505,277.77,0,1,1,1,C4: Luxury / Domestic Investors
C1376,Individual,Carolyn,Edwards,1987-06-23,F,USA,Arizona,Investment,3,Yes,Agency,37,0,1272387.2999999998,424129.0999999999,3,4479.73,1493.243333333333,284.03,0,1,1,1,C2: First-Time Buyers
C1377,Individual,Laura,Long,1984-01-04,F,USA,Utah,Investment,2,No,Website,40,0,828441.4099999999,276147.13666666666,3,2586.3199999999997,862.1066666666666,320.32,0,1,0,1,C4: Luxury / Domestic Investors
C1378,Individual,Maria,Morales,1976-11-19,F,USA,California,Investment,1,No,Website,48,0,1399739.87,466579.9566666667,3,4394.54,1464.8466666666666,318.52,0,1,0,3,C4: Luxury / Domestic Investors
C1379,Individual,Kevin,Gray,1970-06-11,M,UK,Scotland,Home,2,No,Website,54,1,827767.69,275922.5633333333,3,3231.9700000000003,1077.3233333333335,256.12,0,0,0,2,C1: Global Investors
C1380,Individual,Michael,Hughes,1949-10-15,M,Canada,Alberta,Investment,4,No,Website,75,1,1012542.18,337514.06,3,3157.36,1052.4533333333334,320.69,0,1,0,2,C1: Global Investors
C1381,Individual,Eric,Cox,1962-06-16,M,Germany,Hesse,Home,3,Yes,Website,62,1,1082639.91,360879.97,3,3393.29,1131.0966666666666,319.05,0,0,1,2,C1: Global Investors
C1382,Individual,Adam,James,1951-05-19,M,USA,Oregon,Home,2,No,Website,73,0,1176910.13,294227.5325,4,4097.35,1024.3375,287.24,0,0,0,1,C4: Luxury / Domestic Investors
C1383,Individual,Noah,Moore,1992-11-11,M,USA,California,Home,2,No,Agency,32,0,864768.8300000001,288256.2766666667,3,2699.97,899.9899999999999,320.29,0,0,0,1,C4: Luxury / Domestic Investors
C1384,Individual,Mary,Young,1988-03-10,F,USA,California,Home,2,Yes,Agency,36,0,905480.04,301826.68,3,3050.29,1016.7633333333332,296.85,0,0,1,1,C2: First-Time Buyers
C1385,Individual,Kenneth,Owens,1946-06-01,M,USA,California,Home,1,No,Agency,78,0,1182983.03,394327.6766666667,3,3559.31,1186.4366666666667,332.36,0,0,0,1,C4: Luxury / Domestic Investors
C1386,Individual,Harold,Howard,1947-08-23,M,USA,Washington,Home,4,Yes,Website,77,0,1284366.78,428122.26,3,4295.37,1431.79,299.01,0,0,1,3,C4: Luxury / Domestic Investors
C1387,Individual,Jose,Reed,1943-05-27,M,Germany,Hamburg,Investment,4,No,Website,81,1,804550.47,268183.49,3,2704.88,901.6266666666668,297.44,0,1,0,2,C1: Global Investors
C1388,Individual,Hannah,Stone,1999-04-20,F,USA,Washington,Home,3,No,Website,25,0,1183031.06,394343.6866666667,3,3850.38,1283.46,307.25,0,0,0,1,C4: Luxury / Domestic Investors
C1389,Individual,Jordan,Montgomery,1952-07-03,M,UK,Scotland,Home,2,No,Website,72,1,1742522.83,435630.7075,4,5131.16,1282.79,339.6,0,0,0,2,C1: Global Investors
C1390,Individual,Lauren,Thomas,1979-07-21,F,USA,Nevada,Home,3,No,Website,45,0,906492.19,302164.0633333333,3,2913.5699999999997,971.19,311.13,0,0,0,1,C4: Luxury / Domestic Investors
C1391,Individual,Barbara,Campbell,1974-03-06,F,USA,Utah,Home,1,No,Website,50,0,1579627.98,394906.995,4,5374.63,1343.6575,293.9,0,0,0,3,C4: Luxury / Domestic Investors
C1392,Individual,Jose,Johnson,1990-06-05,M,USA,Colorado,Home,4,Yes,Agency,34,0,1434978.2000000002,358744.55000000005,4,4502.0599999999995,1125.515,318.74,0,0,1,3,C2: First-Time Buyers
C1393,Individual,Virginia,Miller,1981-07-09,F,Mexico,Baja California,Investment,1,No,Agency,43,1,1187799.99,296949.9975,4,4109.3,1027.325,289.05,0,1,0,2,C1: Global Investors
C1394,Individual,Debra,Hansen,1977-02-26,F,USA,Nevada,Home,4,No,Website,47,0,1325404.6,331351.15,4,3868.0,967.0,342.66,0,0,0,3,C4: Luxury / Domestic Investors
C1395,Individual,Megan,Campbell,1988-09-27,F,Canada,Alberta,Investment,4,No,Website,36,1,1497964.92,374491.23,4,5112.18,1278.045,293.02,0,1,0,2,C1: Global Investors
C1396,Individual,Steven,Foster,1971-06-02,M,Canada,Manitoba,Investment,3,Yes,Website,53,1,977070.12,325690.04,3,3227.5,1075.8333333333333,302.73,0,1,1,2,C1: Global Investors
C1397,Individual,Linda,Chavez,1983-03-10,F,USA,Nevada,Home,4,No,Website,41,0,1551369.83,387842.4575,4,4700.94,1175.235,330.01,0,0,0,3,C4: Luxury / Domestic Investors
C1398,Individual,Alexander,Jones,1966-12-13,M,USA,California,Home,5,Yes,Website,58,0,926545.71,308848.57,3,3546.24,1182.08,261.28,0,0,1,1,C4: Luxury / Domestic Investors
C1399,Individual,Lauren,Evans,1978-08-23,F,Canada,British Columbia,Home,5,No,Agency,46,1,1259614.96,314903.74,4,4244.53,1061.1325,296.76,0,0,0,2,C1: Global Investors
C1400,Individual,Maria,Jones,1991-10-24,F,UK,Northern Ireland,Home,4,No,Client,33,1,1146194.54,286548.635,4,3757.95,939.4875,305.01,0,0,0,0,C1: Global Investors
C1401,Individual,Virginia,Brooks,1999-03-24,F,USA,Virginia,Investment,1,No,Website,25,0,1223523.71,305880.9275,4,4022.25,1005.5625,304.19,0,1,0,1,C4: Luxury / Domestic Investors
C1402,Individual,Helen,Jordan,1968-09-28,F,USA,Utah,Home,3,No,Agency,56,0,1394159.93,348539.9825,4,4530.95,1132.7375,307.7,0,0,0,3,C4: Luxury / Domestic Investors
C1403,Individual,Pamela,Scott,1983-09-22,F,USA,Oregon,Home,2,No,Website,41,0,1463350.69,365837.6725,4,4842.950000000001,1210.7375000000002,302.16,0,0,0,3,C4: Luxury / Domestic Investors
C1404,Individual,Sharon,Williams,1950-07-22,F,USA,California,Home,4,No,Agency,74,0,1193678.04,298419.51,4,4097.35,1024.3375,291.33,0,0,0,1,C4: Luxury / Domestic Investors
C1405,Individual,Ryan,Williams,1955-06-08,M,USA,Oregon,Home,5,No,Agency,69,0,1306722.36,435574.11999999994,3,4314.88,1438.2933333333333,302.84,0,0,0,3,C4: Luxury / Domestic Investors
C1406,Individual,Sara,Wood,1970-09-01,F,USA,California,Home,3,No,Website,54,0,1364413.45,341103.3625,4,4606.4400000000005,1151.61,296.2,0,0,0,3,C4: Luxury / Domestic Investors
C1407,Individual,Sharon,Hansen,1956-03-22,F,USA,California,Home,1,No,Agency,68,0,1429717.09,357429.27249999996,4,4493.27,1123.3175,318.19,0,0,0,3,C4: Luxury / Domestic Investors
C1408,Company,Grandis,Co,1963-11-13,F,USA,California,Home,2,No,Agency,61,0,1345035.74,336258.935,4,4413.21,1103.3025,304.77,1,0,0,1,C3: Corporate Buyers
C1409,Individual,Katherine,Price,1957-08-01,F,USA,Oregon,Investment,2,No,Website,67,0,1072801.12,357600.37333333335,3,3353.8199999999997,1117.9399999999998,319.87,0,1,0,1,C4: Luxury / Domestic Investors
C1410,Individual,Jennifer,Edwards,1965-12-16,F,USA,Nevada,Home,2,No,Agency,59,0,1439196.49,359799.1225,4,4656.0599999999995,1164.015,309.1,0,0,0,3,C4: Luxury / Domestic Investors
C1411,Individual,Anthony,Watson,1987-04-04,M,USA,California,Home,2,No,Client,37,0,1318823.16,329705.79000000004,4,4397.97,1099.4925,299.87,0,0,0,0,C4: Luxury / Domestic Investors
C1412,Company,Optima,Co,1985-06-28,F,USA,Nevada,Home,2,No,Agency,39,0,1498125.2,374531.3,4,4634.91,1158.7275,323.23,1,0,0,3,C3: Corporate Buyers
C1413,Individual,Margaret,Rogers,1968-09-18,F,USA,California,Home,4,No,Agency,56,0,1489065.16,372266.29,4,5703.07,1425.7675,261.1,0,0,0,3,C4: Luxury / Domestic Investors
C1414,Individual,Michelle,Wright,1975-05-01,F,USA,Florida,Home,4,No,Website,49,0,1188718.7,297179.675,4,3889.34,972.335,305.64,0,0,0,1,C4: Luxury / Domestic Investors
C1415,Individual,Tyler,Murray,1959-07-14,M,USA,California,Investment,1,No,Website,65,0,748797.26,249599.08666666667,3,2638.0299999999997,879.3433333333332,283.85,0,1,0,1,C4: Luxury / Domestic Investors
C1416,Individual,Bryan,Peterson,1954-07-01,M,USA,Oregon,Home,2,No,Agency,70,0,1418066.39,472688.7966666667,3,4356.79,1452.263333333333,325.48,0,0,0,3,C4: Luxury / Domestic Investors
C1417,Individual,Dennis,Williams,1953-10-26,M,UK,Scotland,Home,5,No,Website,71,1,1023021.48,341007.16,3,3199.77,1066.59,319.72,0,0,0,2,C1: Global Investors
C1418,Individual,Kyle,Cox,1954-04-06,M,USA,Ohio,Investment,2,No,Website,70,0,1443234.89,481078.2966666667,3,4588.39,1529.4633333333334,314.54,0,1,0,3,C4: Luxury / Domestic Investors
C1419,Individual,Jason,Peterson,1971-08-08,M,Germany,Hamburg,Investment,4,Yes,Website,53,1,1143605.72,285901.43,4,3714.98,928.745,307.84,0,1,1,2,C1: Global Investors
C1420,Company,Terova,Co,1981-10-20,M,UK,Wales,Home,5,No,Website,43,1,1196856.69,299214.1725,4,3718.79,929.6975,321.84,1,0,0,2,C3: Corporate Buyers
C1421,Individual,James,Jones,1957-11-14,M,USA,Colorado,Home,1,No,Website,67,0,938557.19,312852.39666666667,3,3294.2,1098.0666666666666,284.91,0,0,0,1,C4: Luxury / Domestic Investors
C1422,Individual,Billy,Hansen,1955-01-15,M,USA,Florida,Investment,1,Yes,Website,69,0,2032565.11,508141.2775,4,6221.1900000000005,1555.2975,326.72,0,1,1,3,C4: Luxury / Domestic Investors
C1423,Individual,Jack,Brooks,1955-09-21,M,UK,Northern Ireland,Home,4,Yes,Website,69,1,1822778.36,455694.59,4,6016.389999999999,1504.0975,302.97,0,0,1,3,C1: Global Investors
C1424,Individual,Judy,Harris,1954-03-12,F,USA,Utah,Home,2,Yes,Agency,70,0,1382756.57,460918.8566666667,3,4395.44,1465.1466666666663,314.59,0,0,1,3,C4: Luxury / Domestic Investors
C1425,Individual,Raymond,Taylor,1971-12-16,M,Belgium,Flanders,Home,3,No,Website,53,1,1449563.3199999998,483187.77333333326,3,4564.92,1521.64,317.54,0,0,0,2,C1: Global Investors
C1426,Individual,Christina,Campbell,1964-05-20,F,USA,Washington,Home,2,No,Website,60,0,1709098.18,427274.545,4,6042.6,1510.65,282.84,0,0,0,3,C4: Luxury / Domestic Investors
C1427,Individual,Julia,Richardson,1955-05-10,F,Australia,Victoria,Home,5,No,Website,69,1,1378636.21,344659.0525,4,4739.79,1184.9475,290.86,0,0,0,2,C1: Global Investors
C1428,Individual,Nicole,Allen,1953-12-05,F,USA,Oregon,Home,4,Yes,Agency,71,0,1136052.54,284013.135,4,3786.61,946.6525,300.02,0,0,1,1,C4: Luxury / Domestic Investors
C1429,Individual,Jesse,Stewart,1991-10-01,M,USA,Nevada,Investment,5,No,Agency,33,0,1697550.01,424387.5025,4,5685.860000000001,1421.465,298.56,0,1,0,3,C4: Luxury / Domestic Investors
C1430,Individual,Patrick,Allen,1963-09-11,M,USA,Nevada,Home,4,No,Website,61,0,928463.2,309487.73333333334,3,3068.01,1022.67,302.63,0,0,0,1,C4: Luxury / Domestic Investors
C1431,Individual,Melissa,Griffin,1943-07-01,F,Germany,Hesse,Home,3,Yes,Website,81,1,1620159.73,405039.9325,4,5463.780000000001,1365.9450000000002,296.53,0,0,1,2,C1: Global Investors
C1432,Individual,Larry,Weaver,1951-12-26,M,USA,Utah,Home,3,No,Agency,73,0,863383.74,287794.58,3,3100.86,1033.62,278.43,0,0,0,1,C4: Luxury / Domestic Investors
C1433,Individual,Christian,Mitchell,1953-04-12,M,Germany,Hamburg,Home,4,No,Website,71,1,1358111.0699999998,452703.68999999994,3,4479.73,1493.243333333333,303.17,0,0,0,2,C1: Global Investors
C1434,Company,Terova,Co,1985-06-25,F,USA,California,Investment,5,No,Agency,39,0,1038640.05,259660.0125,4,3579.62,894.905,290.15,1,1,0,1,C3: Corporate Buyers
C1435,Individual,Zachary,Morales,1967-04-08,M,USA,Texas,Investment,2,No,Agency,57,0,903765.87,301255.29,3,2836.95,945.65,318.57,0,1,0,1,C4: Luxury / Domestic Investors
C1436,Individual,Kyle,Wright,1998-10-09,M,USA,California,Home,2,No,Website,26,0,969917.19,323305.73,3,2976.66,992.22,325.84,0,0,0,1,C4: Luxury / Domestic Investors
C1437,Individual,Gerald,Stewart,1997-04-08,M,USA,Arizona,Investment,5,No,Agency,27,0,1668948.58,417237.145,4,5329.13,1332.2825,313.17,0,1,0,3,C4: Luxury / Domestic Investors
C1438,Individual,Benjamin,Taylor,1988-08-04,M,USA,California,Home,2,Yes,Agency,36,0,1255115.0,418371.6666666667,3,3964.51,1321.503333333333,316.59,0,0,1,1,C2: First-Time Buyers
C1439,Individual,Helen,Morales,2000-10-14,F,USA,Virginia,Home,2,No,Agency,24,0,1040682.81,346894.27,3,3415.27,1138.4233333333334,304.71,0,0,0,1,C4: Luxury / Domestic Investors
C1440,Individual,Mary,Phillips,1952-07-20,F,USA,Colorado,Investment,2,No,Agency,72,0,901013.42,300337.80666666664,3,3031.59,1010.53,297.21,0,1,0,1,C4: Luxury / Domestic Investors
C1441,Individual,Helen,Campbell,1945-09-08,F,USA,California,Investment,5,No,Website,79,0,1201777.78,400592.5933333333,3,4004.52,1334.84,300.11,0,1,0,1,C4: Luxury / Domestic Investors
C1442,Individual,Timothy,Foster,2000-06-17,M,USA,Colorado,Home,2,Yes,Client,24,0,1007348.75,335782.9166666667,3,3331.87,1110.6233333333332,302.34,0,0,1,0,C2: First-Time Buyers
C1443,Individual,Betty,Hughes,1979-11-22,F,USA,Florida,Home,2,No,Website,45,0,1045348.11,348449.37000000005,3,3217.45,1072.4833333333331,324.9,0,0,0,1,C4: Luxury / Domestic Investors
C1444,Individual,Frank,Alexander,1981-06-25,M,USA,Colorado,Home,3,No,Website,43,0,1089631.7,363210.56666666665,3,3558.1499999999996,1186.05,306.24,0,0,0,1,C4: Luxury / Domestic Investors
C1445,Individual,Gregory,Hall,1988-07-26,M,USA,Florida,Home,5,No,Website,36,0,1249138.91,312284.7275,4,3907.87,976.9675,319.65,0,0,0,1,C4: Luxury / Domestic Investors
C1446,Individual,Amber,Gray,1951-12-09,F,USA,Ohio,Home,4,No,Website,73,0,1550820.49,387705.1225,4,5542.59,1385.6475,279.8,0,0,0,3,C4: Luxury / Domestic Investors
C1447,Individual,Janet,Rogers,1972-05-14,F,USA,Nevada,Investment,4,Yes,Client,52,0,1372408.9,343102.225,4,4605.48,1151.37,297.99,0,1,1,0,C4: Luxury / Domestic Investors
C1448,Individual,Henry,Ward,1959-03-15,M,Russia,Tatarstan,Home,1,No,Website,65,1,1221304.62,305326.155,4,3939.81,984.9525,309.99,0,0,0,2,C1: Global Investors
C1449,Individual,Nicole,Cox,1999-06-14,F,USA,California,Investment,5,No,Website,25,0,1110557.49,370185.83,3,3665.03,1221.6766666666665,303.01,0,1,0,1,C4: Luxury / Domestic Investors
C1450,Individual,Pamela,White,1996-04-06,F,USA,Virginia,Home,5,No,Website,28,0,1028509.6,342836.5333333333,3,3112.75,1037.5833333333333,330.42,0,0,0,1,C4: Luxury / Domestic Investors
C1451,Individual,Hannah,Turner,1983-10-19,F,USA,California,Home,1,No,Website,41,0,1529673.3199999998,382418.33,4,5039.5,1259.875,303.54,0,0,0,3,C4: Luxury / Domestic Investors
C1452,Individual,Kelly,Edwards,1993-08-05,F,Belgium,Wallonia,Home,3,No,Client,31,1,1320005.77,440001.92333333334,3,4462.98,1487.66,295.77,0,0,0,0,C1: Global Investors
C1453,Individual,Kenneth,Stone,1981-10-07,M,USA,California,Home,2,No,Agency,43,0,1145044.9,381681.6333333333,3,3731.47,1243.8233333333333,306.86,0,0,0,1,C4: Luxury / Domestic Investors
C1454,Individual,Ann,Kim,1948-05-23,F,USA,California,Investment,1,No,Client,76,0,1188825.44,396275.14666666667,3,3964.51,1321.503333333333,299.87,0,1,0,0,C4: Luxury / Domestic Investors
C1455,Individual,Christina,Nelson,1989-06-15,F,USA,Colorado,Home,3,Yes,Agency,35,0,985992.43,328664.1433333333,3,2950.28,983.4266666666668,334.2,0,0,1,1,C2: First-Time Buyers
C1456,Company,Quasar,Co,1992-06-26,F,USA,Oregon,Investment,1,Yes,Website,32,0,1598853.55,399713.3875,4,5253.52,1313.38,304.34,1,1,1,3,C3: Corporate Buyers
C1457,Individual,Julie,Foster,1949-01-27,F,USA,California,Home,3,Yes,Agency,75,0,1537205.06,384301.265,4,4908.68,1227.17,313.16,0,0,1,3,C4: Luxury / Domestic Investors
C1458,Individual,Keith,Reed,1950-09-16,M,USA,Arizona,Home,1,No,Website,74,0,917921.54,305973.8466666667,3,2937.26,979.0866666666668,312.51,0,0,0,1,C4: Luxury / Domestic Investors
C1459,Individual,Terry,Hall,1949-09-28,M,USA,Arizona,Home,5,No,Website,75,0,1556253.48,389063.37,4,5542.59,1385.6475,280.78,0,0,0,3,C4: Luxury / Domestic Investors
C1460,Individual,Pamela,Long,1972-12-05,F,UK,England,Home,1,Yes,Agency,52,1,1569390.69,392347.6725,4,5178.58,1294.645,303.05,0,0,1,2,C1: Global Investors
C1461,Individual,Gloria,Reyes,1944-01-13,F,USA,California,Home,5,No,Website,80,0,1507966.87,376991.7175,4,5178.58,1294.645,291.19,0,0,0,3,C4: Luxury / Domestic Investors
C1462,Individual,Virginia,Allen,1984-04-19,F,Germany,Hamburg,Investment,3,No,Agency,40,1,1220331.12,305082.78,4,3826.69,956.6725,318.9,0,1,0,2,C1: Global Investors
C1463,Individual,Lawrence,Ward,1943-12-28,M,USA,California,Home,2,Yes,Website,81,0,1639044.0,409761.0,4,5546.35,1386.5875,295.52,0,0,1,3,C4: Luxury / Domestic Investors
C1464,Individual,Terry,Weaver,1940-01-25,M,USA,Arizona,Home,1,No,Website,84,0,1094818.68,364939.56,3,3258.7200000000003,1086.24,335.97,0,0,0,1,C4: Luxury / Domestic Investors
C1465,Individual,Edward,Stewart,1990-07-09,M,USA,Ohio,Home,3,Yes,Website,34,0,1312191.47,437397.1566666667,3,4373.5,1457.8333333333333,300.03,0,0,1,3,C2: First-Time Buyers
C1466,Individual,Ashley,Howard,1999-08-28,F,Belgium,Flanders,Investment,2,No,Website,25,1,1387827.15,346956.7875,4,4213.08,1053.27,329.41,0,1,0,2,C1: Global Investors
C1467,Individual,Rebecca,Adams,1951-07-19,F,USA,California,Home,5,No,Client,73,0,761353.26,253784.42,3,2548.91,849.6366666666667,298.7,0,0,0,0,C4: Luxury / Domestic Investors
C1468,Individual,Jason,Martin,1940-08-24,M,Canada,Manitoba,Home,3,No,Website,84,1,1072452.07,357484.0233333334,3,3556.06,1185.3533333333332,301.58,0,0,0,2,C1: Global Investors
C1469,Individual,Keith,Richardson,1970-05-17,M,USA,Colorado,Home,1,No,Website,54,0,1512121.64,504040.5466666667,3,4616.33,1538.7766666666666,327.56,0,0,0,3,C4: Luxury / Domestic Investors
C1470,Individual,Alexander,Richardson,1940-05-27,M,USA,Colorado,Investment,3,Yes,Agency,84,0,1440682.21,480227.4033333333,3,4772.59,1590.8633333333337,301.87,0,1,1,3,C4: Luxury / Domestic Investors
C1471,Individual,Judith,Williams,1940-05-24,F,UK,Northern Ireland,Home,1,Yes,Website,84,1,1048588.76,262147.19,4,3204.26,801.0649999999999,327.25,0,0,1,2,C1: Global Investors
C1472,Individual,Paul,Flores,1991-03-23,M,USA,Washington,Home,1,No,Website,33,0,1610320.87,402580.2175,4,4948.41,1237.1025,325.42,0,0,0,3,C4: Luxury / Domestic Investors
C1473,Individual,Maria,Freeman,1974-03-14,F,USA,California,Home,2,No,Agency,50,0,1415300.74,353825.185,4,4036.92,1009.23,350.59,0,0,0,3,C4: Luxury / Domestic Investors
C1474,Individual,Kevin,Brown,1969-04-10,M,USA,Oregon,Home,3,No,Website,55,0,1563434.47,390858.6175,4,5229.2,1307.3,298.98,0,0,0,3,C4: Luxury / Domestic Investors
C1475,Individual,Raymond,Brown,1944-08-02,M,Mexico,Jalisco,Home,4,Yes,Agency,80,1,1579186.25,394796.5625,4,5148.22,1287.055,306.74,0,0,1,2,C1: Global Investors
C1476,Individual,Kevin,Jackson,2000-06-08,M,USA,Nevada,Home,1,No,Agency,24,0,1505369.42,376342.355,4,4564.9,1141.225,329.77,0,0,0,3,C4: Luxury / Domestic Investors
C1477,Company,Zynex,Co,1968-04-10,F,USA,California,Investment,1,No,Agency,56,0,1051466.92,262866.73,4,3682.83,920.7075,285.51,1,1,0,1,C3: Corporate Buyers
C1478,Individual,Emily,Reed,1958-09-12,F,Canada,British Columbia,Investment,1,No,Agency,66,1,965772.74,321924.24666666664,3,3248.69,1082.8966666666668,297.28,0,1,0,2,C1: Global Investors
C1479,Individual,Paul,Carter,1968-03-26,M,USA,California,Investment,1,No,Website,56,0,1275455.51,318863.8775,4,4074.09,1018.5225,313.07,0,1,0,1,C4: Luxury / Domestic Investors
C1480,Individual,Danielle,White,1985-04-09,F,USA,Virginia,Investment,3,No,Client,39,0,1466467.79,366616.9475,4,4881.68,1220.42,300.4,0,1,0,0,C4: Luxury / Domestic Investors
C1481,Company,Caldera,Co,1984-12-04,F,USA,Arizona,Investment,3,No,Website,40,0,1059700.88,264925.22000000003,4,3604.98,901.245,293.95,1,1,0,1,C3: Corporate Buyers
C1482,Individual,Kimberly,Murray,1953-01-24,F,USA,Oregon,Home,2,Yes,Website,71,0,1665015.1700000002,416253.7925,4,5251.29,1312.8225,317.07,0,0,1,3,C4: Luxury / Domestic Investors
C1483,Individual,Gary,Hall,1975-06-01,M,USA,Colorado,Home,3,Yes,Agency,49,0,1831769.62,457942.405,4,5945.3099999999995,1486.3275,308.1,0,0,1,3,C4: Luxury / Domestic Investors
C1484,Individual,Christina,Nelson,1971-10-09,F,USA,Colorado,Home,3,No,Client,53,0,1117191.81,279297.9525,4,3980.11,995.0275,280.69,0,0,0,0,C4: Luxury / Domestic Investors
C1485,Individual,Rachel,Scott,1984-06-26,F,USA,Washington,Investment,4,No,Website,40,0,1604885.52,401221.38,4,5400.87,1350.2175,297.15,0,1,0,3,C4: Luxury / Domestic Investors
C1486,Individual,Madison,Campbell,1996-06-14,F,UK,Wales,Home,5,Yes,Website,28,1,1019385.69,339795.23,3,3469.69,1156.5633333333333,293.8,0,0,1,2,C1: Global Investors
C1487,Individual,Sandra,Martin,1965-12-10,F,USA,New York,Home,3,No,Agency,59,0,1553533.51,388383.3775,4,5178.58,1294.645,299.99,0,0,0,3,C4: Luxury / Domestic Investors
C1488,Individual,Keith,Scott,1975-09-07,M,USA,Florida,Investment,2,No,Website,49,0,1029238.79,343079.5966666667,3,3420.5600000000004,1140.1866666666667,300.9,0,1,0,1,C4: Luxury / Domestic Investors
C1489,Individual,Gloria,Montgomery,1951-03-19,F,USA,Arizona,Home,5,No,Agency,73,0,1056549.47,352183.1566666667,3,3721.82,1240.6066666666666,283.88,0,0,0,1,C4: Luxury / Domestic Investors
C1490,Individual,Dennis,Hall,1994-11-06,M,UK,Wales,Investment,5,Yes,Client,30,1,861119.76,287039.92,3,2817.99,939.33,305.58,0,1,1,0,C1: Global Investors
C1491,Individual,Rebecca,Evans,1997-07-10,F,USA,Georgia,Home,4,No,Agency,27,0,1056750.03,264187.5075,4,3604.98,901.245,293.14,0,0,0,1,C4: Luxury / Domestic Investors
C1492,Individual,Mary,Taylor,1984-12-18,F,Germany,Bavaria,Home,2,No,Agency,40,1,1309655.49,436551.83,3,4737.9400000000005,1579.3133333333335,276.42,0,0,0,2,C1: Global Investors
C1493,Individual,Thomas,Bennett,1992-03-16,M,USA,Washington,Home,4,Yes,Agency,32,0,864605.61,288201.87,3,3111.33,1037.11,277.89,0,0,1,1,C2: First-Time Buyers
C1494,Individual,Nicholas,Cooper,1996-04-09,M,USA,New York,Home,1,No,Client,28,0,913338.07,304446.0233333333,3,2804.62,934.8733333333332,325.65,0,0,0,0,C4: Luxury / Domestic Investors
C1495,Individual,Jason,Hughes,1991-11-09,M,Denmark,Capital Region,Home,1,No,Website,33,1,2059292.68,514823.17,4,6365.889999999999,1591.4725,323.49,0,0,0,3,C1: Global Investors
C1496,Individual,Bryan,Patterson,1986-11-15,M,USA,Florida,Home,5,No,Agency,38,0,1119013.61,373004.5366666666,3,3454.6400000000003,1151.5466666666669,323.92,0,0,0,1,C4: Luxury / Domestic Investors
C1497,Individual,Samuel,Parker,1940-01-13,M,USA,California,Investment,4,No,Agency,84,0,794765.34,264921.77999999997,3,2641.98,880.66,300.82,0,1,0,1,C4: Luxury / Domestic Investors
C1498,Individual,Nicole,Carter,1967-02-03,F,Mexico,Puebla,Investment,5,No,Website,57,1,1142631.83,285657.9575,4,3559.49,889.8725000000001,321.01,0,1,0,2,C1: Global Investors
C1499,Individual,Lauren,Gray,1997-11-04,F,Russia,Saint Petersburg,Home,3,Yes,Agency,27,1,1321905.54,440635.18,3,4571.08,1523.6933333333334,289.19,0,0,1,2,C1: Global Investors
C1500,Individual,Shirley,Ward,1995-01-04,F,Australia,Victoria,Home,2,No,Agency,29,1,1020299.92,255074.98,4,3365.54,841.385,303.16,0,0,0,2,C1: Global Investors
C1501,Individual,Brenda,White,1951-12-16,F,USA,Oregon,Investment,4,No,Agency,73,0,761279.08,253759.69333333333,3,2554.28,851.4266666666667,298.04,0,1,0,1,C4: Luxury / Domestic Investors
C1502,Individual,Elizabeth,Weaver,1994-10-27,F,UK,Wales,Home,5,Yes,Website,30,1,1045772.34,261443.085,4,3644.17,911.0425,286.97,0,0,1,2,C1: Global Investors
C1503,Company,Triton,Co,1986-08-21,M,USA,Arizona,Investment,5,No,Website,38,0,1299971.48,324992.87,4,4202.29,1050.5725,309.35,1,1,0,1,C3: Corporate Buyers
C1504,Individual,Patrick,Hughes,1946-08-19,M,USA,California,Home,4,No,Website,78,0,871805.96,290601.98666666663,3,2937.26,979.0866666666668,296.81,0,0,0,1,C4: Luxury / Domestic Investors
C1505,Individual,William,Cook,1994-05-14,M,USA,Virginia,Home,3,No,Agency,30,0,1012922.06,253230.515,4,3199.69,799.9225,316.57,0,0,0,1,C4: Luxury / Domestic Investors
C1506,Individual,Larry,Price,1950-01-11,M,USA,Utah,Investment,3,No,Website,74,0,1010109.4,336703.13333333336,3,3466.39,1155.4633333333334,291.4,0,1,0,1,C4: Luxury / Domestic Investors
C1507,Individual,Joyce,Cooper,1951-03-28,F,USA,Florida,Home,3,No,Agency,73,0,1499666.44,374916.61,4,4883.66,1220.915,307.08,0,0,0,3,C4: Luxury / Domestic Investors
C1508,Individual,Benjamin,Morris,1994-12-03,M,UK,Scotland,Home,3,No,Agency,30,1,965283.79,241320.9475,4,3134.56,783.64,307.95,0,0,0,2,C1: Global Investors
C1509,Individual,Rebecca,Campbell,1946-12-16,F,USA,California,Home,3,No,Website,78,0,1821912.87,455478.2175,4,5930.35,1482.5875,307.22,0,0,0,3,C4: Luxury / Domestic Investors
C1510,Company,Altira,Co,1962-12-01,M,USA,California,Home,5,No,Agency,62,0,804243.22,268081.0733333333,3,2528.04,842.68,318.13,1,0,0,1,C3: Corporate Buyers
C1511,Individual,Ann,Hansen,1989-07-20,F,France,Provence,Home,2,Yes,Website,35,1,1093080.86,364360.2866666666,3,3457.94,1152.6466666666668,316.11,0,0,1,2,C1: Global Investors
C1512,Individual,Anna,Young,1955-06-18,F,USA,Nevada,Home,4,Yes,Client,69,0,1209056.95,302264.2375,4,4185.68,1046.42,288.86,0,0,1,0,C4: Luxury / Domestic Investors
C1513,Individual,Danielle,Morales,1995-06-08,F,USA,Florida,Home,2,No,Website,29,0,1452266.37,484088.79,3,4616.33,1538.7766666666666,314.59,0,0,0,3,C4: Luxury / Domestic Investors
C1514,Individual,Linda,Bryant,1986-12-08,F,USA,New York,Home,4,No,Website,38,0,1211908.53,403969.51,3,4158.96,1386.32,291.4,0,0,0,1,C4: Luxury / Domestic Investors
C1515,Individual,Angela,Williams,1946-10-16,F,USA,Nevada,Investment,5,No,Website,78,0,1433703.52,358425.88,4,4908.68,1227.17,292.08,0,1,0,3,C4: Luxury / Domestic Investors
C1516,Individual,Grace,Wood,1953-05-23,F,USA,Texas,Home,4,No,Website,71,0,690456.91,230152.30333333337,3,2404.38,801.46,287.17,0,0,0,1,C4: Luxury / Domestic Investors
C1517,Individual,Benjamin,Chavez,1978-02-23,M,USA,California,Investment,2,No,Agency,46,0,1328693.42,332173.355,4,4306.36,1076.59,308.54,0,1,0,1,C4: Luxury / Domestic Investors
C1518,Individual,Teresa,Rogers,1994-10-08,F,Australia,Victoria,Home,5,Yes,Agency,30,1,961942.88,240485.71999999997,4,3545.71,886.4275,271.3,0,0,1,2,C1: Global Investors
C1519,Individual,Kyle,Freeman,1972-08-19,M,USA,California,Home,1,No,Agency,52,0,1366990.13,341747.53250000003,4,4291.9400000000005,1072.985,318.5,0,0,0,1,C4: Luxury / Domestic Investors
C1520,Individual,Patrick,Griffin,1945-12-05,M,USA,Utah,Home,1,No,Website,79,0,1425469.02,356367.255,4,4751.57,1187.8925,300.0,0,0,0,3,C4: Luxury / Domestic Investors
C1521,Individual,Bryan,Foster,1973-12-25,M,USA,Nevada,Home,4,No,Agency,51,0,913579.41,304526.47,3,3096.84,1032.28,295.0,0,0,0,1,C4: Luxury / Domestic Investors
C1522,Individual,Debra,Mitchell,1964-09-14,F,USA,Washington,Home,5,No,Website,60,0,1598304.98,399576.245,4,5515.94,1378.985,289.76,0,0,0,3,C4: Luxury / Domestic Investors
C1523,Company,Horizon,Co,1981-07-22,M,Australia,Victoria,Investment,3,No,Website,43,1,1652083.92,413020.98,4,5339.51,1334.8775,309.41,1,1,0,2,C3: Corporate Buyers
C1524,Individual,Jordan,Wilson,1967-07-24,M,USA,Virginia,Home,2,No,Client,57,0,1434208.3,358552.075,4,4656.0599999999995,1164.015,308.03,0,0,0,0,C4: Luxury / Domestic Investors
C1525,Individual,Timothy,Brown,1959-08-24,M,USA,California,Home,1,No,Agency,65,0,1336757.18,445585.7266666666,3,4534.89,1511.63,294.77,0,0,0,3,C4: Luxury / Domestic Investors
C1526,Individual,Victoria,Howard,1956-08-05,F,USA,California,Home,3,No,Website,68,0,1429330.15,476443.3833333333,3,4802.74,1600.9133333333332,297.61,0,0,0,3,C4: Luxury / Domestic Investors
C1527,Individual,Martha,Thomas,1989-05-13,F,USA,California,Home,1,No,Agency,35,0,993447.06,331149.01999999996,3,3601.05,1200.35,275.88,0,0,0,1,C4: Luxury / Domestic Investors
C1528,Individual,Jennifer,Weaver,1997-09-02,F,Germany,Hamburg,Home,1,Yes,Website,27,1,1058452.68,352817.56,3,3375.51,1125.17,313.57,0,0,1,2,C1: Global Investors
C1529,Company,Helios,Co,1989-04-19,M,USA,California,Home,4,No,Website,35,0,1614522.9,403630.725,4,5403.92,1350.98,298.77,1,0,0,3,C3: Corporate Buyers
C1530,Individual,Sarah,Wright,1988-11-20,F,USA,California,Home,2,No,Website,36,0,1011087.75,337029.25,3,3323.43,1107.81,304.23,0,0,0,1,C4: Luxury / Domestic Investors
C1531,Individual,Bryan,Cox,1964-03-15,M,France,Brittany,Investment,2,No,Website,60,1,1272471.05,318117.7625,4,4261.66,1065.415,298.59,0,1,0,2,C1: Global Investors
C1532,Individual,Linda,Freeman,1998-09-26,F,USA,Texas,Home,3,Yes,Website,26,0,1446462.79,361615.6975,4,4656.0599999999995,1164.015,310.66,0,0,1,3,C2: First-Time Buyers
C1533,Individual,Anthony,Bryant,1988-10-05,M,Canada,British Columbia,Home,4,No,Agency,36,1,1019127.09,254781.7725,4,2909.06,727.265,350.33,0,0,0,2,C1: Global Investors
C1534,Individual,Sandra,Pierce,1996-06-08,F,USA,California,Home,4,Yes,Website,28,0,1195359.88,398453.2933333333,3,3910.42,1303.4733333333334,305.69,0,0,1,1,C2: First-Time Buyers
C1535,Individual,Jeremy,Stone,1994-09-03,M,UK,England,Investment,3,No,Agency,30,1,1967005.46,491751.365,4,6365.889999999999,1591.4725,308.99,0,1,0,3,C1: Global Investors
C1536,Individual,Sara,Baker,1982-06-05,F,USA,Washington,Home,3,No,Website,42,0,1076884.84,358961.61333333334,3,3151.93,1050.6433333333332,341.66,0,0,0,1,C4: Luxury / Domestic Investors
C1537,Individual,Lisa,Foster,1999-08-04,F,USA,Arizona,Home,5,No,Website,25,0,1637300.41,545766.8033333333,3,4737.9400000000005,1579.3133333333335,345.57,0,0,0,3,C4: Luxury / Domestic Investors
C1538,Individual,Jessica,Kim,1947-01-07,F,USA,California,Investment,5,No,Website,77,0,775544.78,258514.92666666667,3,2824.14,941.38,274.61,0,1,0,1,C4: Luxury / Domestic Investors
C1539,Individual,Terry,Brown,1997-05-13,M,USA,Nevada,Home,1,No,Agency,27,0,811448.36,270482.7866666667,3,2986.5299999999997,995.51,271.7,0,0,0,1,C4: Luxury / Domestic Investors
C1540,Individual,Roger,Cox,1957-12-02,M,USA,California,Home,2,Yes,Client,67,0,842510.7,280836.89999999997,3,2724.7,908.2333333333332,309.21,0,0,1,0,C4: Luxury / Domestic Investors
C1541,Individual,Carl,Adams,1964-11-20,M,USA,California,Home,2,No,Website,60,0,1173616.46,293404.115,4,3980.11,995.0275,294.87,0,0,0,1,C4: Luxury / Domestic Investors
C1542,Individual,Gary,Cook,1989-07-27,M,USA,Nevada,Home,1,Yes,Website,35,0,1261648.92,420549.64,3,4070.24,1356.746666666667,309.97,0,0,1,1,C2: First-Time Buyers
C1543,Individual,Virginia,Peterson,1955-11-10,F,USA,New York,Investment,3,No,Agency,69,0,1199490.31,399830.10333333333,3,3802.22,1267.4066666666668,315.47,0,1,0,1,C4: Luxury / Domestic Investors
C1544,Individual,Heather,Evans,1947-04-27,F,Russia,Tatarstan,Home,3,No,Website,77,1,1551623.3,517207.76666666666,3,5037.32,1679.1066666666666,308.03,0,0,0,2,C1: Global Investors
C1545,Individual,Elizabeth,Price,1992-11-23,F,USA,California,Investment,1,Yes,Website,32,0,1101811.15,367270.3833333333,3,3763.51,1254.503333333333,292.76,0,1,1,1,C2: First-Time Buyers
C1546,Individual,Sarah,Scott,1966-06-06,F,Mexico,Puebla,Home,4,Yes,Agency,58,1,1161022.51,290255.6275,4,3499.9700000000003,874.9925000000001,331.72,0,0,1,2,C1: Global Investors
C1547,Individual,Margaret,Martin,1975-04-03,F,USA,Florida,Home,2,Yes,Agency,49,0,1199337.46,299834.365,4,3989.66,997.415,300.61,0,0,1,1,C4: Luxury / Domestic Investors
C1548,Company,Telnox,Co,1967-12-26,M,USA,California,Home,2,Yes,Website,57,0,615223.03,205074.34333333335,3,2036.91,678.9699999999999,302.04,1,0,1,1,C3: Corporate Buyers
C1549,Individual,Gary,Reyes,1961-06-15,M,Mexico,Nuevo Leon,Home,4,No,Client,63,1,837044.35,279014.7833333333,3,2950.28,983.4266666666668,283.72,0,0,0,0,C1: Global Investors
C1550,Individual,Jason,Rogers,1998-10-01,M,USA,California,Home,2,No,Agency,26,0,1368767.79,342191.9475,4,4656.0599999999995,1164.015,293.98,0,0,0,1,C4: Luxury / Domestic Investors
C1551,Individual,Aaron,Howard,1991-05-17,M,USA,California,Home,2,No,Agency,33,0,1252240.69,417413.5633333333,3,4314.88,1438.2933333333333,290.21,0,0,0,1,C4: Luxury / Domestic Investors
C1552,Individual,Peter,Wilson,1947-04-20,M,USA,California,Investment,2,Yes,Agency,77,0,1356450.7000000002,339112.67500000005,4,4296.21,1074.0525,315.73,0,1,1,1,C4: Luxury / Domestic Investors
C1553,Company,Horizon,Co,1990-03-27,M,USA,Utah,Home,4,No,Agency,34,0,979536.36,326512.12,3,3116.15,1038.7166666666667,314.34,1,0,0,1,C3: Corporate Buyers
C1554,Individual,Gregory,Cox,1998-03-04,M,Germany,Bavaria,Home,1,No,Website,26,1,742034.24,247344.74666666667,3,2036.91,678.9699999999999,364.29,0,0,0,2,C1: Global Investors
C1555,Individual,Julia,Martin,1946-04-25,F,UK,England,Home,5,No,Website,78,1,1233852.38,308463.095,4,4050.23,1012.5575,304.64,0,0,0,2,C1: Global Investors
C1556,Individual,Grace,Wood,1982-11-20,F,USA,Colorado,Investment,2,No,Agency,42,0,1215734.71,303933.6775,4,4081.55,1020.3875,297.86,0,1,0,1,C4: Luxury / Domestic Investors
C1557,Individual,Joan,Griffin,1942-03-15,F,USA,New York,Home,2,Yes,Website,82,0,955054.18,318351.3933333333,3,3217.45,1072.4833333333331,296.84,0,0,1,1,C4: Luxury / Domestic Investors
C1558,Individual,Tyler,Phillips,1944-03-12,M,Mexico,Baja California,Home,4,No,Website,80,1,1482069.56,494023.1866666667,3,5041.58,1680.5266666666666,293.97,0,0,0,2,C1: Global Investors
C1559,Individual,Sara,Mitchell,1975-03-27,F,UK,England,Home,2,No,Website,49,1,1345808.87,448602.9566666667,3,4335.88,1445.2933333333333,310.39,0,0,0,2,C1: Global Investors
C1560,Individual,Christina,Hughes,1940-07-15,F,USA,California,Home,4,Yes,Client,84,0,1052677.5699999998,350892.52333333326,3,3444.13,1148.0433333333333,305.64,0,0,1,0,C4: Luxury / Domestic Investors
C1561,Individual,Jeffrey,Green,1964-04-28,M,Mexico,Nuevo Leon,Investment,5,No,Agency,60,1,1135294.51,378431.50333333336,3,3581.32,1193.7733333333333,317.0,0,1,0,2,C1: Global Investors
C1562,Individual,Maria,Morris,1987-07-05,F,USA,California,Home,4,No,Client,37,0,1179775.32,393258.44,3,3804.14,1268.0466666666669,310.13,0,0,0,0,C4: Luxury / Domestic Investors
C1563,Individual,Susan,Baker,1987-06-18,F,USA,Utah,Home,5,No,Website,37,0,979729.05,326576.35000000003,3,3272.3199999999997,1090.7733333333333,299.4,0,0,0,1,C4: Luxury / Domestic Investors
C1564,Individual,Jason,Wood,1964-11-06,M,USA,Washington,Investment,5,No,Website,60,0,1595925.43,531975.1433333333,3,4906.87,1635.6233333333332,325.24,0,1,0,3,C4: Luxury / Domestic Investors
C1565,Individual,Kenneth,Bennett,1980-08-08,M,Mexico,Jalisco,Home,4,No,Agency,44,1,1140899.22,285224.805,4,3976.29,994.0725,286.93,0,0,0,2,C1: Global Investors
C1566,Individual,Anthony,Wilson,1995-01-01,M,USA,California,Home,3,No,Website,29,0,1450240.65,362560.1625,4,4700.94,1175.235,308.5,0,0,0,3,C4: Luxury / Domestic Investors
C1567,Individual,Frank,Wilson,1977-10-11,M,USA,Georgia,Home,4,No,Client,47,0,1594452.62,398613.155,4,5107.95,1276.9875,312.15,0,0,0,0,C4: Luxury / Domestic Investors
C1568,Individual,Betty,Owens,1990-03-06,F,USA,California,Home,5,No,Website,34,0,1373808.09,457936.03,3,4071.58,1357.1933333333334,337.41,0,0,0,3,C4: Luxury / Domestic Investors
C1569,Individual,Pamela,Turner,1993-11-05,F,USA,California,Investment,1,Yes,Website,31,0,1175242.5499999998,391747.5166666666,3,3774.87,1258.29,311.33,0,1,1,1,C2: First-Time Buyers
C1570,Individual,Amanda,Williams,1963-12-27,F,USA,Ohio,Home,5,No,Website,61,0,1469638.4,367409.6,4,5334.25,1333.5625,275.51,0,0,0,3,C4: Luxury / Domestic Investors
C1571,Individual,Ethan,Morales,1978-06-03,M,USA,California,Home,2,No,Website,46,0,1243439.96,310859.99,4,4368.34,1092.085,284.65,0,0,0,1,C4: Luxury / Domestic Investors
C1572,Individual,Donald,Baker,1960-06-10,M,Australia,Queensland,Home,3,No,Agency,64,1,886149.52,221537.38,4,2993.32,748.33,296.04,0,0,0,2,C1: Global Investors
C1573,Individual,Amanda,Richardson,1946-05-07,F,USA,California,Home,1,No,Website,78,0,1175839.94,293959.985,4,4239.75,1059.9375,277.34,0,0,0,1,C4: Luxury / Domestic Investors
C1574,Individual,Gary,Morris,1984-08-14,M,USA,California,Home,4,No,Website,40,0,1195224.9,398408.3,3,3766.9,1255.6333333333334,317.3,0,0,0,1,C4: Luxury / Domestic Investors
C1575,Individual,Paul,Freeman,2000-12-19,M,USA,California,Home,2,No,Website,24,0,1395067.16,348766.79000000004,4,4634.91,1158.7275,300.99,0,0,0,3,C4: Luxury / Domestic Investors
C1576,Individual,Heather,Cook,1977-09-28,F,USA,Nevada,Investment,3,Yes,Website,47,0,1359536.24,339884.06,4,4392.67,1098.1675,309.5,0,1,1,1,C4: Luxury / Domestic Investors
C1577,Individual,Ethan,Edwards,1983-02-15,M,Germany,Bavaria,Home,3,No,Website,41,1,1427933.58,475977.86,3,4415.7,1471.9,323.38,0,0,0,2,C1: Global Investors
C1578,Individual,Mark,Turner,1996-03-12,M,USA,California,Investment,2,No,Website,28,0,765431.01,255143.67,3,2804.62,934.8733333333332,272.92,0,1,0,1,C4: Luxury / Domestic Investors
C1579,Individual,Robert,Bell,1945-10-03,M,USA,Arizona,Investment,4,No,Website,79,0,1101753.59,275438.39749999996,4,3808.21,952.0525,289.31,0,1,0,1,C4: Luxury / Domestic Investors
C1580,Individual,Jordan,Martin,1997-12-05,M,USA,Georgia,Investment,1,Yes,Website,27,0,1008834.66,252208.665,4,3488.8,872.2,289.16,0,1,1,1,C2: First-Time Buyers
C1581,Individual,James,Reyes,1950-11-08,M,USA,California,Investment,1,No,Website,74,0,1123364.22,374454.74,3,3071.7799999999997,1023.9266666666666,365.7,0,1,0,1,C4: Luxury / Domestic Investors
C1582,Individual,Harold,Baker,1955-08-20,M,France,Ile-de-France,Home,4,Yes,Client,69,1,1030269.01,343423.00333333336,3,3150.24,1050.08,327.04,0,0,1,0,C1: Global Investors
C1583,Individual,Peter,Scott,1968-01-03,M,USA,California,Home,2,No,Agency,56,0,1378030.61,344507.6525,4,4680.54,1170.135,294.42,0,0,0,3,C4: Luxury / Domestic Investors
C1584,Company,Nexus,Co,1985-08-12,M,France,Brittany,Investment,1,Yes,Website,39,1,1199226.44,399742.14666666667,3,4085.23,1361.743333333333,293.55,1,1,1,2,C3: Corporate Buyers
C1585,Individual,Kevin,Watson,1960-10-10,M,Canada,Ontario,Home,5,No,Website,64,1,1480011.91,370002.9775,4,5107.29,1276.8225,289.78,0,0,0,2,C1: Global Investors
C1586,Individual,Carolyn,Roberts,1967-01-21,F,Germany,Berlin,Home,3,No,Website,57,1,1116579.83,372193.2766666667,3,3674.04,1224.68,303.91,0,0,0,2,C1: Global Investors
C1587,Individual,Carl,Cooper,1943-12-02,M,Canada,Quebec,Investment,4,Yes,Agency,81,1,743057.13,247685.71,3,2550.74,850.2466666666668,291.31,0,1,1,2,C1: Global Investors
C1588,Individual,Patricia,Thomas,1980-10-25,F,USA,Utah,Investment,5,No,Website,44,0,957201.31,319067.10333333333,3,3313.53,1104.51,288.88,0,1,0,1,C4: Luxury / Domestic Investors
C1589,Individual,Christina,Ward,1953-08-12,F,USA,California,Investment,4,No,Agency,71,0,1380536.7000000002,460178.9000000001,3,4190.61,1396.87,329.44,0,1,0,3,C4: Luxury / Domestic Investors
C1590,Company,Elara,Co,1979-06-19,F,USA,Oregon,Home,1,No,Website,45,0,1470403.6,367600.9,4,4915.33,1228.8325,299.15,1,0,0,3,C3: Corporate Buyers
C1591,Individual,Christine,Brooks,1971-08-15,F,USA,California,Investment,4,No,Website,53,0,1676312.98,419078.245,4,5366.86,1341.715,312.35,0,1,0,3,C4: Luxury / Domestic Investors
C1592,Individual,Heather,Allen,1975-06-01,F,USA,Texas,Investment,2,Yes,Agency,49,0,878452.1900000001,219613.0475,4,2940.44,735.11,298.75,0,1,1,1,C4: Luxury / Domestic Investors
C1593,Individual,Anthony,Williams,1975-08-05,M,USA,California,Home,1,No,Website,49,0,825960.49,206490.1225,4,2664.54,666.135,309.98,0,0,0,1,C4: Luxury / Domestic Investors
C1594,Individual,Kathleen,Green,1969-10-24,F,USA,Colorado,Home,2,No,Agency,55,0,1522994.53,380748.6325,4,5039.5,1259.875,302.21,0,0,0,3,C4: Luxury / Domestic Investors
C1595,Individual,Charles,Reed,1955-08-20,M,USA,California,Home,5,No,Website,69,0,1310147.86,327536.96499999997,4,4746.09,1186.5225,276.05,0,0,0,3,C4: Luxury / Domestic Investors
C1596,Individual,Frank,Hall,1979-11-10,M,Germany,Berlin,Investment,4,No,Website,45,1,1642954.44,547651.48,3,4947.78,1649.26,332.06,0,1,0,2,C1: Global Investors
C1597,Individual,Rachel,Cox,1949-12-28,F,USA,Nevada,Investment,4,Yes,Website,75,0,1155778.2,288944.55,4,3790.99,947.7475,304.88,0,1,1,1,C4: Luxury / Domestic Investors
C1598,Individual,Angela,Adams,1940-06-23,F,USA,Georgia,Home,4,Yes,Agency,84,0,1163931.67,387977.2233333333,3,3931.19,1310.3966666666663,296.08,0,0,1,1,C4: Luxury / Domestic Investors
C1599,Individual,Stephanie,Thompson,1980-11-19,F,USA,Virginia,Investment,5,Yes,Website,44,0,1321031.17,440343.7233333333,3,4011.52,1337.1733333333334,329.31,0,1,1,3,C2: First-Time Buyers
C1600,Individual,Jennifer,Rogers,1968-02-13,F,Belgium,Wallonia,Home,5,No,Website,56,1,1237164.36,309291.09,4,3938.59,984.6475,314.11,0,0,0,2,C1: Global Investors
C1601,Individual,Tiffany,Parker,1996-08-13,F,Russia,Krasnodar Krai,Home,3,No,Website,28,1,829078.01,276359.33666666667,3,2741.01,913.67,302.47,0,0,0,2,C1: Global Investors
C1602,Individual,Harold,Turner,1986-11-01,M,USA,Nevada,Investment,4,No,Website,38,0,1676863.99,419215.9975,4,5701.12,1425.28,294.13,0,1,0,3,C4: Luxury / Domestic Investors
C1603,Individual,Hannah,Rogers,1962-09-07,F,UK,England,Home,5,No,Website,62,1,1077719.71,269429.9275,4,3904.82,976.205,276.0,0,0,0,2,C1: Global Investors
C1604,Individual,Ronald,Kim,1949-09-10,M,USA,Texas,Home,4,No,Website,75,0,1050264.24,350088.08,3,3731.47,1243.8233333333333,281.46,0,0,0,1,C4: Luxury / Domestic Investors
C1605,Individual,Joshua,Collins,1999-01-21,M,UK,England,Investment,4,Yes,Website,25,1,1170783.34,292695.835,4,3499.9700000000003,874.9925000000001,334.51,0,1,1,2,C1: Global Investors
C1606,Individual,Zachary,Howard,1965-03-20,M,USA,Washington,Home,1,Yes,Agency,59,0,917562.71,305854.23666666663,3,3100.45,1033.4833333333331,295.95,0,0,1,1,C4: Luxury / Domestic Investors
C1607,Individual,Emma,Hall,1963-03-11,F,USA,California,Home,3,No,Agency,61,0,829294.5700000001,276431.5233333334,3,2782.8199999999997,927.6066666666666,298.01,0,0,0,1,C4: Luxury / Domestic Investors
C1608,Individual,Heather,Pierce,1999-11-14,F,UK,England,Home,4,Yes,Website,25,1,1431381.65,477127.2166666666,3,4343.46,1447.82,329.55,0,0,1,2,C1: Global Investors
C1609,Individual,Justin,Reed,1964-10-02,M,USA,California,Investment,2,No,Website,60,0,804844.43,268281.4766666667,3,2701.38,900.46,297.94,0,1,0,1,C4: Luxury / Domestic Investors
C1610,Individual,Kenneth,White,1967-03-23,M,USA,California,Investment,3,No,Website,57,0,1249167.74,312291.935,4,4456.85,1114.2125,280.28,0,1,0,1,C4: Luxury / Domestic Investors
C1611,Individual,Sarah,Bryant,1975-09-02,F,USA,Nevada,Investment,4,No,Website,49,0,1072189.52,268047.38,4,3371.0,842.75,318.06,0,1,0,1,C4: Luxury / Domestic Investors
C1612,Individual,Jason,Price,1990-02-25,M,USA,California,Home,1,No,Agency,34,0,766554.56,255518.18666666668,3,2517.4300000000003,839.1433333333334,304.5,0,0,0,1,C4: Luxury / Domestic Investors
C1613,Individual,Ryan,Griffin,1998-01-08,M,Denmark,Southern Denmark,Home,2,Yes,Agency,26,1,1608368.22,402092.055,4,5602.79,1400.6975,287.07,0,0,1,2,C1: Global Investors
C1614,Individual,Julie,Williams,1968-05-16,F,USA,Utah,Investment,4,No,Website,56,0,822155.05,274051.68333333335,3,3178.04,1059.3466666666666,258.7,0,1,0,1,C4: Luxury / Domestic Investors
C1615,Individual,Jason,Mitchell,1963-08-01,M,USA,Utah,Home,5,No,Agency,61,0,857125.52,285708.50666666665,3,2711.61,903.87,316.09,0,0,0,1,C4: Luxury / Domestic Investors
C1616,Individual,Aaron,Nelson,1991-09-01,M,UK,Wales,Investment,5,Yes,Website,33,1,1344053.71,336013.4275,4,4512.51,1128.1275,297.85,0,1,1,2,C1: Global Investors
C1617,Individual,Michelle,Baker,1952-10-09,F,USA,California,Home,3,No,Website,72,0,776005.5,258668.5,3,2517.4300000000003,839.1433333333334,308.25,0,0,0,1,C4: Luxury / Domestic Investors
C1618,Individual,Linda,Price,1962-11-22,F,USA,Washington,Home,2,Yes,Website,62,0,1356655.6800000002,339163.92000000004,4,4413.21,1103.3025,307.41,0,0,1,3,C4: Luxury / Domestic Investors
C1619,Individual,Jason,Baker,1952-10-24,M,Belgium,Wallonia,Home,2,No,Website,72,1,1390206.46,347551.615,4,4656.0599999999995,1164.015,298.58,0,0,0,2,C1: Global Investors
C1620,Individual,Jacob,Morales,1944-05-07,M,USA,California,Home,1,Yes,Website,80,0,788250.3500000001,262750.1166666667,3,2937.26,979.0866666666668,268.36,0,0,1,1,C4: Luxury / Domestic Investors
C1621,Individual,Carl,Wood,1954-06-15,M,USA,Oregon,Investment,2,No,Agency,70,0,739739.97,246579.99,3,2919.27,973.09,253.4,0,1,0,1,C4: Luxury / Domestic Investors
C1622,Individual,Angela,Taylor,1961-02-01,F,USA,Oregon,Home,1,Yes,Website,63,0,1054193.36,351397.7866666666,3,3323.43,1107.81,317.2,0,0,1,1,C4: Luxury / Domestic Investors
C1623,Individual,Julia,Hall,1994-01-12,F,USA,Oregon,Home,4,No,Website,30,0,1060233.46,353411.1533333333,3,3333.89,1111.2966666666666,318.02,0,0,0,1,C4: Luxury / Domestic Investors
C1624,Individual,Jennifer,Stewart,1951-01-04,F,USA,California,Home,4,Yes,Website,73,0,1943363.94,485840.985,4,6410.68,1602.67,303.14,0,0,1,3,C4: Luxury / Domestic Investors
C1625,Individual,Harold,Wright,2000-02-03,M,Australia,Western Australia,Home,4,No,Agency,24,1,910587.85,303529.2833333333,3,3284.52,1094.84,277.24,0,0,0,2,C1: Global Investors
C1626,Individual,Jennifer,Morales,1970-02-24,F,France,Provence,Home,2,Yes,Website,54,1,1225657.22,408552.4066666667,3,4394.54,1464.8466666666666,278.9,0,0,1,2,C1: Global Investors
C1627,Individual,David,Bryant,1973-08-14,M,USA,California,Investment,1,No,Website,51,0,1275226.77,425075.59,3,4583.59,1527.8633333333337,278.22,0,1,0,1,C4: Luxury / Domestic Investors
C1628,Company,Lumina,Co,1993-10-13,F,France,Normandy,Home,4,Yes,Website,31,1,800299.08,266766.36,3,2528.19,842.73,316.55,1,0,1,2,C3: Corporate Buyers
C1629,Individual,Stephanie,Roberts,1956-08-26,F,USA,Utah,Home,5,No,Agency,68,0,789150.05,263050.01666666666,3,3024.39,1008.13,260.93,0,0,0,1,C4: Luxury / Domestic Investors
C1630,Company,Grandis,Co,1994-05-06,F,USA,Virginia,Investment,1,Yes,Website,30,0,1206881.92,402293.9733333333,3,4014.44,1338.1466666666668,300.64,1,1,1,1,C3: Corporate Buyers
C1631,Individual,Joan,Patterson,1966-03-12,F,UK,Northern Ireland,Home,5,No,Website,58,1,1683720.2,420930.05,4,5068.28,1267.07,332.21,0,0,0,2,C1: Global Investors
C1632,Individual,Victoria,Wright,1963-07-12,F,USA,California,Investment,3,Yes,Agency,61,0,1425130.6800000002,356282.67000000004,4,4611.02,1152.755,309.07,0,1,1,3,C4: Luxury / Domestic Investors
C1633,Individual,Sara,Bennett,1977-07-03,F,Canada,Ontario,Home,2,No,Website,47,1,847190.3300000001,282396.7766666667,3,2930.45,976.8166666666666,289.1,0,0,0,2,C1: Global Investors
C1634,Individual,Sara,King,1944-01-11,F,USA,Georgia,Investment,2,No,Website,80,0,1044217.01,261054.2525,4,3488.8,872.2,299.31,0,1,0,1,C4: Luxury / Domestic Investors
C1635,Individual,Lawrence,Moore,1948-04-27,M,France,Brittany,Home,1,No,Website,76,1,1104480.44,276120.11,4,3678.97,919.7425,300.21,0,0,0,2,C1: Global Investors
C1636,Company,Zynex,Co,1987-01-10,F,USA,Arizona,Home,5,Yes,Website,37,0,1171439.72,390479.9066666667,3,3925.54,1308.513333333333,298.41,1,0,1,1,C3: Corporate Buyers
C1637,Individual,Jacob,Cook,1969-02-11,M,Mexico,Nuevo Leon,Home,5,No,Agency,55,1,1333020.46,444340.1533333333,3,4575.54,1525.18,291.34,0,0,0,2,C1: Global Investors
C1638,Individual,Cynthia,Peterson,1978-12-14,F,France,Occitanie,Investment,1,Yes,Agency,46,1,1047895.71,349298.57,3,3527.05,1175.6833333333334,297.1,0,1,1,2,C1: Global Investors
C1639,Individual,Ronald,Smith,1943-09-26,M,USA,Colorado,Home,1,No,Website,81,0,1088561.44,272140.36,4,3901.69,975.4225,279.0,0,0,0,1,C4: Luxury / Domestic Investors
C1640,Individual,Helen,Adams,1966-11-04,F,USA,California,Home,1,Yes,Website,58,0,1172146.65,293036.6625,4,4191.96,1047.99,279.62,0,0,1,1,C4: Luxury / Domestic Investors
C1641,Individual,Charles,Phillips,1972-02-14,M,USA,Utah,Home,1,No,Agency,52,0,1898878.08,474719.52,4,6016.389999999999,1504.0975,315.62,0,0,0,3,C4: Luxury / Domestic Investors
C1642,Individual,Maria,Adams,1981-07-20,F,Canada,British Columbia,Home,5,No,Website,43,1,1441785.62,360446.405,4,4668.639999999999,1167.16,308.82,0,0,0,2,C1: Global Investors
C1643,Individual,Carl,Rogers,1978-01-09,M,France,Ile-de-France,Home,4,No,Agency,46,1,1182889.92,394296.64,3,4406.08,1468.6933333333334,268.47,0,0,0,2,C1: Global Investors
C1644,Individual,Megan,Freeman,1944-06-22,F,USA,California,Home,1,No,Client,80,0,1312822.17,328205.5425,4,4097.35,1024.3375,320.41,0,0,0,0,C4: Luxury / Domestic Investors
C1645,Individual,Shirley,Chavez,1995-02-08,F,Australia,New South Wales,Investment,1,No,Website,29,1,1503973.21,375993.3025,4,4952.46,1238.115,303.68,0,1,0,2,C1: Global Investors
C1646,Individual,Billy,Patterson,1998-06-10,M,USA,Washington,Investment,4,Yes,Agency,26,0,972186.46,324062.1533333333,3,3157.36,1052.4533333333334,307.91,0,1,1,1,C2: First-Time Buyers
C1647,Individual,Paul,Stone,1945-11-25,M,USA,Ohio,Home,4,Yes,Agency,79,0,1316368.95,438789.65,3,4415.7,1471.9,298.11,0,0,1,3,C4: Luxury / Domestic Investors
C1648,Individual,Julia,Wood,1949-09-21,F,Australia,New South Wales,Home,3,No,Website,75,1,1282946.7,427648.9,3,4430.83,1476.9433333333334,289.55,0,0,0,2,C1: Global Investors
C1649,Individual,Melissa,Price,1982-03-02,F,USA,Oregon,Home,4,Yes,Agency,42,0,1540887.81,385221.9525,4,5016.18,1254.045,307.18,0,0,1,3,C2: First-Time Buyers
C1650,Individual,Edward,Griffin,1969-04-01,M,USA,Washington,Investment,2,No,Website,55,0,1065238.5,355079.5,3,3173.8500000000004,1057.95,335.63,0,1,0,1,C4: Luxury / Domestic Investors
C1651,Individual,Ryan,Bell,1945-11-19,M,USA,California,Investment,4,No,Website,79,0,962066.42,320688.80666666664,3,2641.98,880.66,364.15,0,1,0,1,C4: Luxury / Domestic Investors
C1652,Individual,Paul,Weaver,1964-01-15,M,USA,Nevada,Investment,4,Yes,Client,60,0,1078933.8,359644.60000000003,3,3505.15,1168.3833333333334,307.81,0,1,1,0,C4: Luxury / Domestic Investors
C1653,Individual,Sara,White,1974-08-02,F,USA,Colorado,Investment,4,Yes,Website,50,0,957106.48,239276.62,4,3443.73,860.9325,277.93,0,1,1,1,C4: Luxury / Domestic Investors
C1654,Individual,Judith,Brooks,1968-04-05,F,USA,California,Home,1,No,Website,56,0,1250065.38,312516.34500000003,4,3806.55,951.6375,328.4,0,0,0,1,C4: Luxury / Domestic Investors
C1655,Individual,Sara,Cox,1965-05-16,F,USA,Texas,Investment,2,No,Website,59,0,974749.8,324916.60000000003,3,3265.76,1088.5866666666668,298.48,0,1,0,1,C4: Luxury / Domestic Investors
C1656,Individual,Jacob,Baker,1991-05-05,M,Belgium,Wallonia,Investment,4,Yes,Website,33,1,1401657.84,350414.46,4,4729.49,1182.3725,296.37,0,1,1,2,C1: Global Investors
C1657,Individual,Donald,Kim,1958-05-19,M,USA,California,Home,2,No,Website,66,0,1316624.69,329156.1725,4,4095.87,1023.9675,321.45,0,0,0,1,C4: Luxury / Domestic Investors
C1658,Individual,Ronald,Patterson,1970-08-07,M,USA,California,Home,5,No,Agency,54,0,1243178.6,310794.65,4,3936.48,984.12,315.81,0,0,0,1,C4: Luxury / Domestic Investors
C1659,Individual,Joshua,Thompson,1946-09-05,M,Denmark,Zealand,Home,4,No,Website,78,1,1576416.87,394104.2175,4,5229.2,1307.3,301.46,0,0,0,2,C1: Global Investors
C1660,Individual,Henry,Richardson,1940-04-27,M,USA,Nevada,Home,4,Yes,Website,84,0,1330046.48,332511.62,4,4274.28,1068.57,311.17,0,0,1,3,C4: Luxury / Domestic Investors
C1661,Individual,Ronald,Cox,1975-08-20,M,USA,Washington,Home,4,No,Agency,49,0,1511063.27,503687.75666666665,3,4798.03,1599.3433333333332,314.93,0,0,0,3,C4: Luxury / Domestic Investors
C1662,Individual,Gary,Montgomery,1967-05-16,M,Russia,Tatarstan,Home,4,No,Website,57,1,1505862.74,376465.685,4,5281.4,1320.35,285.13,0,0,0,2,C1: Global Investors
C1663,Individual,Joshua,Garcia,1977-05-13,M,USA,Colorado,Investment,3,No,Agency,47,0,926064.21,308688.07,3,3128.13,1042.71,296.04,0,1,0,1,C4: Luxury / Domestic Investors
C1664,Individual,Judith,Hayes,1969-07-25,F,France,Occitanie,Investment,5,No,Agency,55,1,1390001.73,463333.91,3,4335.88,1445.2933333333333,320.58,0,1,0,2,C1: Global Investors
C1665,Individual,Harold,Bell,1995-12-16,M,USA,Arizona,Home,5,No,Website,29,0,966971.19,241742.7975,4,3308.8,827.2,292.24,0,0,0,1,C4: Luxury / Domestic Investors
C1666,Individual,Brenda,Edwards,1962-09-08,F,USA,Ohio,Home,2,No,Website,62,0,706503.5900000001,235501.19666666668,3,2208.13,736.0433333333334,319.96,0,0,0,1,C4: Luxury / Domestic Investors
C1667,Individual,Stephanie,Cook,1967-11-14,F,USA,California,Investment,4,No,Agency,57,0,831811.52,277270.50666666665,3,2586.33,862.11,321.62,0,1,0,1,C4: Luxury / Domestic Investors
C1668,Individual,Scott,Green,1957-11-12,M,Australia,Victoria,Home,5,No,Website,67,1,1046863.21,261715.8025,4,3488.8,872.2,300.06,0,0,0,2,C1: Global Investors
C1669,Individual,Steven,Collins,1960-04-07,M,Canada,Alberta,Investment,3,Yes,Agency,64,1,948271.34,237067.835,4,3350.09,837.5225,283.06,0,1,1,2,C1: Global Investors
C1670,Individual,Angela,Watson,1970-12-09,F,USA,Colorado,Home,3,Yes,Website,54,0,1356021.03,339005.2575,4,4306.36,1076.59,314.89,0,0,1,3,C4: Luxury / Domestic Investors
C1671,Individual,Ashley,Howard,1948-09-13,F,USA,California,Home,3,No,Agency,76,0,1329236.75,332309.1875,4,4482.48,1120.62,296.54,0,0,0,1,C4: Luxury / Domestic Investors
C1672,Individual,Jacqueline,Morales,1974-04-09,F,USA,Nevada,Investment,4,No,Website,50,0,728363.1699999999,242787.7233333333,3,2669.75,889.9166666666666,272.82,0,1,0,1,C4: Luxury / Domestic Investors
C1673,Individual,Katherine,Martin,1992-03-04,F,USA,Washington,Home,1,Yes,Website,32,0,1803634.76,450908.69,4,5691.97,1422.9925,316.87,0,0,1,3,C2: First-Time Buyers
C1674,Individual,Emily,Jackson,1941-12-22,F,USA,California,Home,5,Yes,Website,83,0,1614623.53,403655.8825,4,5074.83,1268.7075,318.16,0,0,1,3,C4: Luxury / Domestic Investors
C1675,Individual,Emma,Reyes,1985-04-08,F,Canada,Alberta,Investment,5,No,Website,39,1,918037.68,306012.56,3,3038.88,1012.96,302.1,0,1,0,2,C1: Global Investors
C1676,Individual,Amy,Allen,1999-09-19,F,USA,Washington,Home,2,No,Website,25,0,1251637.0,312909.25,4,4076.49,1019.1225,307.04,0,0,0,1,C4: Luxury / Domestic Investors
C1677,Individual,Kevin,Thomas,1964-12-20,M,USA,Texas,Home,1,Yes,Website,60,0,942915.18,314305.06,3,2927.83,975.9433333333332,322.05,0,0,1,1,C4: Luxury / Domestic Investors
C1678,Individual,Gary,Sanders,1961-03-06,M,USA,California,Home,1,Yes,Agency,63,0,1377654.29,459218.0966666667,3,4951.42,1650.4733333333334,278.23,0,0,1,3,C4: Luxury / Domestic Investors
C1679,Individual,Christina,Nelson,1986-02-28,F,USA,Nevada,Investment,4,No,Website,38,0,1194618.9,398206.3,3,3804.14,1268.0466666666669,314.03,0,1,0,1,C4: Luxury / Domestic Investors
C1680,Individual,Danielle,Howard,1999-09-25,F,USA,California,Investment,4,No,Agency,25,0,665078.77,221692.92333333337,3,2076.39,692.13,320.31,0,1,0,1,C4: Luxury / Domestic Investors
C1681,Individual,Carl,Alexander,1961-07-27,M,USA,Oregon,Home,3,Yes,Client,63,0,1408304.94,352076.235,4,4627.05,1156.7625,304.36,0,0,1,0,C4: Luxury / Domestic Investors
C1682,Individual,Amanda,Brooks,1987-04-11,F,USA,Nevada,Home,2,No,Website,37,0,1469905.41,367476.3525,4,5028.37,1257.0925,292.32,0,0,0,3,C4: Luxury / Domestic Investors
C1683,Individual,Amber,Patterson,1999-11-19,F,USA,Oregon,Investment,1,No,Client,25,0,1410114.6,352528.65,4,4578.96,1144.74,307.96,0,1,0,0,C4: Luxury / Domestic Investors
C1684,Individual,Grace,Cooper,1977-07-01,F,USA,Colorado,Investment,4,No,Website,47,0,1109440.17,277360.0425,4,3533.9300000000003,883.4825000000001,313.94,0,1,0,1,C4: Luxury / Domestic Investors
C1685,Individual,Kathleen,Parker,1977-05-16,F,USA,California,Home,5,No,Agency,47,0,1109623.75,369874.5833333333,3,3823.56,1274.52,290.21,0,0,0,1,C4: Luxury / Domestic Investors
C1686,Individual,David,Howard,1977-01-25,M,USA,California,Investment,2,Yes,Agency,47,0,1214377.82,303594.455,4,4295.62,1073.905,282.7,0,1,1,1,C4: Luxury / Domestic Investors
C1687,Individual,Eric,Anderson,1967-05-15,M,USA,California,Home,4,Yes,Website,57,0,1026117.62,256529.405,4,3741.48,935.37,274.25,0,0,1,1,C4: Luxury / Domestic Investors
C1688,Individual,Amanda,Flores,1996-04-28,F,USA,Oregon,Home,5,No,Client,28,0,1314384.27,438128.09,3,3845.87,1281.9566666666667,341.77,0,0,0,0,C4: Luxury / Domestic Investors
C1689,Individual,Virginia,King,1985-01-26,F,USA,Oregon,Investment,1,Yes,Client,39,0,896100.8,298700.26666666666,3,2919.27,973.09,306.96,0,1,1,0,C2: First-Time Buyers
C1690,Individual,Terry,Martin,1951-08-18,M,Denmark,North Denmark,Home,2,Yes,Agency,73,1,1662639.06,554213.02,3,5264.81,1754.9366666666667,315.8,0,0,1,2,C1: Global Investors
C1691,Individual,Robert,Reed,1946-03-25,M,USA,Arizona,Home,5,No,Website,78,0,1212731.6,303182.9,4,3939.81,984.9525,307.81,0,0,0,1,C4: Luxury / Domestic Investors
C1692,Individual,Joseph,Patterson,1991-03-08,M,Canada,Ontario,Home,5,Yes,Agency,33,1,1165619.91,291404.97750000004,4,3939.81,984.9525,295.86,0,0,1,2,C1: Global Investors
C1693,Individual,Donald,Turner,1990-11-20,M,Belgium,Flanders,Home,1,No,Website,34,1,1557035.08,389258.77,4,5368.610000000001,1342.1525,290.03,0,0,0,2,C1: Global Investors
C1694,Individual,Gloria,Foster,1957-07-18,F,USA,Virginia,Home,5,No,Agency,67,0,1457395.73,364348.9325,4,4810.78,1202.695,302.94,0,0,0,3,C4: Luxury / Domestic Investors
C1695,Individual,Tiffany,Peterson,1955-12-13,F,Belgium,Flanders,Home,5,No,Website,69,1,975866.19,325288.73,3,3333.89,1111.2966666666666,292.71,0,0,0,2,C1: Global Investors
C1696,Individual,Emily,Jones,1987-02-20,F,USA,Florida,Home,1,No,Website,37,0,1316025.35,329006.3375,4,4368.34,1092.085,301.26,0,0,0,1,C4: Luxury / Domestic Investors
C1697,Individual,Maria,Brown,1980-08-07,F,Belgium,Brussels,Home,2,No,Client,44,1,802813.26,200703.315,4,2803.13,700.7825,286.4,0,0,0,0,C1: Global Investors
C1698,Individual,Zachary,Stone,1950-12-05,M,UK,Northern Ireland,Home,4,Yes,Website,74,1,764529.97,254843.32333333333,3,2704.88,901.6266666666668,282.65,0,0,1,2,C1: Global Investors
C1699,Individual,Peter,Phillips,1969-07-15,M,Australia,Western Australia,Home,3,Yes,Agency,55,1,1161971.24,290492.81,4,3786.61,946.6525,306.86,0,0,1,2,C1: Global Investors
C1700,Individual,Nicholas,Young,1943-11-04,M,USA,Nevada,Home,3,No,Website,81,0,1293648.37,323412.0925,4,4202.29,1050.5725,307.84,0,0,0,1,C4: Luxury / Domestic Investors
C1701,Individual,Karen,Montgomery,1982-06-27,F,USA,Arizona,Home,1,No,Website,42,0,916043.72,305347.9066666667,3,2937.26,979.0866666666668,311.87,0,0,0,1,C4: Luxury / Domestic Investors
C1702,Individual,Frank,Alexander,1990-01-04,M,USA,Washington,Investment,5,Yes,Website,34,0,1259181.49,419727.1633333334,3,4431.09,1477.03,284.17,0,1,1,1,C2: First-Time Buyers
C1703,Individual,Gerald,Cox,1999-08-13,M,USA,Texas,Investment,4,No,Agency,25,0,868665.77,289555.25666666665,3,2942.6099999999997,980.87,295.2,0,1,0,1,C4: Luxury / Domestic Investors
C1704,Individual,Susan,Flores,1963-02-15,F,Denmark,Capital Region,Home,4,No,Agency,61,1,1131490.64,377163.5466666667,3,3753.75,1251.25,301.43,0,0,0,2,C1: Global Investors
C1705,Individual,Kenneth,Howard,1979-11-23,M,USA,Virginia,Investment,3,Yes,Website,45,0,1031987.68,343995.8933333333,3,3147.92,1049.3066666666666,327.83,0,1,1,1,C4: Luxury / Domestic Investors
C1706,Individual,Matthew,Jordan,1976-05-13,M,USA,California,Home,3,Yes,Website,48,0,1417221.48,354305.37,4,4515.87,1128.9675,313.83,0,0,1,3,C4: Luxury / Domestic Investors
C1707,Individual,Adam,Allen,1973-09-19,M,USA,Georgia,Home,1,Yes,Website,51,0,770609.62,256869.87333333332,3,2699.27,899.7566666666667,285.49,0,0,1,1,C4: Luxury / Domestic Investors
C1708,Individual,Andrea,Wilson,1986-08-06,F,Germany,Hesse,Home,1,Yes,Agency,38,1,854426.52,284808.84,3,2691.9300000000003,897.3100000000001,317.4,0,0,1,2,C1: Global Investors
C1709,Individual,Danielle,Cox,1946-08-09,F,USA,Arizona,Investment,3,No,Agency,78,0,1336416.16,445472.0533333334,3,4539.51,1513.17,294.4,0,1,0,3,C4: Luxury / Domestic Investors
C1710,Individual,Joe,Flores,1957-05-26,M,Canada,Alberta,Investment,2,Yes,Website,67,1,1027918.12,342639.37333333335,3,3468.24,1156.0800000000002,296.38,0,1,1,2,C1: Global Investors
C1711,Individual,Debra,Hayes,1981-08-24,F,USA,California,Investment,3,Yes,Website,43,0,1015613.11,253903.2775,4,3347.77,836.9425,303.37,0,1,1,1,C2: First-Time Buyers
C1712,Individual,Ryan,Turner,1971-03-04,M,France,Occitanie,Home,5,No,Website,53,1,1280242.15,320060.5375,4,4408.32,1102.08,290.41,0,0,0,2,C1: Global Investors
C1713,Individual,Julia,Cook,1981-02-08,F,USA,Oregon,Home,1,No,Website,43,0,1401670.4500000002,350417.61250000005,4,4746.09,1186.5225,295.33,0,0,0,3,C4: Luxury / Domestic Investors
C1714,Individual,Nathan,Brooks,1948-07-05,M,USA,Colorado,Home,3,No,Website,76,0,1054289.58,263572.395,4,3294.65,823.6625,320.0,0,0,0,1,C4: Luxury / Domestic Investors
C1715,Individual,Hannah,Watson,1963-04-13,F,USA,Florida,Home,3,Yes,Agency,61,0,987214.18,246803.545,4,3601.56,900.39,274.11,0,0,1,1,C4: Luxury / Domestic Investors
C1716,Individual,Michelle,Montgomery,1980-10-13,F,USA,California,Home,1,No,Website,44,0,1027286.48,342428.82666666666,3,3387.5299999999997,1129.1766666666665,303.26,0,0,0,1,C4: Luxury / Domestic Investors
C1717,Individual,Martha,Thomas,1941-12-21,F,USA,California,Home,4,Yes,Website,83,0,915606.07,305202.0233333334,3,2942.6099999999997,980.87,311.15,0,0,1,1,C4: Luxury / Domestic Investors
C1718,Individual,Janet,Peterson,1995-01-06,F,USA,California,Home,1,No,Website,29,0,1362121.47,340530.3675,4,4602.96,1150.74,295.92,0,0,0,3,C4: Luxury / Domestic Investors
C1719,Company,Halcyon,Co,1960-05-10,M,USA,Florida,Home,2,No,Agency,64,0,1178759.88,392919.96,3,3791.59,1263.8633333333337,310.89,1,0,0,1,C3: Corporate Buyers
C1720,Individual,Danielle,Kim,1996-10-10,F,USA,California,Home,5,Yes,Website,28,0,1396671.77,349167.9425,4,4488.37,1122.0925,311.18,0,0,1,3,C2: First-Time Buyers
C1721,Individual,Carl,Weaver,1986-12-10,M,USA,Nevada,Home,2,No,Agency,38,0,1282729.71,320682.4275,4,4136.27,1034.0675,310.12,0,0,0,1,C4: Luxury / Domestic Investors
C1722,Individual,Jacqueline,Morris,1982-11-23,F,USA,Nevada,Home,3,No,Website,42,0,1676365.72,419091.43,4,5229.2,1307.3,320.58,0,0,0,3,C4: Luxury / Domestic Investors
C1723,Individual,Carol,Allen,1998-02-02,F,Canada,Quebec,Home,2,Yes,Agency,26,1,1084602.42,271150.605,4,3601.56,900.39,301.15,0,0,1,2,C1: Global Investors
C1724,Individual,Justin,Cook,1956-06-19,M,USA,Virginia,Home,4,No,Website,68,0,1646338.36,411584.59,4,5435.87,1358.9675,302.87,0,0,0,3,C4: Luxury / Domestic Investors
C1725,Individual,Sharon,Patterson,1959-01-12,F,USA,Nevada,Home,3,Yes,Website,65,0,1352500.23,338125.0575,4,4669.59,1167.3975,289.64,0,0,1,3,C4: Luxury / Domestic Investors
C1726,Individual,Diane,Scott,1948-08-15,F,UK,Northern Ireland,Home,3,No,Website,76,1,1141107.24,380369.08,3,3581.32,1193.7733333333333,318.63,0,0,0,2,C1: Global Investors
C1727,Individual,Katherine,Morales,1945-12-06,F,USA,New York,Home,3,No,Website,79,0,1563834.42,390958.605,4,4842.95,1210.7375,322.91,0,0,0,3,C4: Luxury / Domestic Investors
C1728,Individual,Kimberly,Garcia,1944-03-08,F,USA,Oregon,Home,3,Yes,Client,80,0,1436312.58,359078.145,4,4901.0599999999995,1225.265,293.06,0,0,1,0,C4: Luxury / Domestic Investors
C1729,Individual,Robert,Richardson,1955-06-26,M,Canada,British Columbia,Home,3,Yes,Website,69,1,956356.54,318785.51333333337,3,3272.3199999999997,1090.7733333333333,292.26,0,0,1,2,C1: Global Investors
C1730,Individual,Jeffrey,Young,1979-11-22,M,Mexico,Puebla,Investment,5,Yes,Agency,45,1,796432.48,265477.49333333335,3,2768.0699999999997,922.69,287.72,0,1,1,2,C1: Global Investors
C1731,Individual,Nathan,Garcia,1971-12-19,M,USA,California,Home,4,Yes,Website,53,0,1172220.11,293055.02749999997,4,3866.24,966.56,303.19,0,0,1,1,C4: Luxury / Domestic Investors
C1732,Individual,Megan,Wilson,1970-07-15,F,Canada,Alberta,Investment,2,No,Agency,54,1,1551003.84,517001.28,3,4963.42,1654.4733333333334,312.49,0,1,0,2,C1: Global Investors
C1733,Individual,Helen,Jones,1948-04-22,F,USA,California,Home,3,Yes,Agency,76,0,1179975.09,294993.7725,4,4039.73,1009.9325,292.09,0,0,1,1,C4: Luxury / Domestic Investors
C1734,Individual,Zachary,Roberts,1975-01-14,M,USA,California,Home,5,No,Website,49,0,1078504.94,359501.64666666667,3,3763.51,1254.503333333333,286.57,0,0,0,1,C4: Luxury / Domestic Investors
C1735,Individual,Amber,Miller,1969-10-07,F,USA,Utah,Investment,3,No,Website,55,0,1139995.98,379998.66,3,3775.2,1258.4,301.97,0,1,0,1,C4: Luxury / Domestic Investors
C1736,Individual,Ann,Cook,1989-09-21,F,USA,California,Investment,4,Yes,Website,35,0,1482243.88,370560.97,4,4488.37,1122.0925,330.24,0,1,1,3,C2: First-Time Buyers
C1737,Individual,Jennifer,Jackson,1992-12-24,F,USA,California,Investment,3,No,Website,32,0,1060946.57,353648.8566666667,3,3272.3199999999997,1090.7733333333333,324.22,0,1,0,1,C4: Luxury / Domestic Investors
C1738,Individual,Sharon,Hall,1977-02-25,F,USA,California,Home,5,No,Website,47,0,861195.69,287065.23,3,3050.29,1016.7633333333332,282.33,0,0,0,1,C4: Luxury / Domestic Investors
C1739,Individual,Steven,Smith,1985-02-25,M,Russia,Novosibirsk,Investment,3,Yes,Website,39,1,998344.48,249586.12,4,3488.8,872.2,286.16,0,1,1,2,C1: Global Investors
C1740,Individual,Ashley,Alexander,1951-09-15,F,USA,California,Home,5,Yes,Website,73,0,1439013.34,359753.33499999996,4,4656.06,1164.015,309.06,0,0,1,3,C4: Luxury / Domestic Investors
C1741,Individual,Alexander,Wright,1976-04-18,M,USA,Virginia,Home,5,No,Website,48,0,1310713.04,327678.26,4,4561.52,1140.38,287.34,0,0,0,3,C4: Luxury / Domestic Investors
C1742,Company,Crestwood,Co,1988-08-14,F,USA,California,Home,5,No,Agency,36,0,1177856.21,392618.73666666663,3,4295.37,1431.79,274.22,1,0,0,1,C3: Corporate Buyers
C1743,Individual,Linda,Bell,1946-07-26,F,Belgium,Flanders,Home,1,No,Client,78,1,839069.28,279689.76,3,2645.35,881.7833333333333,317.19,0,0,0,0,C1: Global Investors
C1744,Individual,Brian,Green,1961-11-16,M,Russia,Krasnodar Krai,Investment,1,No,Website,63,1,1320002.42,330000.605,4,4368.34,1092.085,302.17,0,1,0,2,C1: Global Investors
C1745,Individual,Ann,Sanders,1976-06-21,F,USA,California,Home,1,No,Website,48,0,1261495.5,420498.5,3,4462.98,1487.66,282.66,0,0,0,3,C4: Luxury / Domestic Investors
C1746,Individual,Jennifer,Cox,1959-06-14,F,Belgium,Flanders,Home,3,No,Website,65,1,793835.85,264611.95,3,2622.57,874.19,302.69,0,0,0,2,C1: Global Investors
C1747,Individual,Bryan,Flores,1965-02-19,M,USA,Colorado,Home,5,No,Client,59,0,1016661.44,338887.14666666667,3,3177.45,1059.15,319.96,0,0,0,0,C4: Luxury / Domestic Investors
C1748,Individual,Albert,Jones,1950-11-11,M,USA,California,Home,4,Yes,Website,74,0,1112272.46,370757.48666666663,3,3823.56,1274.52,290.9,0,0,1,1,C4: Luxury / Domestic Investors
C1749,Individual,Brandon,Moore,1956-05-27,M,USA,California,Home,3,No,Website,68,0,832665.62,277555.20666666667,3,2586.3199999999997,862.1066666666666,321.95,0,0,0,1,C4: Luxury / Domestic Investors
C1750,Company,Stratos,Co,1991-01-12,M,USA,Colorado,Home,3,No,Website,33,0,1497163.73,374290.9325,4,4600.8,1150.2,325.41,1,0,0,3,C3: Corporate Buyers
C1751,Individual,Christine,Scott,1955-02-28,F,USA,Ohio,Home,5,No,Website,69,0,873120.47,218280.1175,4,2803.13,700.7825,311.48,0,0,0,1,C4: Luxury / Domestic Investors
C1752,Individual,Jonathan,Cook,1980-02-06,M,USA,California,Investment,1,Yes,Website,44,0,1119600.47,373200.1566666667,3,3457.79,1152.5966666666666,323.79,0,1,1,1,C2: First-Time Buyers
C1753,Individual,Arthur,Peterson,1945-12-18,M,USA,Georgia,Investment,3,Yes,Website,79,0,770077.48,256692.49333333332,3,2892.8,964.2666666666668,266.2,0,1,1,1,C4: Luxury / Domestic Investors
C1754,Individual,Frank,Gray,1995-11-11,M,USA,Virginia,Home,2,Yes,Website,29,0,1361555.24,453851.74666666664,3,4415.7,1471.9,308.34,0,0,1,3,C2: First-Time Buyers
C1755,Individual,Mark,Griffin,1998-08-26,M,USA,Nevada,Home,1,Yes,Website,26,0,672116.9199999999,224038.9733333333,3,2328.73,776.2433333333333,288.62,0,0,1,1,C2: First-Time Buyers
C1756,Individual,Daniel,Cook,1990-03-21,M,USA,Utah,Home,1,No,Website,34,0,1481404.39,370351.0975,4,4584.0599999999995,1146.015,323.16,0,0,0,3,C4: Luxury / Domestic Investors
C1757,Individual,Brian,Hayes,1985-07-01,M,Germany,Bavaria,Home,3,No,Client,39,1,1125366.62,375122.2066666667,3,3546.24,1182.08,317.34,0,0,0,0,C1: Global Investors
C1758,Individual,Carl,Pierce,1985-01-14,M,USA,Oregon,Investment,4,Yes,Agency,39,0,1006481.18,251620.295,4,3204.26,801.065,314.11,0,1,1,1,C2: First-Time Buyers
C1759,Individual,Jose,Stone,1974-10-10,M,USA,California,Investment,1,No,Website,50,0,1031917.22,257979.305,4,3325.88,831.47,310.27,0,1,0,1,C4: Luxury / Domestic Investors
C1760,Individual,Mary,Harris,1975-10-07,F,Belgium,Brussels,Home,2,No,Website,49,1,1454358.32,363589.58,4,5061.53,1265.3825,287.34,0,0,0,2,C1: Global Investors
C1761,Individual,Nicholas,Thompson,1955-01-08,M,USA,Washington,Home,1,No,Website,69,0,1181772.43,295443.1075,4,3889.34,972.335,303.85,0,0,0,1,C4: Luxury / Domestic Investors
C1762,Individual,Larry,Harris,1964-01-21,M,USA,Virginia,Home,1,No,Website,60,0,1023352.22,341117.4066666667,3,3272.84,1090.9466666666667,312.68,0,0,0,1,C4: Luxury / Domestic Investors
C1763,Individual,Kimberly,Young,1954-11-26,F,USA,New York,Home,3,No,Website,70,0,1789381.67,447345.4175,4,5498.34,1374.585,325.44,0,0,0,3,C4: Luxury / Domestic Investors
C1764,Individual,Kelly,Baker,1946-11-05,F,USA,Nevada,Home,2,No,Agency,78,0,1668335.18,417083.795,4,5355.599999999999,1338.9,311.51,0,0,0,3,C4: Luxury / Domestic Investors
C1765,Individual,Pamela,Reyes,1997-05-01,F,USA,Colorado,Home,1,Yes,Client,27,0,1734167.51,433541.8775,4,6308.93,1577.2325,274.88,0,0,1,0,C2: First-Time Buyers
C1766,Individual,Sharon,Bennett,1993-05-05,F,USA,California,Home,4,No,Website,31,0,1371247.08,342811.77,4,4285.57,1071.3925,319.97,0,0,0,3,C4: Luxury / Domestic Investors
C1767,Individual,Joe,Sanders,1978-05-21,M,USA,Colorado,Home,3,No,Website,46,0,1455838.91,363959.7275,4,4493.27,1123.3175,324.0,0,0,0,3,C4: Luxury / Domestic Investors
C1768,Individual,Cynthia,Hughes,1943-03-01,F,Russia,Saint Petersburg,Home,4,No,Website,81,1,985105.21,246276.3025,4,3338.63,834.6575,295.06,0,0,0,2,C1: Global Investors
C1769,Company,Forsyte,Co,1985-10-22,M,USA,Oregon,Home,1,Yes,Client,39,0,985909.0,328636.3333333333,3,3304.65,1101.55,298.34,1,0,1,0,C3: Corporate Buyers
C1770,Individual,Betty,Parker,1945-11-17,F,USA,Washington,Home,1,Yes,Agency,79,0,1334771.42,444923.80666666664,3,4407.54,1469.18,302.84,0,0,1,3,C4: Luxury / Domestic Investors
C1771,Company,Atlas,Co,1975-06-22,M,USA,Georgia,Home,3,Yes,Client,49,0,1280895.97,426965.3233333333,3,4306.99,1435.6633333333332,297.4,1,0,1,0,C3: Corporate Buyers
C1772,Company,Forsyte,Co,1975-01-13,F,Canada,Alberta,Investment,5,Yes,Agency,49,1,1105281.92,276320.48,4,4063.47,1015.8675,272.0,1,1,1,2,C3: Corporate Buyers
C1773,Individual,Kenneth,Williams,1980-12-25,M,USA,Nevada,Investment,3,Yes,Agency,44,0,1284141.19,321035.2975,4,3938.59,984.6475,326.04,0,1,1,1,C2: First-Time Buyers
C1774,Individual,Frank,James,1984-12-26,M,USA,Oregon,Home,4,No,Agency,40,0,1169335.49,292333.8725,4,4034.65,1008.6625,289.82,0,0,0,1,C4: Luxury / Domestic Investors
C1775,Individual,Betty,Howard,1970-10-07,F,USA,California,Home,3,No,Agency,54,0,1414776.99,353694.2475,4,4411.889999999999,1102.9725,320.67,0,0,0,3,C4: Luxury / Domestic Investors
C1776,Individual,Martha,Mitchell,1973-09-01,F,France,Occitanie,Home,1,No,Website,51,1,1071718.4,357239.4666666666,3,3588.52,1196.1733333333334,298.65,0,0,0,2,C1: Global Investors
C1777,Individual,Jason,Long,1974-09-24,M,USA,California,Investment,5,No,Client,50,0,784629.95,261543.31666666665,3,2701.38,900.46,290.46,0,1,0,0,C4: Luxury / Domestic Investors
C1778,Individual,Jeffrey,Cox,1994-01-09,M,USA,Georgia,Investment,4,Yes,Website,30,0,1216664.8199999998,405554.93999999994,3,4019.19,1339.73,302.71,0,1,1,1,C2: First-Time Buyers
C1779,Individual,Sharon,Thomas,1979-04-20,F,USA,California,Home,5,No,Client,45,0,1563236.5499999998,390809.1374999999,4,5148.4,1287.1,303.64,0,0,0,0,C4: Luxury / Domestic Investors
C1780,Individual,Richard,Patterson,1956-05-18,M,USA,Utah,Investment,1,No,Website,68,0,1735557.15,433889.2875,4,5366.86,1341.715,323.38,0,1,0,3,C4: Luxury / Domestic Investors
C1781,Individual,Betty,Thomas,1968-10-08,F,USA,California,Home,4,No,Website,56,0,1383316.42,345829.105,4,4656.0599999999995,1164.015,297.1,0,0,0,3,C4: Luxury / Domestic Investors
C1782,Individual,Ann,King,1999-12-04,F,UK,England,Investment,1,No,Website,25,1,897646.55,224411.6375,4,3134.56,783.64,286.37,0,1,0,2,C1: Global Investors
C1783,Individual,Jacob,Garcia,1954-03-07,M,USA,California,Home,3,No,Website,70,0,1136482.92,284120.73,4,3535.22,883.805,321.47,0,0,0,1,C4: Luxury / Domestic Investors
C1784,Individual,Albert,Moore,1998-02-24,M,Australia,Western Australia,Home,3,No,Client,26,1,1352274.53,338068.6325,4,4427.49,1106.8725,305.43,0,0,0,0,C1: Global Investors
C1785,Individual,Lauren,Allen,1956-02-27,F,USA,Colorado,Home,1,Yes,Website,68,0,1006568.23,335522.74333333335,3,3469.69,1156.5633333333333,290.1,0,0,1,1,C4: Luxury / Domestic Investors
C1786,Individual,Adam,White,1995-03-07,M,USA,California,Home,1,No,Website,29,0,1247095.22,311773.805,4,4409.09,1102.2725,282.85,0,0,0,1,C4: Luxury / Domestic Investors
C1787,Individual,Stephen,Flores,1955-09-22,M,USA,Georgia,Investment,5,No,Agency,69,0,1289585.42,322396.355,4,4117.52,1029.38,313.19,0,1,0,1,C4: Luxury / Domestic Investors
C1788,Individual,Zachary,James,1989-10-27,M,USA,California,Home,3,No,Website,35,0,1116876.81,372292.27,3,3467.09,1155.6966666666667,322.14,0,0,0,1,C4: Luxury / Domestic Investors
C1789,Individual,Edward,Brooks,1982-07-25,M,USA,Colorado,Home,5,Yes,Agency,42,0,1359605.1,453201.7,3,4580.87,1526.9566666666667,296.8,0,0,1,3,C2: First-Time Buyers
C1790,Individual,Jacob,Hansen,1940-02-18,M,USA,Nevada,Investment,5,No,Client,84,0,1335521.08,333880.27,4,4639.87,1159.9675,287.84,0,1,0,0,C4: Luxury / Domestic Investors
C1791,Individual,Gerald,Scott,1966-04-26,M,USA,California,Home,5,No,Agency,58,0,894512.8,298170.93333333335,3,3150.24,1050.08,283.95,0,0,0,1,C4: Luxury / Domestic Investors
C1792,Individual,Terry,Pierce,1995-06-17,M,USA,California,Home,3,No,Agency,29,0,1948563.24,487140.81,4,6705.53,1676.3825,290.59,0,0,0,3,C4: Luxury / Domestic Investors
C1793,Individual,Richard,James,1969-04-05,M,USA,Utah,Investment,1,No,Website,55,0,1317525.03,329381.2575,4,4408.32,1102.08,298.87,0,1,0,1,C4: Luxury / Domestic Investors
C1794,Individual,Douglas,Chavez,1995-12-25,M,USA,Colorado,Home,3,No,Website,29,0,1378476.06,344619.015,4,4550.35,1137.5875,302.94,0,0,0,3,C4: Luxury / Domestic Investors
C1795,Individual,William,Brown,1945-12-01,M,USA,California,Home,5,Yes,Website,79,0,1058019.94,264504.985,4,3308.8,827.2,319.76,0,0,1,1,C4: Luxury / Domestic Investors
C1796,Individual,Betty,Hughes,1950-09-21,F,USA,California,Investment,5,Yes,Client,74,0,1158919.94,386306.64666666667,3,3859.45,1286.4833333333331,300.28,0,1,1,0,C4: Luxury / Domestic Investors
C1797,Individual,Katherine,Howard,1957-02-26,F,USA,Oregon,Home,3,Yes,Website,67,0,910545.92,303515.30666666664,3,3100.86,1033.62,293.64,0,0,1,1,C4: Luxury / Domestic Investors
C1798,Individual,Bryan,Peterson,1966-08-10,M,USA,Arizona,Investment,1,Yes,Website,58,0,1601121.79,400280.4475,4,5055.84,1263.96,316.69,0,1,1,3,C4: Luxury / Domestic Investors
C1799,Individual,Cheryl,Freeman,1950-01-11,F,USA,Colorado,Home,5,No,Agency,74,0,1022792.49,255698.1225,4,3294.65,823.6625,310.44,0,0,0,1,C4: Luxury / Domestic Investors
C1800,Individual,James,Campbell,1944-04-13,M,USA,Oregon,Home,1,No,Client,80,0,1120963.1,373654.3666666667,3,3904.95,1301.65,287.06,0,0,0,0,C4: Luxury / Domestic Investors
C1801,Individual,Jose,Howard,1964-02-08,M,USA,California,Home,5,Yes,Website,60,0,1473065.73,491021.91,3,4268.91,1422.97,345.07,0,0,1,3,C4: Luxury / Domestic Investors
C1802,Individual,Jack,Morris,1948-03-26,M,USA,Nevada,Investment,1,No,Client,76,0,1155979.49,288994.8725,4,4046.35,1011.5875,285.68,0,1,0,0,C4: Luxury / Domestic Investors
C1803,Individual,Susan,Bennett,1987-04-14,F,Canada,Quebec,Investment,5,No,Agency,37,1,1329728.19,443242.73,3,4331.9400000000005,1443.9800000000002,306.96,0,1,0,2,C1: Global Investors
C1804,Individual,Albert,Kim,1989-03-03,M,USA,California,Home,1,No,Website,35,0,1735376.55,433844.1375,4,6016.389999999999,1504.0975,288.44,0,0,0,3,C4: Luxury / Domestic Investors
C1805,Individual,Austin,Kim,1953-01-09,M,UK,Northern Ireland,Investment,3,No,Website,71,1,1871670.17,467917.5425,4,6797.47,1699.3675,275.35,0,1,0,3,C1: Global Investors
C1806,Individual,Martha,Turner,1967-04-13,F,Australia,New South Wales,Investment,2,No,Agency,57,1,974821.86,324940.62,3,3147.92,1049.3066666666666,309.67,0,1,0,2,C1: Global Investors
C1807,Individual,Angela,Allen,1957-02-05,F,France,Brittany,Home,5,No,Website,67,1,1520931.78,506977.26,3,4407.54,1469.18,345.07,0,0,0,2,C1: Global Investors
C1808,Individual,Victoria,Stewart,1990-01-08,F,USA,Washington,Investment,2,No,Client,34,0,1102931.4500000002,275732.86250000005,4,3957.84,989.46,278.67,0,1,0,0,C4: Luxury / Domestic Investors
C1809,Individual,Laura,White,1981-05-03,F,USA,New York,Home,4,Yes,Agency,43,0,1221253.05,305313.2625,4,4417.17,1104.2925,276.48,0,0,1,1,C2: First-Time Buyers
C1810,Individual,Maria,Collins,1945-01-06,F,USA,Texas,Home,3,No,Agency,79,0,991862.87,330620.95666666667,3,3415.27,1138.4233333333334,290.42,0,0,0,1,C4: Luxury / Domestic Investors
C1811,Individual,Stephanie,Williams,1958-02-16,F,USA,California,Home,3,Yes,Agency,66,0,1189519.9,297379.975,4,4118.92,1029.73,288.79,0,0,1,1,C4: Luxury / Domestic Investors
C1812,Individual,Ryan,White,1977-04-18,M,France,Provence,Home,5,Yes,Website,47,1,1080880.0,270220.0,4,3823.05,955.7625,282.73,0,0,1,2,C1: Global Investors
C1813,Individual,Walter,Jordan,1947-12-02,M,Germany,Hamburg,Investment,3,Yes,Website,77,1,1552316.39,388079.0975,4,5178.58,1294.645,299.76,0,1,1,2,C1: Global Investors
C1814,Individual,Scott,Roberts,1987-04-07,M,Denmark,North Denmark,Home,2,No,Website,37,1,1303261.99,325815.4975,4,4612.33,1153.0825,282.56,0,0,0,2,C1: Global Investors
C1815,Individual,Aaron,Carter,1949-03-26,M,USA,California,Home,5,No,Agency,75,0,1182628.3,295657.075,4,3768.14,942.035,313.85,0,0,0,1,C4: Luxury / Domestic Investors
C1816,Individual,Sean,Miller,1962-04-08,M,Canada,Quebec,Home,2,No,Website,62,1,1078876.87,269719.2175,4,3639.93,909.9825,296.4,0,0,0,2,C1: Global Investors
C1817,Individual,Cynthia,Garcia,1944-07-28,F,USA,Virginia,Home,1,No,Agency,80,0,1240667.65,413555.8833333333,3,4236.0599999999995,1412.0199999999998,292.88,0,0,0,1,C4: Luxury / Domestic Investors
C1818,Individual,Christine,Wood,1994-08-17,F,USA,Washington,Investment,5,Yes,Website,30,0,814797.06,271599.02,3,2554.28,851.4266666666667,318.99,0,1,1,1,C2: First-Time Buyers
C1819,Individual,William,Brown,1963-02-11,M,Russia,Krasnodar Krai,Home,1,No,Website,61,1,1067644.33,355881.44333333336,3,4019.24,1339.746666666667,265.63,0,0,0,2,C1: Global Investors
C1820,Individual,Nicholas,Howard,1979-08-21,M,France,Provence,Home,3,No,Website,45,1,970434.94,242608.735,4,3363.49,840.8725,288.52,0,0,0,2,C1: Global Investors
C1821,Individual,Adam,Smith,1944-10-22,M,USA,Nevada,Home,5,No,Website,80,0,1733692.62,433423.155,4,4979.219999999999,1244.8049999999998,348.19,0,0,0,3,C4: Luxury / Domestic Investors
C1822,Individual,Frank,Weaver,1996-02-28,M,USA,Oregon,Investment,5,Yes,Website,28,0,1388147.75,347036.9375,4,4739.24,1184.81,292.91,0,1,1,3,C2: First-Time Buyers
C1823,Individual,Jacob,Watson,1967-08-11,M,USA,Oregon,Home,4,Yes,Website,57,0,993925.86,331308.62,3,2984.48,994.8266666666668,333.03,0,0,1,1,C4: Luxury / Domestic Investors
C1824,Individual,Jeffrey,Weaver,1962-09-05,M,USA,California,Home,3,No,Website,62,0,945036.97,236259.2425,4,3431.0299999999997,857.7574999999999,275.44,0,0,0,1,C4: Luxury / Domestic Investors
C1825,Individual,Eric,Jones,1956-12-28,M,Mexico,Nuevo Leon,Home,2,No,Agency,68,1,948769.93,237192.4825,4,3210.85,802.7125,295.49,0,0,0,2,C1: Global Investors
C1826,Individual,Jack,Williams,1951-06-08,M,USA,Ohio,Home,4,No,Client,73,0,1300035.21,325008.8025,4,4638.13,1159.5325,280.29,0,0,0,0,C4: Luxury / Domestic Investors
C1827,Individual,Donald,Thompson,1973-01-02,M,USA,New York,Home,5,Yes,Website,51,0,1221529.77,305382.4425,4,3954.87,988.7175,308.87,0,0,1,1,C4: Luxury / Domestic Investors
C1828,Individual,William,Wood,1991-11-15,M,USA,California,Investment,2,Yes,Website,33,0,1199213.25,299803.3125,4,4456.85,1114.2125,269.07,0,1,1,1,C2: First-Time Buyers
C1829,Individual,Rachel,Ward,1997-07-17,F,USA,California,Home,5,Yes,Agency,27,0,1194095.83,398031.94333333336,3,4182.63,1394.21,285.49,0,0,1,1,C2: First-Time Buyers
C1830,Individual,Virginia,Owens,1959-03-20,F,USA,Arizona,Home,3,No,Website,65,0,1363309.64,454436.54666666663,3,4462.98,1487.66,305.47,0,0,0,3,C4: Luxury / Domestic Investors
C1831,Individual,Janice,Smith,1950-09-15,F,Russia,Tatarstan,Home,3,No,Website,74,1,1004720.27,251180.0675,4,3889.34,972.335,258.33,0,0,0,2,C1: Global Investors
C1832,Individual,Henry,Garcia,1987-04-21,M,USA,Oregon,Investment,1,Yes,Website,37,0,1282390.94,320597.735,4,4413.29,1103.3225,290.57,0,1,1,1,C2: First-Time Buyers
C1833,Individual,Jennifer,Weaver,1948-01-17,F,USA,Arizona,Investment,1,Yes,Website,76,0,1132086.83,377362.2766666667,3,4071.58,1357.1933333333334,278.05,0,1,1,1,C4: Luxury / Domestic Investors
C1834,Individual,Zachary,Phillips,1963-03-13,M,Belgium,Flanders,Investment,5,No,Agency,61,1,1222274.6,305568.64999999997,4,3795.34,948.835,322.05,0,1,0,2,C1: Global Investors
C1835,Individual,Nicole,Pierce,1959-10-25,F,Canada,Alberta,Investment,4,Yes,Agency,65,1,739211.6,246403.86666666667,3,2549.24,849.7466666666668,289.97,0,1,1,2,C1: Global Investors
C1836,Individual,Judy,Wood,1960-10-08,F,USA,California,Investment,1,Yes,Website,64,0,1213775.31,303443.8275,4,3835.02,958.755,316.5,0,1,1,1,C4: Luxury / Domestic Investors
C1837,Individual,Julia,Freeman,1950-04-06,F,USA,California,Home,2,Yes,Client,74,0,1507583.69,376895.9225,4,5333.11,1333.2775,282.68,0,0,1,0,C4: Luxury / Domestic Investors
C1838,Individual,Joyce,Morales,1965-01-14,F,Canada,Alberta,Investment,1,No,Agency,59,1,1266344.58,316586.145,4,4123.32,1030.83,307.12,0,1,0,2,C1: Global Investors
C1839,Individual,Kyle,Gray,1943-01-21,M,USA,California,Investment,2,No,Agency,81,0,967894.54,241973.635,4,3285.42,821.355,294.6,0,1,0,1,C4: Luxury / Domestic Investors
C1840,Individual,Gerald,Weaver,1986-06-22,M,UK,England,Investment,3,No,Website,38,1,911506.03,303835.3433333333,3,3194.2,1064.7333333333331,285.36,0,1,0,2,C1: Global Investors
C1841,Individual,Austin,Williams,1947-05-27,M,USA,New York,Home,4,No,Website,77,0,1612088.13,403022.0325,4,5498.34,1374.585,293.2,0,0,0,3,C4: Luxury / Domestic Investors
C1842,Company,Rexon,Co,1978-10-08,M,Canada,Alberta,Home,3,Yes,Agency,46,1,1252827.37,417609.12333333335,3,4222.54,1407.513333333333,296.7,1,0,1,2,C3: Corporate Buyers
C1843,Individual,Jose,Stone,1952-06-18,M,Germany,Hesse,Home,4,No,Website,72,1,1487849.65,371962.4125,4,4875.36,1218.84,305.18,0,0,0,2,C1: Global Investors
C1844,Individual,Grace,Howard,1978-07-21,F,USA,Ohio,Home,1,No,Agency,46,0,1033138.51,258284.6275,4,3351.52,837.88,308.26,0,0,0,1,C4: Luxury / Domestic Investors
C1845,Individual,Joshua,Green,1949-09-11,M,USA,California,Investment,1,Yes,Website,75,0,889124.6799999999,296374.8933333333,3,2916.16,972.0533333333332,304.9,0,1,1,1,C4: Luxury / Domestic Investors
C1846,Individual,Sara,Allen,1985-10-26,F,Russia,Novosibirsk,Home,5,Yes,Agency,39,1,886017.55,295339.18333333335,3,2942.6099999999997,980.87,301.1,0,0,1,2,C1: Global Investors
C1847,Individual,Brian,Griffin,1952-04-01,M,USA,Utah,Home,4,No,Website,72,0,1080850.85,270212.7125,4,3438.85,859.7125,314.31,0,0,0,1,C4: Luxury / Domestic Investors
C1848,Individual,Sarah,Davis,1993-07-17,F,USA,California,Home,2,No,Website,31,0,1595352.82,398838.205,4,5180.389999999999,1295.0975,307.96,0,0,0,3,C4: Luxury / Domestic Investors
C1849,Individual,Joseph,Wilson,1976-09-02,M,Canada,Alberta,Investment,3,Yes,Website,48,1,1019239.08,339746.36,3,3050.29,1016.7633333333332,334.14,0,1,1,2,C1: Global Investors
C1850,Individual,Gregory,Miller,1971-07-25,M,USA,New York,Investment,5,Yes,Agency,53,0,1380990.75,345247.6875,4,4706.74,1176.685,293.41,0,1,1,1,C4: Luxury / Domestic Investors
C1851,Individual,Kimberly,Miller,1954-06-08,F,UK,England,Home,3,Yes,Agency,70,1,1552543.97,388135.9925,4,4614.23,1153.5575,336.47,0,0,1,2,C1: Global Investors
C1852,Individual,Julie,Hall,1997-12-15,F,USA,Virginia,Home,4,No,Website,27,0,1674072.07,558024.0233333333,3,5201.04,1733.68,321.87,0,0,0,3,C4: Luxury / Domestic Investors
C1853,Individual,Jennifer,Owens,1949-02-24,F,USA,Virginia,Investment,4,No,Website,75,0,1207329.15,301832.2875,4,4050.23,1012.5575,298.09,0,1,0,1,C4: Luxury / Domestic Investors
C1854,Company,Rexon,Co,1960-03-23,M,France,Ile-de-France,Investment,1,No,Client,64,1,1387997.02,346999.255,4,4417.17,1104.2925,314.23,1,1,0,0,C3: Corporate Buyers
C1855,Individual,Gloria,Hansen,1984-02-07,F,USA,California,Home,2,Yes,Website,40,0,1117305.86,279326.46499999997,4,3498.51,874.6275,319.37,0,0,1,1,C2: First-Time Buyers
C1856,Company,Altira,Co,1994-05-24,M,USA,Virginia,Home,2,No,Website,30,0,1216231.4300000002,405410.47666666674,3,4002.3,1334.1,303.88,1,0,0,1,C3: Corporate Buyers
C1857,Individual,Walter,Johnson,1987-03-22,M,USA,California,Investment,2,Yes,Website,37,0,919814.94,306604.98,3,2797.11,932.37,328.84,0,1,1,1,C2: First-Time Buyers
C1858,Individual,Amy,Hayes,1958-06-05,F,USA,Colorado,Home,5,No,Website,66,0,1161958.29,387319.43,3,3802.76,1267.5866666666668,305.56,0,0,0,1,C4: Luxury / Domestic Investors
C1859,Individual,Zachary,Taylor,1943-11-18,M,USA,California,Home,5,Yes,Client,81,0,1087561.59,271890.3975,4,3449.12,862.28,315.32,0,0,1,0,C4: Luxury / Domestic Investors
C1860,Company,Caldera,Co,1970-07-17,F,USA,California,Home,4,Yes,Agency,54,0,1661197.49,415299.3725,4,5355.599999999999,1338.9,310.18,1,0,1,3,C3: Corporate Buyers
C1861,Individual,Nathan,Evans,1982-01-08,M,USA,California,Investment,3,Yes,Website,42,0,1475178.95,368794.7375,4,4959.610000000001,1239.9025,297.44,0,1,1,3,C2: First-Time Buyers
C1862,Individual,Joshua,Long,1953-08-22,M,USA,California,Home,1,Yes,Website,71,0,988771.17,329590.39,3,3230.07,1076.69,306.11,0,0,1,1,C4: Luxury / Domestic Investors
C1863,Individual,Megan,Hansen,1948-03-04,F,UK,Scotland,Home,3,No,Website,76,1,1281313.02,320328.255,4,4156.76,1039.19,308.25,0,0,0,2,C1: Global Investors
C1864,Individual,Hannah,Weaver,1972-04-25,F,USA,New York,Home,5,Yes,Website,52,0,1131730.6,282932.65,4,4109.3,1027.325,275.41,0,0,1,1,C4: Luxury / Domestic Investors
C1865,Individual,Sean,Rogers,1974-01-11,M,USA,Arizona,Investment,4,No,Website,50,0,1092253.24,364084.4133333334,3,3588.52,1196.1733333333334,304.37,0,1,0,1,C4: Luxury / Domestic Investors
C1866,Individual,Joyce,Martin,1971-08-23,F,USA,Nevada,Home,2,No,Agency,53,0,1620195.43,405048.8575,4,5521.04,1380.26,293.46,0,0,0,3,C4: Luxury / Domestic Investors
C1867,Individual,Robert,Richardson,1952-01-13,M,USA,California,Home,2,Yes,Website,72,0,761781.8,253927.2666666667,3,2373.1200000000003,791.0400000000001,321.0,0,0,1,1,C4: Luxury / Domestic Investors
C1868,Individual,Michelle,Thomas,1975-11-28,F,UK,Wales,Home,1,No,Website,49,1,1469394.43,367348.6075,4,4793.49,1198.3725,306.54,0,0,0,2,C1: Global Investors
C1869,Individual,Margaret,Campbell,1975-10-05,F,Mexico,Nuevo Leon,Home,5,No,Client,49,1,1335399.36,333849.84,4,4530.95,1132.7375,294.73,0,0,0,0,C1: Global Investors
C1870,Individual,Lawrence,Moore,1980-10-13,M,USA,Washington,Investment,1,No,Agency,44,0,680865.94,226955.31333333332,3,2528.04,842.68,269.33,0,1,0,1,C4: Luxury / Domestic Investors
C1871,Individual,Amy,Reyes,1961-10-18,F,USA,Texas,Home,1,Yes,Website,63,0,1096466.77,274116.6925,4,4001.66,1000.415,274.0,0,0,1,1,C4: Luxury / Domestic Investors
C1872,Individual,Raymond,Jones,1940-10-23,M,Mexico,Mexico City,Home,5,No,Client,84,1,1284121.27,428040.42333333334,3,4356.79,1452.263333333333,294.74,0,0,0,0,C1: Global Investors
C1873,Individual,Cheryl,Collins,1959-03-10,F,Canada,British Columbia,Home,5,No,Agency,65,1,841611.53,210402.8825,4,2909.06,727.265,289.31,0,0,0,2,C1: Global Investors
C1874,Individual,Justin,Cooper,1972-11-18,M,USA,Colorado,Investment,1,No,Agency,52,0,1058361.99,352787.33,3,3375.51,1125.17,313.54,0,1,0,1,C4: Luxury / Domestic Investors
C1875,Individual,Melissa,Roberts,1943-09-13,F,USA,Nevada,Home,2,No,Client,81,0,1220153.86,406717.9533333333,3,4019.19,1339.73,303.58,0,0,0,0,C4: Luxury / Domestic Investors
C1876,Company,Bravada,Co,1981-03-17,M,USA,Ohio,Investment,4,Yes,Website,43,0,1543986.34,514662.11333333334,3,4571.08,1523.6933333333334,337.77,1,1,1,3,C3: Corporate Buyers
C1877,Individual,Walter,Bryant,1961-09-16,M,USA,Arizona,Home,5,No,Agency,63,0,905899.79,301966.5966666667,3,3024.39,1008.13,299.53,0,0,0,1,C4: Luxury / Domestic Investors
C1878,Individual,Paul,Rogers,1967-10-07,M,USA,Washington,Home,5,No,Agency,57,0,958603.36,319534.4533333333,3,3292.31,1097.4366666666667,291.16,0,0,0,1,C4: Luxury / Domestic Investors
C1879,Individual,Deborah,Roberts,1977-01-23,F,USA,New York,Home,3,No,Website,47,0,1536294.68,512098.2266666666,3,4512.84,1504.28,340.43,0,0,0,3,C4: Luxury / Domestic Investors
C1880,Individual,Joan,Morales,1998-01-22,F,USA,California,Home,5,Yes,Client,26,0,1319939.53,329984.8825,4,4213.08,1053.27,313.3,0,0,1,0,C2: First-Time Buyers
C1881,Individual,Brenda,Phillips,1989-09-13,F,USA,Oregon,Home,2,Yes,Website,35,0,972731.09,324243.6966666667,3,3381.45,1127.15,287.67,0,0,1,1,C2: First-Time Buyers
C1882,Individual,Deborah,Turner,1960-03-22,F,USA,Virginia,Investment,3,No,Website,64,0,884144.1,294714.7,3,2803.3,934.4333333333334,315.39,0,1,0,1,C4: Luxury / Domestic Investors
C1883,Individual,Sean,Peterson,1941-02-11,M,USA,California,Home,1,No,Agency,83,0,1877399.32,469349.83,4,5956.44,1489.11,315.19,0,0,0,3,C4: Luxury / Domestic Investors
C1884,Individual,Terry,Bell,1954-08-06,M,USA,Nevada,Home,5,Yes,Website,70,0,930994.21,310331.4033333334,3,2992.24,997.4133333333332,311.14,0,0,1,1,C4: Luxury / Domestic Investors
C1885,Individual,Ryan,Bell,1967-10-26,M,Germany,Hamburg,Home,1,Yes,Agency,57,1,1740983.97,435245.9925,4,6256.3099999999995,1564.0775,278.28,0,0,1,2,C1: Global Investors
C1886,Individual,Maria,Richardson,1999-11-16,F,USA,California,Home,5,No,Website,25,0,774293.9299999999,258097.97666666663,3,2528.04,842.68,306.28,0,0,0,1,C4: Luxury / Domestic Investors
C1887,Individual,Emma,Campbell,1986-01-07,F,USA,Oregon,Investment,1,No,Agency,38,0,822999.76,274333.25333333336,3,2823.6299999999997,941.21,291.47,0,1,0,1,C4: Luxury / Domestic Investors
C1888,Individual,Donald,Griffin,1962-08-06,M,USA,California,Home,3,No,Website,62,0,981962.01,245490.5025,4,3283.6899999999996,820.9224999999999,299.04,0,0,0,1,C4: Luxury / Domestic Investors
C1889,Individual,Matthew,Richardson,1987-07-10,M,USA,California,Home,4,Yes,Website,37,0,1193609.3,397869.76666666666,3,3617.89,1205.9633333333334,329.92,0,0,1,1,C2: First-Time Buyers
C1890,Individual,Mark,Nelson,1954-03-12,M,Canada,Ontario,Home,4,No,Client,70,1,1209659.27,302414.8175,4,4168.6900000000005,1042.1725,290.18,0,0,0,0,C1: Global Investors
C1891,Individual,Gary,James,1972-06-02,M,USA,Oregon,Home,2,No,Agency,52,0,1466482.7999999998,366620.6999999999,4,4979.219999999999,1244.8049999999998,294.52,0,0,0,3,C4: Luxury / Domestic Investors
C1892,Individual,Nancy,Jones,1951-06-06,F,USA,Nevada,Investment,5,Yes,Agency,73,0,978638.94,326212.98,3,3100.45,1033.4833333333331,315.64,0,1,1,1,C4: Luxury / Domestic Investors
C1893,Individual,Ann,Davis,1962-12-27,F,USA,Washington,Home,1,Yes,Website,62,0,1458732.84,364683.21,4,4584.0599999999995,1146.015,318.22,0,0,1,3,C4: Luxury / Domestic Investors
C1894,Individual,Joyce,Hall,1944-03-11,F,USA,Texas,Investment,4,No,Website,80,0,1284918.37,321229.5925,4,4111.24,1027.81,312.54,0,1,0,1,C4: Luxury / Domestic Investors
C1895,Company,Caldera,Co,1969-01-07,M,USA,Nevada,Investment,4,No,Agency,55,0,1170571.86,390190.62000000005,3,3925.54,1308.513333333333,298.19,1,1,0,1,C3: Corporate Buyers
C1896,Individual,Andrew,Bryant,1955-06-17,M,USA,Virginia,Investment,3,No,Agency,69,0,1158311.0,386103.6666666667,3,3417.46,1139.1533333333334,338.94,0,1,0,1,C4: Luxury / Domestic Investors
C1897,Individual,Catherine,Rogers,1950-12-27,F,Canada,Ontario,Home,2,No,Website,74,1,1108918.34,277229.58499999996,4,3766.44,941.61,294.42,0,0,0,2,C1: Global Investors
C1898,Individual,Daniel,James,1979-01-05,M,USA,New York,Home,1,Yes,Website,45,0,1159717.54,289929.385,4,3807.28,951.82,304.61,0,0,1,1,C4: Luxury / Domestic Investors
C1899,Individual,Joe,Mitchell,1996-04-05,M,UK,England,Home,3,No,Website,28,1,1001627.28,333875.76,3,3664.15,1221.3833333333334,273.36,0,0,0,2,C1: Global Investors
C1900,Individual,Rachel,Griffin,1998-09-07,F,UK,England,Investment,4,No,Client,26,1,1185889.79,296472.4475,4,4842.950000000001,1210.7375000000002,244.87,0,1,0,0,C1: Global Investors
C1901,Individual,Justin,Stewart,1982-09-17,M,Canada,British Columbia,Home,4,No,Agency,42,1,1357680.7,339420.175,4,4605.48,1151.37,294.8,0,0,0,2,C1: Global Investors
C1902,Company,Grandis,Co,1980-11-09,M,USA,Colorado,Investment,2,No,Agency,44,0,1127600.93,281900.2325,4,3541.58,885.395,318.39,1,1,0,1,C3: Corporate Buyers
C1903,Individual,Nicole,Bennett,1991-12-01,F,USA,Nevada,Home,2,No,Website,33,0,1453139.0699999998,363284.7675,4,4770.88,1192.72,304.59,0,0,0,3,C4: Luxury / Domestic Investors
C1904,Individual,Christian,Nelson,1949-03-23,M,USA,Texas,Home,2,Yes,Website,75,0,1337265.67,334316.4175,4,4294.95,1073.7375,311.36,0,0,1,3,C4: Luxury / Domestic Investors
C1905,Individual,James,Morris,1961-02-02,M,USA,Virginia,Home,1,No,Website,63,0,1180529.35,393509.7833333334,3,4062.88,1354.2933333333333,290.56,0,0,0,1,C4: Luxury / Domestic Investors
C1906,Individual,Michelle,Adams,1955-09-15,F,USA,California,Home,2,No,Agency,69,0,1487182.67,371795.6675,4,4634.53,1158.6325,320.89,0,0,0,3,C4: Luxury / Domestic Investors
C1907,Individual,Kyle,Wright,1950-03-12,M,USA,Colorado,Home,3,No,Website,74,0,1751481.15,437870.2875,4,5396.8,1349.2,324.54,0,0,0,3,C4: Luxury / Domestic Investors
C1908,Individual,Andrea,Moore,1976-03-28,F,USA,California,Home,2,No,Website,48,0,1543714.5,385928.625,4,5297.54,1324.385,291.4,0,0,0,3,C4: Luxury / Domestic Investors
C1909,Individual,Heather,Pierce,1985-12-04,F,USA,California,Investment,2,No,Agency,39,0,1238663.76,412887.92,3,3939.48,1313.16,314.42,0,1,0,1,C4: Luxury / Domestic Investors
C1910,Company,Telnox,Co,1985-10-04,M,USA,California,Home,2,Yes,Agency,39,0,816793.9099999999,204198.4775,4,2940.44,735.11,277.78,1,0,1,1,C3: Corporate Buyers
C1911,Individual,Noah,Murray,1989-01-11,M,USA,California,Home,5,No,Agency,35,0,1195691.95,398563.98333333334,3,3804.14,1268.0466666666669,314.31,0,0,0,1,C4: Luxury / Domestic Investors
C1912,Individual,Amanda,Jackson,1954-07-26,F,USA,Utah,Investment,1,No,Website,70,0,863871.21,287957.07,3,2856.2200000000003,952.0733333333334,302.45,0,1,0,1,C4: Luxury / Domestic Investors
C1913,Individual,Gary,King,1980-11-12,M,France,Provence,Home,5,No,Website,44,1,1210353.53,302588.3825,4,3888.98,972.245,311.23,0,0,0,2,C1: Global Investors
C1914,Individual,Brenda,Gray,1993-08-24,F,UK,Scotland,Home,4,Yes,Website,31,1,1553786.78,517928.9266666667,3,4754.2,1584.7333333333331,326.82,0,0,1,2,C1: Global Investors
C1915,Individual,Angela,Williams,1964-06-09,F,USA,Arizona,Investment,4,No,Client,60,0,1015184.58,338394.86,3,3230.0699999999997,1076.6899999999998,314.29,0,1,0,0,C4: Luxury / Domestic Investors
C1916,Individual,Zachary,Weaver,1948-10-15,M,USA,California,Investment,2,No,Website,76,0,1257058.52,419019.50666666665,3,3911.33,1303.7766666666666,321.39,0,1,0,1,C4: Luxury / Domestic Investors
C1917,Individual,Angela,Montgomery,1971-09-16,F,Australia,New South Wales,Home,2,No,Client,53,1,1007433.23,251858.3075,4,3283.6899999999996,820.9224999999999,306.8,0,0,0,0,C1: Global Investors
C1918,Individual,Dorothy,Murray,1940-09-17,F,USA,California,Home,1,No,Client,84,0,1019401.51,254850.3775,4,3062.67,765.6675,332.85,0,0,0,0,C4: Luxury / Domestic Investors
C1919,Company,Vantage,Co,1968-01-19,F,USA,Nevada,Investment,1,No,Website,56,0,1083015.76,270753.94,4,3717.09,929.2725,291.36,1,1,0,1,C3: Corporate Buyers
C1920,Individual,Jonathan,Pierce,1969-10-26,M,Germany,North Rhine-Westphalia,Home,5,No,Agency,55,1,1523588.92,380897.23,4,5112.18,1278.045,298.03,0,0,0,2,C1: Global Investors
C1921,Individual,Carolyn,Adams,1956-12-24,F,France,Provence,Home,5,No,Website,68,1,980793.68,326931.2266666666,3,3268.38,1089.46,300.09,0,0,0,2,C1: Global Investors
C1922,Individual,Jessica,Garcia,1988-01-09,F,USA,California,Home,1,No,Agency,36,0,1549836.17,516612.05666666664,3,4776.37,1592.1233333333332,324.48,0,0,0,3,C4: Luxury / Domestic Investors
C1923,Individual,Sarah,Cooper,1947-03-07,F,Mexico,Jalisco,Investment,1,Yes,Client,77,1,1302917.16,325729.29,4,4561.52,1140.38,285.63,0,1,1,0,C1: Global Investors
C1924,Individual,Joe,Cooper,1958-01-03,M,USA,California,Home,3,No,Client,66,0,1453954.37,363488.5925,4,5013.23,1253.3075,290.02,0,0,0,0,C4: Luxury / Domestic Investors
C1925,Individual,Jordan,Baker,1942-01-19,M,USA,Colorado,Home,2,No,Agency,82,0,1165252.94,291313.235,4,4372.2,1093.05,266.51,0,0,0,1,C4: Luxury / Domestic Investors
C1926,Individual,Joshua,Watson,1997-11-05,M,Mexico,Puebla,Home,1,Yes,Website,27,1,1238034.03,309508.5075,4,4058.92,1014.73,305.02,0,0,1,2,C1: Global Investors
C1927,Individual,Victoria,Long,1952-11-05,F,USA,California,Investment,1,Yes,Website,72,0,1325474.94,331368.735,4,5122.75,1280.6875,258.74,0,1,1,1,C4: Luxury / Domestic Investors
C1928,Individual,Paul,Scott,1998-02-20,M,Australia,New South Wales,Home,4,Yes,Client,26,1,741930.22,247310.07333333333,3,2208.13,736.0433333333334,336.0,0,0,1,0,C1: Global Investors
C1929,Individual,Angela,Baker,1941-10-24,F,Mexico,Jalisco,Home,1,Yes,Agency,83,1,1329874.96,332468.74,4,4508.7,1127.175,294.96,0,0,1,2,C1: Global Investors
C1930,Individual,Rachel,Adams,1966-01-22,F,USA,Colorado,Investment,3,No,Agency,58,0,1184992.23,296248.0575,4,3963.95,990.9875,298.94,0,1,0,1,C4: Luxury / Domestic Investors
C1931,Individual,Melissa,Jackson,1995-05-01,F,USA,Utah,Home,5,Yes,Website,29,0,1323884.11,330971.02749999997,4,4191.96,1047.99,315.82,0,0,1,3,C2: First-Time Buyers
C1932,Individual,Dorothy,Allen,1962-05-13,F,USA,California,Investment,2,No,Website,62,0,1713149.19,428287.2975,4,5368.610000000001,1342.1525,319.1,0,1,0,3,C4: Luxury / Domestic Investors
C1933,Company,Oasis,Co,1994-04-05,F,Australia,Queensland,Home,1,No,Client,30,1,822428.05,274142.68333333335,3,2555.61,851.87,321.81,1,0,0,0,C3: Corporate Buyers
C1934,Individual,Noah,Montgomery,1978-03-25,M,France,Ile-de-France,Investment,4,Yes,Client,46,1,1719384.46,429846.115,4,5691.97,1422.9925,302.07,0,1,1,0,C1: Global Investors
C1935,Individual,Ashley,Young,1983-04-14,F,USA,Arizona,Home,5,No,Website,41,0,1205890.37,401963.4566666667,3,4071.58,1357.1933333333334,296.17,0,0,0,1,C4: Luxury / Domestic Investors
C1936,Individual,Jeffrey,Brown,1984-02-24,M,Russia,Krasnodar Krai,Home,1,Yes,Agency,40,1,965899.1,321966.3666666667,3,2976.66,992.22,324.49,0,0,1,2,C1: Global Investors
C1937,Individual,Ashley,Richardson,1961-03-16,F,USA,Arizona,Home,3,Yes,Website,63,0,1707838.06,426959.515,4,5677.28,1419.32,300.82,0,0,1,3,C4: Luxury / Domestic Investors
C1938,Individual,Peter,Anderson,1973-07-28,M,Canada,Quebec,Home,4,Yes,Website,51,1,1154671.2,384890.4,3,3617.89,1205.9633333333334,319.16,0,0,1,2,C1: Global Investors
C1939,Individual,Gloria,White,1979-06-09,F,USA,Florida,Investment,1,Yes,Agency,45,0,674304.95,224768.31666666665,3,2517.4300000000003,839.1433333333334,267.85,0,1,1,1,C4: Luxury / Domestic Investors
C1940,Individual,Barbara,Turner,1997-02-01,F,Canada,Manitoba,Home,4,No,Agency,27,1,1403901.14,350975.28500000003,4,4866.38,1216.595,288.49,0,0,0,2,C1: Global Investors
C1941,Individual,Maria,James,1943-05-20,F,USA,Nevada,Home,5,No,Client,81,0,1368615.25,342153.8125,4,4561.52,1140.38,300.03,0,0,0,0,C4: Luxury / Domestic Investors
C1942,Company,Stratos,Co,1984-11-10,F,USA,Nevada,Home,2,Yes,Agency,40,0,1133984.52,377994.84,3,3939.48,1313.16,287.85,1,0,1,1,C3: Corporate Buyers
C1943,Individual,Eric,Long,1973-01-04,M,USA,Arizona,Home,1,No,Website,51,0,967521.23,322507.07666666666,3,3128.13,1042.71,309.3,0,0,0,1,C4: Luxury / Domestic Investors
C1944,Individual,Henry,Pierce,1986-02-15,M,USA,California,Investment,1,No,Website,38,0,1971083.93,492770.9825,4,6410.68,1602.67,307.47,0,1,0,3,C4: Luxury / Domestic Investors
C1945,Individual,Sean,Johnson,1967-02-26,M,Mexico,Mexico City,Investment,3,No,Website,57,1,1112541.88,278135.47,4,3757.95,939.4875,296.05,0,1,0,2,C1: Global Investors
C1946,Individual,Mark,Bell,1955-01-15,M,USA,California,Home,1,No,Agency,69,0,1056227.37,352075.79000000004,3,3333.75,1111.25,316.83,0,0,0,1,C4: Luxury / Domestic Investors
C1947,Individual,Walter,Mitchell,1979-02-02,M,USA,Nevada,Home,3,No,Website,45,0,1247905.56,415968.52,3,3985.41,1328.47,313.12,0,0,0,3,C4: Luxury / Domestic Investors
C1948,Individual,Melissa,Harris,1955-04-01,F,USA,Arizona,Home,2,No,Agency,69,0,1530233.0,510077.6666666667,3,4583.59,1527.8633333333337,333.85,0,0,0,3,C4: Luxury / Domestic Investors
C1949,Individual,Christina,James,1955-07-20,F,USA,Colorado,Home,2,Yes,Agency,69,0,1020270.72,340090.24,3,3823.56,1274.52,266.84,0,0,1,1,C4: Luxury / Domestic Investors
C1950,Individual,Edward,Weaver,1975-03-27,M,USA,Ohio,Home,4,No,Agency,49,0,1033306.43,258326.6075,4,3733.42,933.355,276.77,0,0,0,1,C4: Luxury / Domestic Investors
C1951,Individual,Alexander,Murray,1996-09-08,M,USA,Utah,Home,1,Yes,Website,28,0,1128864.17,282216.0425,4,3889.34,972.335,290.25,0,0,1,1,C2: First-Time Buyers
C1952,Company,Optima,Co,1992-05-06,M,USA,Nevada,Home,3,No,Agency,32,0,1235262.65,411754.2166666666,3,4354.610000000001,1451.5366666666669,283.67,1,0,0,1,C3: Corporate Buyers
C1953,Individual,Donald,Miller,1972-10-16,M,Germany,Bavaria,Home,1,Yes,Website,52,1,1199064.43,299766.1075,4,3786.61,946.6525,316.66,0,0,1,2,C1: Global Investors
C1954,Individual,Judy,Roberts,1966-09-03,F,Australia,Western Australia,Investment,3,No,Website,58,1,809731.0700000001,269910.3566666667,3,2699.97,899.9899999999999,299.9,0,1,0,2,C1: Global Investors
C1955,Individual,Benjamin,Wright,1998-05-20,M,Canada,Quebec,Home,1,No,Website,26,1,1707150.06,426787.515,4,5521.04,1380.26,309.21,0,0,0,2,C1: Global Investors
C1956,Individual,Julie,Weaver,1967-08-21,F,USA,Oregon,Home,2,No,Agency,57,0,1224023.79,306005.9475,4,3682.83,920.7075,332.36,0,0,0,1,C4: Luxury / Domestic Investors
C1957,Individual,Adam,Howard,1962-09-24,M,USA,California,Home,4,Yes,Website,62,0,1318838.26,329709.565,4,4600.8,1150.2,286.65,0,0,1,3,C4: Luxury / Domestic Investors
C1958,Individual,Susan,Foster,1970-10-09,F,USA,California,Home,3,No,Website,54,0,1567012.19,391753.0475,4,5148.219999999999,1287.0549999999998,304.38,0,0,0,3,C4: Luxury / Domestic Investors
C1959,Individual,Judy,Morales,1942-02-20,F,USA,Texas,Home,1,No,Website,82,0,626084.02,208694.67333333337,3,2259.94,753.3133333333334,277.04,0,0,0,1,C4: Luxury / Domestic Investors
C1960,Individual,Dorothy,Brown,1987-08-02,F,USA,Colorado,Home,2,Yes,Website,37,0,1196488.96,398829.6533333333,3,4051.48,1350.493333333333,295.32,0,0,1,1,C2: First-Time Buyers
C1961,Individual,William,Campbell,1994-09-26,M,USA,California,Home,5,No,Agency,30,0,1289265.38,322316.345,4,4553.99,1138.4975,283.11,0,0,0,1,C4: Luxury / Domestic Investors
C1962,Individual,Kimberly,Harris,1995-08-01,F,Mexico,Puebla,Home,5,No,Agency,29,1,971475.24,323825.08,3,3324.31,1108.1033333333332,292.23,0,0,0,2,C1: Global Investors
C1963,Company,Terova,Co,1968-03-01,M,USA,Texas,Home,5,No,Website,56,0,983925.13,327975.04333333333,3,3272.3199999999997,1090.7733333333333,300.68,1,0,0,1,C3: Corporate Buyers
C1964,Individual,Kevin,Martin,1972-06-17,M,USA,Virginia,Home,5,No,Agency,52,0,1149434.67,383144.89,3,4077.72,1359.24,281.88,0,0,0,1,C4: Luxury / Domestic Investors
C1965,Individual,Sean,Wright,1997-01-09,M,USA,California,Home,4,No,Agency,27,0,1489053.39,496351.12999999995,3,4737.9400000000005,1579.3133333333335,314.28,0,0,0,3,C4: Luxury / Domestic Investors
C1966,Individual,Ronald,Howard,1964-02-10,M,Canada,British Columbia,Home,1,No,Agency,60,1,1210176.2,302544.05,4,4446.59,1111.6475,272.16,0,0,0,2,C1: Global Investors
C1967,Individual,Roger,Bryant,1957-10-09,M,USA,Oregon,Investment,4,No,Agency,67,0,747143.37,249047.79,3,2577.79,859.2633333333333,289.84,0,1,0,1,C4: Luxury / Domestic Investors
C1968,Individual,Judy,Griffin,1958-11-02,F,USA,California,Investment,3,Yes,Client,66,0,987718.99,329239.66333333333,3,3218.1800000000003,1072.7266666666667,306.92,0,1,1,0,C4: Luxury / Domestic Investors
C1969,Individual,Jesse,James,1993-06-14,M,USA,Colorado,Investment,2,Yes,Agency,31,0,1030940.43,257735.1075,4,3418.32,854.58,301.59,0,1,1,1,C2: First-Time Buyers
C1970,Individual,Raymond,Howard,1978-02-25,M,USA,Arizona,Investment,4,Yes,Website,46,0,1346312.7000000002,448770.9000000001,3,4085.23,1361.743333333333,329.56,0,1,1,3,C4: Luxury / Domestic Investors
C1971,Individual,Emma,Jordan,1976-07-18,F,USA,Virginia,Home,5,No,Website,48,0,673422.3200000001,224474.1066666667,3,2326.7,775.5666666666666,289.43,0,0,0,1,C4: Luxury / Domestic Investors
C1972,Individual,Carol,Wilson,1972-01-05,F,USA,California,Home,4,Yes,Website,52,0,943260.84,314420.27999999997,3,3232.0,1077.3333333333333,291.85,0,0,1,1,C4: Luxury / Domestic Investors
C1973,Company,Oasis,Co,1993-09-13,M,USA,Washington,Home,4,Yes,Agency,31,0,1450499.68,362624.92,4,4859.13,1214.7825,298.51,1,0,1,3,C3: Corporate Buyers
C1974,Individual,Keith,Peterson,1950-04-09,M,USA,Nevada,Home,5,Yes,Agency,74,0,968686.85,242171.7125,4,3238.63,809.6575,299.1,0,0,1,1,C4: Luxury / Domestic Investors
C1975,Individual,Dorothy,Campbell,1975-08-05,F,Belgium,Wallonia,Home,4,No,Agency,49,1,985031.21,328343.73666666663,3,3071.6400000000003,1023.88,320.69,0,0,0,2,C1: Global Investors
C1976,Individual,Albert,Wilson,1995-05-03,M,USA,Florida,Home,5,No,Client,29,0,1146120.65,286530.1625,4,4121.16,1030.29,278.11,0,0,0,0,C4: Luxury / Domestic Investors
C1977,Individual,Jason,Bennett,1994-04-07,M,USA,Virginia,Home,1,No,Website,30,0,2001430.43,500357.6075,4,6308.93,1577.2325,317.24,0,0,0,3,C4: Luxury / Domestic Investors
C1978,Company,Summit,Co,1967-02-06,F,USA,California,Investment,5,Yes,Website,57,0,1205900.67,401966.89,3,3870.26,1290.0866666666668,311.58,1,1,1,1,C3: Corporate Buyers
C1979,Individual,Brian,Richardson,1942-05-25,M,USA,Colorado,Home,3,Yes,Agency,82,0,1287568.79,321892.1975,4,4058.92,1014.73,317.22,0,0,1,1,C4: Luxury / Domestic Investors
C1980,Individual,Barbara,Green,1956-05-09,F,USA,Texas,Investment,4,No,Website,68,0,1579565.09,394891.2725,4,4915.33,1228.8325,321.35,0,1,0,3,C4: Luxury / Domestic Investors
C1981,Individual,Sarah,Flores,1992-12-09,F,Canada,Quebec,Home,5,No,Agency,32,1,1440160.68,360040.17,4,4983.74,1245.935,288.97,0,0,0,2,C1: Global Investors
C1982,Individual,Jose,Long,1947-09-05,M,USA,California,Home,4,Yes,Website,77,0,1545398.56,515132.85333333333,3,5008.04,1669.3466666666666,308.58,0,0,1,3,C4: Luxury / Domestic Investors
C1983,Individual,Ryan,Reed,1961-03-13,M,UK,Northern Ireland,Home,3,No,Website,63,1,1317304.52,329326.13,4,4281.9,1070.475,307.64,0,0,0,2,C1: Global Investors
C1984,Individual,Jesse,Watson,1956-10-18,M,USA,California,Home,4,No,Website,68,0,846287.21,282095.73666666663,3,2983.56,994.52,283.65,0,0,0,1,C4: Luxury / Domestic Investors
C1985,Individual,Gregory,Bell,1963-05-11,M,UK,Scotland,Home,1,Yes,Agency,61,1,1149379.86,287344.96499999997,4,4058.92,1014.73,283.17,0,0,1,2,C1: Global Investors
C1986,Individual,Thomas,Griffin,1977-04-23,M,USA,New York,Investment,1,No,Website,47,0,1442798.93,360699.7325,4,4614.23,1153.5575,312.68,0,1,0,3,C4: Luxury / Domestic Investors
C1987,Individual,Douglas,Davis,1986-10-18,M,Belgium,Wallonia,Investment,5,No,Website,38,1,1316082.96,329020.74,4,4416.69,1104.1725,297.98,0,1,0,2,C1: Global Investors
C1988,Individual,Henry,Thompson,1994-09-19,M,USA,California,Home,5,Yes,Website,30,0,1301018.95,325254.7375,4,3888.98,972.245,334.54,0,0,1,1,C2: First-Time Buyers
C1989,Individual,William,Montgomery,1959-11-19,M,USA,Texas,Home,3,No,Agency,65,0,1380788.86,345197.21499999997,4,4541.3,1135.325,304.05,0,0,0,3,C4: Luxury / Domestic Investors
C1990,Individual,Scott,Howard,1976-11-28,M,USA,Texas,Investment,5,No,Agency,48,0,1253745.81,417915.27,3,3910.42,1303.4733333333334,320.62,0,1,0,1,C4: Luxury / Domestic Investors
C1991,Individual,Susan,Reed,1950-07-09,F,USA,California,Home,3,No,Website,74,0,1134341.88,283585.47,4,3601.56,900.39,314.96,0,0,0,1,C4: Luxury / Domestic Investors
C1992,Individual,Rachel,Hansen,1943-01-19,F,USA,Texas,Home,3,Yes,Website,81,0,1266058.76,422019.5866666666,3,4335.24,1445.08,292.04,0,0,1,3,C4: Luxury / Domestic Investors
C1993,Individual,Douglas,Thompson,1985-06-09,M,USA,New York,Home,2,No,Website,39,0,1385369.38,461789.7933333333,3,4363.23,1454.41,317.51,0,0,0,3,C4: Luxury / Domestic Investors
C1994,Individual,Nicole,Miller,1994-07-21,F,USA,Oregon,Investment,3,Yes,Website,30,0,1257875.21,419291.73666666663,3,4363.23,1454.41,288.29,0,1,1,1,C2: First-Time Buyers
C1995,Individual,Michelle,Scott,1993-03-05,F,USA,California,Investment,4,No,Agency,31,0,1044043.64,261010.91,4,3623.01,905.7525,288.17,0,1,0,1,C4: Luxury / Domestic Investors
C1996,Individual,Samantha,Brooks,1992-06-20,F,USA,Nevada,Home,1,Yes,Website,32,0,1151831.48,287957.87,4,4109.3,1027.325,280.3,0,0,1,1,C2: First-Time Buyers
C1997,Individual,Matthew,Cox,1942-09-27,M,USA,Arizona,Home,4,Yes,Website,82,0,1101825.4,275456.35,4,3641.68,910.42,302.56,0,0,1,1,C4: Luxury / Domestic Investors
C1998,Individual,Mark,Patterson,1963-09-13,M,USA,Virginia,Home,5,Yes,Website,61,0,1023688.56,341229.52,3,3421.2,1140.4,299.22,0,0,1,1,C4: Luxury / Domestic Investors
C1999,Individual,Lawrence,Montgomery,1944-06-15,M,USA,Ohio,Home,4,Yes,Client,80,0,838587.38,279529.12666666665,3,2757.14,919.0466666666666,304.15,0,0,1,0,C4: Luxury / Domestic Investors
C2000,Individual,Amanda,James,1996-03-24,F,USA,Georgia,Home,1,Yes,Agency,28,0,913528.5,304509.5,3,3100.45,1033.4833333333331,294.64,0,0,1,1,C2: First-Time Buyers
